ReviewID,ReviewText,Sentiment
REV_1000,"Amazing experience, the battery life is incredible and design is sleek.",positive
REV_1001,Average item. Has both good aspects and some minor flaws.,neutral
REV_1002,Very poor experience. Shipping took 3 weeks and item was scratched.,negative
REV_1003,Worst purchase ever. Unresponsive support and broken features.,negative
REV_1004,Customer support helped me resolve my question in minutes. Excellent service.,positive
REV_1005,Great value for money. Very satisfied with this purchase.,positive
REV_1006,Great value for money. Very satisfied with this purchase.,positive
REV_1007,"It works fine, nothing extraordinary but does the job.",neutral
REV_1008,Hardware feels flimsy and unstable. Would not recommend to anyone.,negative
REV_1009,Waste of money. Product arrived damaged and feels cheap.,negative
REV_1010,Works perfectly out of the box. Exceeded my expectations completely.,positive
REV_1011,Item received as ordered. Satisfactory performance so far.,neutral
REV_1012,"Received item yesterday. Testing it out currently, seems acceptable.",neutral
REV_1013,"Amazing experience, the battery life is incredible and design is sleek.",positive
REV_1014,Best purchase I have made this year. Five stars all the way!,positive
REV_1015,Fast shipping and flawless performance. Will definitely buy again.,positive
REV_1016,Customer support helped me resolve my question in minutes. Excellent service.,positive
REV_1017,Defective item received. Returning immediately for a full refund.,negative
REV_1018,Absolutely love this product! Quality is outstanding and delivery was super fast.,positive
REV_1019,Fast shipping and flawless performance. Will definitely buy again.,positive
REV_1020,Worst purchase ever. Unresponsive support and broken features.,negative
REV_1021,Very impressed with the build quality and user interface. Outstanding!,positive
REV_1022,Very impressed with the build quality and user interface. Outstanding!,positive
REV_1023,Excellent customer service and top quality build. Highly recommended!,positive
REV_1024,Extremely disappointed with this item. Horrible customer support.,negative
REV_1025,Waste of money. Product arrived damaged and feels cheap.,negative
REV_1026,Absolutely love this product! Quality is outstanding and delivery was super fast.,positive
REV_1027,Does not work as advertised. Battery dies in less than an hour.,negative
REV_1028,Does not work as advertised. Battery dies in less than an hour.,negative
REV_1029,Very impressed with the build quality and user interface. Outstanding!,positive
REV_1030,Overpriced and low quality. Completely failed my expectations.,negative
REV_1031,Very impressed with the build quality and user interface. Outstanding!,positive
REV_1032,Customer support helped me resolve my question in minutes. Excellent service.,positive
REV_1033,Fair quality considering the price tag. Neither great nor bad.,neutral
REV_1034,"Decent build quality, but shipping took longer than estimated.",neutral
REV_1035,Item received as ordered. Satisfactory performance so far.,neutral
REV_1036,"Amazing experience, the battery life is incredible and design is sleek.",positive
REV_1037,Great value for money. Very satisfied with this purchase.,positive
REV_1038,Worst purchase ever. Unresponsive support and broken features.,negative
REV_1039,Excellent customer service and top quality build. Highly recommended!,positive
REV_1040,Best purchase I have made this year. Five stars all the way!,positive
REV_1041,Very poor experience. Shipping took 3 weeks and item was scratched.,negative
REV_1042,Excellent customer service and top quality build. Highly recommended!,positive
REV_1043,Item received as ordered. Satisfactory performance so far.,neutral
REV_1044,Absolutely love this product! Quality is outstanding and delivery was super fast.,positive
REV_1045,Worst purchase ever. Unresponsive support and broken features.,negative
REV_1046,Excellent customer service and top quality build. Highly recommended!,positive
REV_1047,Hardware feels flimsy and unstable. Would not recommend to anyone.,negative
REV_1048,Overpriced and low quality. Completely failed my expectations.,negative
REV_1049,Very impressed with the build quality and user interface. Outstanding!,positive
REV_1050,"Standard performance, matches the basic product description provided.",neutral
REV_1051,Product overheating constantly. Very frustrating and disappointing.,negative
REV_1052,"Functions as stated, but instructions could be clearer.",neutral
REV_1053,"Decent build quality, but shipping took longer than estimated.",neutral
REV_1054,Defective item received. Returning immediately for a full refund.,negative
REV_1055,Average item. Has both good aspects and some minor flaws.,neutral
REV_1056,Great value for money. Very satisfied with this purchase.,positive
REV_1057,"Amazing experience, the battery life is incredible and design is sleek.",positive
REV_1058,Works perfectly out of the box. Exceeded my expectations completely.,positive
REV_1059,Absolutely love this product! Quality is outstanding and delivery was super fast.,positive
REV_1060,Fast shipping and flawless performance. Will definitely buy again.,positive
REV_1061,"Amazing experience, the battery life is incredible and design is sleek.",positive
REV_1062,"It works fine, nothing extraordinary but does the job.",neutral
REV_1063,Customer support helped me resolve my question in minutes. Excellent service.,positive
REV_1064,"Super intuitive to use, lightweight and durable. Fantastic quality.",positive
REV_1065,Hardware feels flimsy and unstable. Would not recommend to anyone.,negative
REV_1066,Absolutely love this product! Quality is outstanding and delivery was super fast.,positive
REV_1067,"Functions as stated, but instructions could be clearer.",neutral
REV_1068,Excellent customer service and top quality build. Highly recommended!,positive
REV_1069,"Received item yesterday. Testing it out currently, seems acceptable.",neutral
REV_1070,Very poor experience. Shipping took 3 weeks and item was scratched.,negative
REV_1071,Fast shipping and flawless performance. Will definitely buy again.,positive
REV_1072,Fast shipping and flawless performance. Will definitely buy again.,positive
REV_1073,Fair quality considering the price tag. Neither great nor bad.,neutral
REV_1074,Hardware feels flimsy and unstable. Would not recommend to anyone.,negative
REV_1075,Defective item received. Returning immediately for a full refund.,negative
REV_1076,Defective item received. Returning immediately for a full refund.,negative
REV_1077,Very impressed with the build quality and user interface. Outstanding!,positive
REV_1078,Best purchase I have made this year. Five stars all the way!,positive
REV_1079,Excellent customer service and top quality build. Highly recommended!,positive
REV_1080,"Decent build quality, but shipping took longer than estimated.",neutral
REV_1081,Very poor experience. Shipping took 3 weeks and item was scratched.,negative
REV_1082,Great value for money. Very satisfied with this purchase.,positive
REV_1083,Excellent customer service and top quality build. Highly recommended!,positive
REV_1084,Works perfectly out of the box. Exceeded my expectations completely.,positive
REV_1085,"Super intuitive to use, lightweight and durable. Fantastic quality.",positive
REV_1086,Worst purchase ever. Unresponsive support and broken features.,negative
REV_1087,Defective item received. Returning immediately for a full refund.,negative
REV_1088,"Received item yesterday. Testing it out currently, seems acceptable.",neutral
REV_1089,Terrible quality. Stopped working after just two days of normal use.,negative
REV_1090,Fast shipping and flawless performance. Will definitely buy again.,positive
REV_1091,Waste of money. Product arrived damaged and feels cheap.,negative
REV_1092,Defective item received. Returning immediately for a full refund.,negative
REV_1093,Waste of money. Product arrived damaged and feels cheap.,negative
REV_1094,Hardware feels flimsy and unstable. Would not recommend to anyone.,negative
REV_1095,Hardware feels flimsy and unstable. Would not recommend to anyone.,negative
REV_1096,Overpriced and low quality. Completely failed my expectations.,negative
REV_1097,"Amazing experience, the battery life is incredible and design is sleek.",positive
REV_1098,Fast shipping and flawless performance. Will definitely buy again.,positive
REV_1099,Customer support helped me resolve my question in minutes. Excellent service.,positive
REV_1100,Customer support helped me resolve my question in minutes. Excellent service.,positive
REV_1101,Worst purchase ever. Unresponsive support and broken features.,negative
REV_1102,Absolutely love this product! Quality is outstanding and delivery was super fast.,positive
REV_1103,Very poor experience. Shipping took 3 weeks and item was scratched.,negative
REV_1104,"It works fine, nothing extraordinary but does the job.",neutral
REV_1105,Absolutely love this product! Quality is outstanding and delivery was super fast.,positive
REV_1106,Great value for money. Very satisfied with this purchase.,positive
REV_1107,Worst purchase ever. Unresponsive support and broken features.,negative
REV_1108,Works perfectly out of the box. Exceeded my expectations completely.,positive
REV_1109,Customer support helped me resolve my question in minutes. Excellent service.,positive
REV_1110,Excellent customer service and top quality build. Highly recommended!,positive
REV_1111,Very impressed with the build quality and user interface. Outstanding!,positive
REV_1112,Item received as ordered. Satisfactory performance so far.,neutral
REV_1113,"Received item yesterday. Testing it out currently, seems acceptable.",neutral
REV_1114,Hardware feels flimsy and unstable. Would not recommend to anyone.,negative
REV_1115,"Decent build quality, but shipping took longer than estimated.",neutral
REV_1116,"Functions as stated, but instructions could be clearer.",neutral
REV_1117,Very impressed with the build quality and user interface. Outstanding!,positive
REV_1118,Average item. Has both good aspects and some minor flaws.,neutral
REV_1119,Does not work as advertised. Battery dies in less than an hour.,negative
REV_1120,Packaging was standard. Product functions reasonably well so far.,neutral
REV_1121,Item received as ordered. Satisfactory performance so far.,neutral
REV_1122,Customer support helped me resolve my question in minutes. Excellent service.,positive
REV_1123,Customer support helped me resolve my question in minutes. Excellent service.,positive
REV_1124,Best purchase I have made this year. Five stars all the way!,positive
REV_1125,Absolutely love this product! Quality is outstanding and delivery was super fast.,positive
REV_1126,"Functions as stated, but instructions could be clearer.",neutral
REV_1127,"Decent build quality, but shipping took longer than estimated.",neutral
REV_1128,"Amazing experience, the battery life is incredible and design is sleek.",positive
REV_1129,Overpriced and low quality. Completely failed my expectations.,negative
REV_1130,Great value for money. Very satisfied with this purchase.,positive
REV_1131,Works perfectly out of the box. Exceeded my expectations completely.,positive
REV_1132,"Super intuitive to use, lightweight and durable. Fantastic quality.",positive
REV_1133,Best purchase I have made this year. Five stars all the way!,positive
REV_1134,"Standard performance, matches the basic product description provided.",neutral
REV_1135,Works perfectly out of the box. Exceeded my expectations completely.,positive
REV_1136,Very poor experience. Shipping took 3 weeks and item was scratched.,negative
REV_1137,Product overheating constantly. Very frustrating and disappointing.,negative
REV_1138,Great value for money. Very satisfied with this purchase.,positive
REV_1139,Average item. Has both good aspects and some minor flaws.,neutral
REV_1140,Average item. Has both good aspects and some minor flaws.,neutral
REV_1141,Customer support helped me resolve my question in minutes. Excellent service.,positive
REV_1142,Worst purchase ever. Unresponsive support and broken features.,negative
REV_1143,Best purchase I have made this year. Five stars all the way!,positive
REV_1144,Works perfectly out of the box. Exceeded my expectations completely.,positive
REV_1145,Customer support helped me resolve my question in minutes. Excellent service.,positive
REV_1146,Very poor experience. Shipping took 3 weeks and item was scratched.,negative
REV_1147,Defective item received. Returning immediately for a full refund.,negative
REV_1148,"Amazing experience, the battery life is incredible and design is sleek.",positive
REV_1149,Best purchase I have made this year. Five stars all the way!,positive
REV_1150,"Standard performance, matches the basic product description provided.",neutral
REV_1151,"Super intuitive to use, lightweight and durable. Fantastic quality.",positive
REV_1152,"Amazing experience, the battery life is incredible and design is sleek.",positive
REV_1153,Product overheating constantly. Very frustrating and disappointing.,negative
REV_1154,Packaging was standard. Product functions reasonably well so far.,neutral
REV_1155,Great value for money. Very satisfied with this purchase.,positive
REV_1156,Overpriced and low quality. Completely failed my expectations.,negative
REV_1157,Does not work as advertised. Battery dies in less than an hour.,negative
REV_1158,Absolutely love this product! Quality is outstanding and delivery was super fast.,positive
REV_1159,Hardware feels flimsy and unstable. Would not recommend to anyone.,negative
REV_1160,"Super intuitive to use, lightweight and durable. Fantastic quality.",positive
REV_1161,Does not work as advertised. Battery dies in less than an hour.,negative
REV_1162,Waste of money. Product arrived damaged and feels cheap.,negative
REV_1163,Worst purchase ever. Unresponsive support and broken features.,negative
REV_1164,"Amazing experience, the battery life is incredible and design is sleek.",positive
REV_1165,Item received as ordered. Satisfactory performance so far.,neutral
REV_1166,"Super intuitive to use, lightweight and durable. Fantastic quality.",positive
REV_1167,Great value for money. Very satisfied with this purchase.,positive
REV_1168,Great value for money. Very satisfied with this purchase.,positive
REV_1169,Worst purchase ever. Unresponsive support and broken features.,negative
REV_1170,Worst purchase ever. Unresponsive support and broken features.,negative
REV_1171,Excellent customer service and top quality build. Highly recommended!,positive
REV_1172,Extremely disappointed with this item. Horrible customer support.,negative
REV_1173,Works perfectly out of the box. Exceeded my expectations completely.,positive
REV_1174,Waste of money. Product arrived damaged and feels cheap.,negative
REV_1175,Absolutely love this product! Quality is outstanding and delivery was super fast.,positive
REV_1176,Waste of money. Product arrived damaged and feels cheap.,negative
REV_1177,Best purchase I have made this year. Five stars all the way!,positive
REV_1178,"Standard performance, matches the basic product description provided.",neutral
REV_1179,Customer support helped me resolve my question in minutes. Excellent service.,positive
REV_1180,Best purchase I have made this year. Five stars all the way!,positive
REV_1181,"Amazing experience, the battery life is incredible and design is sleek.",positive
REV_1182,Average item. Has both good aspects and some minor flaws.,neutral
REV_1183,"It works fine, nothing extraordinary but does the job.",neutral
REV_1184,Great value for money. Very satisfied with this purchase.,positive
REV_1185,Hardware feels flimsy and unstable. Would not recommend to anyone.,negative
REV_1186,Product is okay for the price. Performs average as expected.,neutral
REV_1187,Hardware feels flimsy and unstable. Would not recommend to anyone.,negative
REV_1188,Terrible quality. Stopped working after just two days of normal use.,negative
REV_1189,Excellent customer service and top quality build. Highly recommended!,positive
REV_1190,Great value for money. Very satisfied with this purchase.,positive
REV_1191,Product is okay for the price. Performs average as expected.,neutral
REV_1192,"Functions as stated, but instructions could be clearer.",neutral
REV_1193,Defective item received. Returning immediately for a full refund.,negative
REV_1194,Absolutely love this product! Quality is outstanding and delivery was super fast.,positive
REV_1195,Absolutely love this product! Quality is outstanding and delivery was super fast.,positive
REV_1196,Defective item received. Returning immediately for a full refund.,negative
REV_1197,Average item. Has both good aspects and some minor flaws.,neutral
REV_1198,Average item. Has both good aspects and some minor flaws.,neutral
REV_1199,Defective item received. Returning immediately for a full refund.,negative
REV_1200,Hardware feels flimsy and unstable. Would not recommend to anyone.,negative
REV_1201,Very impressed with the build quality and user interface. Outstanding!,positive
REV_1202,Customer support helped me resolve my question in minutes. Excellent service.,positive
REV_1203,"Received item yesterday. Testing it out currently, seems acceptable.",neutral
REV_1204,Overpriced and low quality. Completely failed my expectations.,negative
REV_1205,Great value for money. Very satisfied with this purchase.,positive
REV_1206,Customer support helped me resolve my question in minutes. Excellent service.,positive
REV_1207,Extremely disappointed with this item. Horrible customer support.,negative
REV_1208,Works perfectly out of the box. Exceeded my expectations completely.,positive
REV_1209,Absolutely love this product! Quality is outstanding and delivery was super fast.,positive
REV_1210,Defective item received. Returning immediately for a full refund.,negative
REV_1211,Defective item received. Returning immediately for a full refund.,negative
REV_1212,Terrible quality. Stopped working after just two days of normal use.,negative
REV_1213,Works perfectly out of the box. Exceeded my expectations completely.,positive
REV_1214,Very poor experience. Shipping took 3 weeks and item was scratched.,negative
REV_1215,Works perfectly out of the box. Exceeded my expectations completely.,positive
REV_1216,Customer support helped me resolve my question in minutes. Excellent service.,positive
REV_1217,Waste of money. Product arrived damaged and feels cheap.,negative
REV_1218,Product overheating constantly. Very frustrating and disappointing.,negative
REV_1219,"It works fine, nothing extraordinary but does the job.",neutral
REV_1220,Very poor experience. Shipping took 3 weeks and item was scratched.,negative
REV_1221,Very poor experience. Shipping took 3 weeks and item was scratched.,negative
REV_1222,Great value for money. Very satisfied with this purchase.,positive
REV_1223,Absolutely love this product! Quality is outstanding and delivery was super fast.,positive
REV_1224,"Amazing experience, the battery life is incredible and design is sleek.",positive
REV_1225,Customer support helped me resolve my question in minutes. Excellent service.,positive
REV_1226,"Received item yesterday. Testing it out currently, seems acceptable.",neutral
REV_1227,Great value for money. Very satisfied with this purchase.,positive
REV_1228,Packaging was standard. Product functions reasonably well so far.,neutral
REV_1229,Product overheating constantly. Very frustrating and disappointing.,negative
REV_1230,Does not work as advertised. Battery dies in less than an hour.,negative
REV_1231,Hardware feels flimsy and unstable. Would not recommend to anyone.,negative
REV_1232,Hardware feels flimsy and unstable. Would not recommend to anyone.,negative
REV_1233,Extremely disappointed with this item. Horrible customer support.,negative
REV_1234,Works perfectly out of the box. Exceeded my expectations completely.,positive
REV_1235,Terrible quality. Stopped working after just two days of normal use.,negative
REV_1236,Fast shipping and flawless performance. Will definitely buy again.,positive
REV_1237,Very impressed with the build quality and user interface. Outstanding!,positive
REV_1238,Does not work as advertised. Battery dies in less than an hour.,negative
REV_1239,Best purchase I have made this year. Five stars all the way!,positive
REV_1240,"Functions as stated, but instructions could be clearer.",neutral
REV_1241,Packaging was standard. Product functions reasonably well so far.,neutral
REV_1242,"Functions as stated, but instructions could be clearer.",neutral
REV_1243,Great value for money. Very satisfied with this purchase.,positive
REV_1244,Fast shipping and flawless performance. Will definitely buy again.,positive
REV_1245,"Functions as stated, but instructions could be clearer.",neutral
REV_1246,Great value for money. Very satisfied with this purchase.,positive
REV_1247,"Received item yesterday. Testing it out currently, seems acceptable.",neutral
REV_1248,"Standard performance, matches the basic product description provided.",neutral
REV_1249,Item received as ordered. Satisfactory performance so far.,neutral
REV_1250,Best purchase I have made this year. Five stars all the way!,positive
REV_1251,"Super intuitive to use, lightweight and durable. Fantastic quality.",positive
REV_1252,"It works fine, nothing extraordinary but does the job.",neutral
REV_1253,"Super intuitive to use, lightweight and durable. Fantastic quality.",positive
REV_1254,Fast shipping and flawless performance. Will definitely buy again.,positive
REV_1255,Product overheating constantly. Very frustrating and disappointing.,negative
REV_1256,Packaging was standard. Product functions reasonably well so far.,neutral
REV_1257,Product overheating constantly. Very frustrating and disappointing.,negative
REV_1258,Overpriced and low quality. Completely failed my expectations.,negative
REV_1259,Best purchase I have made this year. Five stars all the way!,positive
REV_1260,Overpriced and low quality. Completely failed my expectations.,negative
REV_1261,Average item. Has both good aspects and some minor flaws.,neutral
REV_1262,Fast shipping and flawless performance. Will definitely buy again.,positive
REV_1263,Does not work as advertised. Battery dies in less than an hour.,negative
REV_1264,"Decent build quality, but shipping took longer than estimated.",neutral
REV_1265,Product overheating constantly. Very frustrating and disappointing.,negative
REV_1266,Overpriced and low quality. Completely failed my expectations.,negative
REV_1267,Very poor experience. Shipping took 3 weeks and item was scratched.,negative
REV_1268,Great value for money. Very satisfied with this purchase.,positive
REV_1269,Excellent customer service and top quality build. Highly recommended!,positive
REV_1270,Product is okay for the price. Performs average as expected.,neutral
REV_1271,Fair quality considering the price tag. Neither great nor bad.,neutral
REV_1272,Packaging was standard. Product functions reasonably well so far.,neutral
REV_1273,"Decent build quality, but shipping took longer than estimated.",neutral
REV_1274,Worst purchase ever. Unresponsive support and broken features.,negative
REV_1275,Does not work as advertised. Battery dies in less than an hour.,negative
REV_1276,Worst purchase ever. Unresponsive support and broken features.,negative
REV_1277,Hardware feels flimsy and unstable. Would not recommend to anyone.,negative
REV_1278,Very poor experience. Shipping took 3 weeks and item was scratched.,negative
REV_1279,Product overheating constantly. Very frustrating and disappointing.,negative
REV_1280,Item received as ordered. Satisfactory performance so far.,neutral
REV_1281,Fast shipping and flawless performance. Will definitely buy again.,positive
REV_1282,Very impressed with the build quality and user interface. Outstanding!,positive
REV_1283,"Amazing experience, the battery life is incredible and design is sleek.",positive
REV_1284,Product overheating constantly. Very frustrating and disappointing.,negative
REV_1285,"Amazing experience, the battery life is incredible and design is sleek.",positive
REV_1286,Extremely disappointed with this item. Horrible customer support.,negative
REV_1287,Very poor experience. Shipping took 3 weeks and item was scratched.,negative
REV_1288,Works perfectly out of the box. Exceeded my expectations completely.,positive
REV_1289,Hardware feels flimsy and unstable. Would not recommend to anyone.,negative
REV_1290,Customer support helped me resolve my question in minutes. Excellent service.,positive
REV_1291,"Amazing experience, the battery life is incredible and design is sleek.",positive
REV_1292,"Standard performance, matches the basic product description provided.",neutral
REV_1293,Absolutely love this product! Quality is outstanding and delivery was super fast.,positive
REV_1294,Works perfectly out of the box. Exceeded my expectations completely.,positive
REV_1295,Waste of money. Product arrived damaged and feels cheap.,negative
REV_1296,Overpriced and low quality. Completely failed my expectations.,negative
REV_1297,"Amazing experience, the battery life is incredible and design is sleek.",positive
REV_1298,Overpriced and low quality. Completely failed my expectations.,negative
REV_1299,Very impressed with the build quality and user interface. Outstanding!,positive
REV_1300,Absolutely love this product! Quality is outstanding and delivery was super fast.,positive
REV_1301,Extremely disappointed with this item. Horrible customer support.,negative
REV_1302,Very poor experience. Shipping took 3 weeks and item was scratched.,negative
REV_1303,Does not work as advertised. Battery dies in less than an hour.,negative
REV_1304,Product overheating constantly. Very frustrating and disappointing.,negative
REV_1305,"Functions as stated, but instructions could be clearer.",neutral
REV_1306,Hardware feels flimsy and unstable. Would not recommend to anyone.,negative
REV_1307,Best purchase I have made this year. Five stars all the way!,positive
REV_1308,Hardware feels flimsy and unstable. Would not recommend to anyone.,negative
REV_1309,Absolutely love this product! Quality is outstanding and delivery was super fast.,positive
REV_1310,Absolutely love this product! Quality is outstanding and delivery was super fast.,positive
REV_1311,Fast shipping and flawless performance. Will definitely buy again.,positive
REV_1312,Excellent customer service and top quality build. Highly recommended!,positive
REV_1313,Item received as ordered. Satisfactory performance so far.,neutral
REV_1314,"Functions as stated, but instructions could be clearer.",neutral
REV_1315,Hardware feels flimsy and unstable. Would not recommend to anyone.,negative
REV_1316,Best purchase I have made this year. Five stars all the way!,positive
REV_1317,Absolutely love this product! Quality is outstanding and delivery was super fast.,positive
REV_1318,Absolutely love this product! Quality is outstanding and delivery was super fast.,positive
REV_1319,Excellent customer service and top quality build. Highly recommended!,positive
REV_1320,Defective item received. Returning immediately for a full refund.,negative
REV_1321,Defective item received. Returning immediately for a full refund.,negative
REV_1322,Extremely disappointed with this item. Horrible customer support.,negative
REV_1323,Absolutely love this product! Quality is outstanding and delivery was super fast.,positive
REV_1324,Item received as ordered. Satisfactory performance so far.,neutral
REV_1325,Very poor experience. Shipping took 3 weeks and item was scratched.,negative
REV_1326,Very poor experience. Shipping took 3 weeks and item was scratched.,negative
REV_1327,Extremely disappointed with this item. Horrible customer support.,negative
REV_1328,Best purchase I have made this year. Five stars all the way!,positive
REV_1329,Very impressed with the build quality and user interface. Outstanding!,positive
REV_1330,Excellent customer service and top quality build. Highly recommended!,positive
REV_1331,Product overheating constantly. Very frustrating and disappointing.,negative
REV_1332,Excellent customer service and top quality build. Highly recommended!,positive
REV_1333,Works perfectly out of the box. Exceeded my expectations completely.,positive
REV_1334,"Super intuitive to use, lightweight and durable. Fantastic quality.",positive
REV_1335,Best purchase I have made this year. Five stars all the way!,positive
REV_1336,"Standard performance, matches the basic product description provided.",neutral
REV_1337,Worst purchase ever. Unresponsive support and broken features.,negative
REV_1338,Defective item received. Returning immediately for a full refund.,negative
REV_1339,Customer support helped me resolve my question in minutes. Excellent service.,positive
REV_1340,Waste of money. Product arrived damaged and feels cheap.,negative
REV_1341,Waste of money. Product arrived damaged and feels cheap.,negative
REV_1342,Absolutely love this product! Quality is outstanding and delivery was super fast.,positive
REV_1343,"Super intuitive to use, lightweight and durable. Fantastic quality.",positive
REV_1344,"Amazing experience, the battery life is incredible and design is sleek.",positive
REV_1345,Does not work as advertised. Battery dies in less than an hour.,negative
REV_1346,Product overheating constantly. Very frustrating and disappointing.,negative
REV_1347,Great value for money. Very satisfied with this purchase.,positive
REV_1348,Great value for money. Very satisfied with this purchase.,positive
REV_1349,Defective item received. Returning immediately for a full refund.,negative
REV_1350,Worst purchase ever. Unresponsive support and broken features.,negative
REV_1351,"Standard performance, matches the basic product description provided.",neutral
REV_1352,Very poor experience. Shipping took 3 weeks and item was scratched.,negative
REV_1353,Best purchase I have made this year. Five stars all the way!,positive
REV_1354,Great value for money. Very satisfied with this purchase.,positive
REV_1355,Overpriced and low quality. Completely failed my expectations.,negative
REV_1356,Fast shipping and flawless performance. Will definitely buy again.,positive
REV_1357,Product overheating constantly. Very frustrating and disappointing.,negative
REV_1358,Item received as ordered. Satisfactory performance so far.,neutral
REV_1359,Terrible quality. Stopped working after just two days of normal use.,negative
REV_1360,Excellent customer service and top quality build. Highly recommended!,positive
REV_1361,Overpriced and low quality. Completely failed my expectations.,negative
REV_1362,Worst purchase ever. Unresponsive support and broken features.,negative
REV_1363,Waste of money. Product arrived damaged and feels cheap.,negative
REV_1364,"Standard performance, matches the basic product description provided.",neutral
REV_1365,Absolutely love this product! Quality is outstanding and delivery was super fast.,positive
REV_1366,Item received as ordered. Satisfactory performance so far.,neutral
REV_1367,Average item. Has both good aspects and some minor flaws.,neutral
REV_1368,Works perfectly out of the box. Exceeded my expectations completely.,positive
REV_1369,Best purchase I have made this year. Five stars all the way!,positive
REV_1370,"Super intuitive to use, lightweight and durable. Fantastic quality.",positive
REV_1371,Great value for money. Very satisfied with this purchase.,positive
REV_1372,"Super intuitive to use, lightweight and durable. Fantastic quality.",positive
REV_1373,Overpriced and low quality. Completely failed my expectations.,negative
REV_1374,Excellent customer service and top quality build. Highly recommended!,positive
REV_1375,Works perfectly out of the box. Exceeded my expectations completely.,positive
REV_1376,"Received item yesterday. Testing it out currently, seems acceptable.",neutral
REV_1377,Works perfectly out of the box. Exceeded my expectations completely.,positive
REV_1378,"Standard performance, matches the basic product description provided.",neutral
REV_1379,Customer support helped me resolve my question in minutes. Excellent service.,positive
REV_1380,Fast shipping and flawless performance. Will definitely buy again.,positive
REV_1381,Worst purchase ever. Unresponsive support and broken features.,negative
REV_1382,Overpriced and low quality. Completely failed my expectations.,negative
REV_1383,Average item. Has both good aspects and some minor flaws.,neutral
REV_1384,Very poor experience. Shipping took 3 weeks and item was scratched.,negative
REV_1385,"Received item yesterday. Testing it out currently, seems acceptable.",neutral
REV_1386,Fast shipping and flawless performance. Will definitely buy again.,positive
REV_1387,"Super intuitive to use, lightweight and durable. Fantastic quality.",positive
REV_1388,Overpriced and low quality. Completely failed my expectations.,negative
REV_1389,"Standard performance, matches the basic product description provided.",neutral
REV_1390,"Decent build quality, but shipping took longer than estimated.",neutral
REV_1391,Customer support helped me resolve my question in minutes. Excellent service.,positive
REV_1392,Great value for money. Very satisfied with this purchase.,positive
REV_1393,Defective item received. Returning immediately for a full refund.,negative
REV_1394,Excellent customer service and top quality build. Highly recommended!,positive
REV_1395,Fair quality considering the price tag. Neither great nor bad.,neutral
REV_1396,"It works fine, nothing extraordinary but does the job.",neutral
REV_1397,Works perfectly out of the box. Exceeded my expectations completely.,positive
REV_1398,Extremely disappointed with this item. Horrible customer support.,negative
REV_1399,Worst purchase ever. Unresponsive support and broken features.,negative
REV_1400,Best purchase I have made this year. Five stars all the way!,positive
REV_1401,Product is okay for the price. Performs average as expected.,neutral
REV_1402,Terrible quality. Stopped working after just two days of normal use.,negative
REV_1403,Fair quality considering the price tag. Neither great nor bad.,neutral
REV_1404,Fast shipping and flawless performance. Will definitely buy again.,positive
REV_1405,"Received item yesterday. Testing it out currently, seems acceptable.",neutral
REV_1406,"Amazing experience, the battery life is incredible and design is sleek.",positive
REV_1407,Great value for money. Very satisfied with this purchase.,positive
REV_1408,Packaging was standard. Product functions reasonably well so far.,neutral
REV_1409,Best purchase I have made this year. Five stars all the way!,positive
REV_1410,Works perfectly out of the box. Exceeded my expectations completely.,positive
REV_1411,"Functions as stated, but instructions could be clearer.",neutral
REV_1412,Fair quality considering the price tag. Neither great nor bad.,neutral
REV_1413,Terrible quality. Stopped working after just two days of normal use.,negative
REV_1414,Hardware feels flimsy and unstable. Would not recommend to anyone.,negative
REV_1415,"Amazing experience, the battery life is incredible and design is sleek.",positive
REV_1416,"Amazing experience, the battery life is incredible and design is sleek.",positive
REV_1417,Excellent customer service and top quality build. Highly recommended!,positive
REV_1418,Does not work as advertised. Battery dies in less than an hour.,negative
REV_1419,Defective item received. Returning immediately for a full refund.,negative
REV_1420,Product overheating constantly. Very frustrating and disappointing.,negative
REV_1421,Hardware feels flimsy and unstable. Would not recommend to anyone.,negative
REV_1422,"Amazing experience, the battery life is incredible and design is sleek.",positive
REV_1423,Overpriced and low quality. Completely failed my expectations.,negative
REV_1424,Works perfectly out of the box. Exceeded my expectations completely.,positive
REV_1425,Terrible quality. Stopped working after just two days of normal use.,negative
REV_1426,Great value for money. Very satisfied with this purchase.,positive
REV_1427,"Functions as stated, but instructions could be clearer.",neutral
REV_1428,Great value for money. Very satisfied with this purchase.,positive
REV_1429,Excellent customer service and top quality build. Highly recommended!,positive
REV_1430,Customer support helped me resolve my question in minutes. Excellent service.,positive
REV_1431,Very poor experience. Shipping took 3 weeks and item was scratched.,negative
REV_1432,Waste of money. Product arrived damaged and feels cheap.,negative
REV_1433,Very impressed with the build quality and user interface. Outstanding!,positive
REV_1434,Great value for money. Very satisfied with this purchase.,positive
REV_1435,Defective item received. Returning immediately for a full refund.,negative
REV_1436,Excellent customer service and top quality build. Highly recommended!,positive
REV_1437,Packaging was standard. Product functions reasonably well so far.,neutral
REV_1438,Waste of money. Product arrived damaged and feels cheap.,negative
REV_1439,Very impressed with the build quality and user interface. Outstanding!,positive
REV_1440,Excellent customer service and top quality build. Highly recommended!,positive
REV_1441,"Functions as stated, but instructions could be clearer.",neutral
REV_1442,"Amazing experience, the battery life is incredible and design is sleek.",positive
REV_1443,Fast shipping and flawless performance. Will definitely buy again.,positive
REV_1444,"Decent build quality, but shipping took longer than estimated.",neutral
REV_1445,Packaging was standard. Product functions reasonably well so far.,neutral
REV_1446,"It works fine, nothing extraordinary but does the job.",neutral
REV_1447,Product overheating constantly. Very frustrating and disappointing.,negative
REV_1448,"Amazing experience, the battery life is incredible and design is sleek.",positive
REV_1449,Fast shipping and flawless performance. Will definitely buy again.,positive
REV_1450,Product overheating constantly. Very frustrating and disappointing.,negative
REV_1451,Terrible quality. Stopped working after just two days of normal use.,negative
REV_1452,"Amazing experience, the battery life is incredible and design is sleek.",positive
REV_1453,"It works fine, nothing extraordinary but does the job.",neutral
REV_1454,Great value for money. Very satisfied with this purchase.,positive
REV_1455,Extremely disappointed with this item. Horrible customer support.,negative
REV_1456,Very impressed with the build quality and user interface. Outstanding!,positive
REV_1457,Waste of money. Product arrived damaged and feels cheap.,negative
REV_1458,Excellent customer service and top quality build. Highly recommended!,positive
REV_1459,Customer support helped me resolve my question in minutes. Excellent service.,positive
REV_1460,Very impressed with the build quality and user interface. Outstanding!,positive
REV_1461,Hardware feels flimsy and unstable. Would not recommend to anyone.,negative
REV_1462,Defective item received. Returning immediately for a full refund.,negative
REV_1463,Terrible quality. Stopped working after just two days of normal use.,negative
REV_1464,"Received item yesterday. Testing it out currently, seems acceptable.",neutral
REV_1465,Works perfectly out of the box. Exceeded my expectations completely.,positive
REV_1466,Absolutely love this product! Quality is outstanding and delivery was super fast.,positive
REV_1467,Average item. Has both good aspects and some minor flaws.,neutral
REV_1468,Excellent customer service and top quality build. Highly recommended!,positive
REV_1469,"Decent build quality, but shipping took longer than estimated.",neutral
REV_1470,Works perfectly out of the box. Exceeded my expectations completely.,positive
REV_1471,"Standard performance, matches the basic product description provided.",neutral
REV_1472,Fast shipping and flawless performance. Will definitely buy again.,positive
REV_1473,Fair quality considering the price tag. Neither great nor bad.,neutral
REV_1474,Defective item received. Returning immediately for a full refund.,negative
REV_1475,"Functions as stated, but instructions could be clearer.",neutral
REV_1476,Great value for money. Very satisfied with this purchase.,positive
REV_1477,Terrible quality. Stopped working after just two days of normal use.,negative
REV_1478,"Standard performance, matches the basic product description provided.",neutral
REV_1479,Hardware feels flimsy and unstable. Would not recommend to anyone.,negative
REV_1480,Hardware feels flimsy and unstable. Would not recommend to anyone.,negative
REV_1481,Waste of money. Product arrived damaged and feels cheap.,negative
REV_1482,Does not work as advertised. Battery dies in less than an hour.,negative
REV_1483,Product overheating constantly. Very frustrating and disappointing.,negative
REV_1484,Overpriced and low quality. Completely failed my expectations.,negative
REV_1485,Packaging was standard. Product functions reasonably well so far.,neutral
REV_1486,"Amazing experience, the battery life is incredible and design is sleek.",positive
REV_1487,Works perfectly out of the box. Exceeded my expectations completely.,positive
REV_1488,"Functions as stated, but instructions could be clearer.",neutral
REV_1489,"Received item yesterday. Testing it out currently, seems acceptable.",neutral
REV_1490,Very poor experience. Shipping took 3 weeks and item was scratched.,negative
REV_1491,Does not work as advertised. Battery dies in less than an hour.,negative
REV_1492,Great value for money. Very satisfied with this purchase.,positive
REV_1493,Absolutely love this product! Quality is outstanding and delivery was super fast.,positive
REV_1494,Hardware feels flimsy and unstable. Would not recommend to anyone.,negative
REV_1495,Very impressed with the build quality and user interface. Outstanding!,positive
REV_1496,Waste of money. Product arrived damaged and feels cheap.,negative
REV_1497,Excellent customer service and top quality build. Highly recommended!,positive
REV_1498,"It works fine, nothing extraordinary but does the job.",neutral
REV_1499,Product is okay for the price. Performs average as expected.,neutral
REV_1500,Defective item received. Returning immediately for a full refund.,negative
REV_1501,Hardware feels flimsy and unstable. Would not recommend to anyone.,negative
REV_1502,Excellent customer service and top quality build. Highly recommended!,positive
REV_1503,"Standard performance, matches the basic product description provided.",neutral
REV_1504,Defective item received. Returning immediately for a full refund.,negative
REV_1505,Great value for money. Very satisfied with this purchase.,positive
REV_1506,"Received item yesterday. Testing it out currently, seems acceptable.",neutral
REV_1507,"Standard performance, matches the basic product description provided.",neutral
REV_1508,"It works fine, nothing extraordinary but does the job.",neutral
REV_1509,Waste of money. Product arrived damaged and feels cheap.,negative
REV_1510,Does not work as advertised. Battery dies in less than an hour.,negative
REV_1511,Absolutely love this product! Quality is outstanding and delivery was super fast.,positive
REV_1512,"Functions as stated, but instructions could be clearer.",neutral
REV_1513,"Standard performance, matches the basic product description provided.",neutral
REV_1514,Fast shipping and flawless performance. Will definitely buy again.,positive
REV_1515,Customer support helped me resolve my question in minutes. Excellent service.,positive
REV_1516,Best purchase I have made this year. Five stars all the way!,positive
REV_1517,Fair quality considering the price tag. Neither great nor bad.,neutral
REV_1518,Packaging was standard. Product functions reasonably well so far.,neutral
REV_1519,Very impressed with the build quality and user interface. Outstanding!,positive
REV_1520,Waste of money. Product arrived damaged and feels cheap.,negative
REV_1521,Works perfectly out of the box. Exceeded my expectations completely.,positive
REV_1522,"It works fine, nothing extraordinary but does the job.",neutral
REV_1523,Item received as ordered. Satisfactory performance so far.,neutral
REV_1524,"It works fine, nothing extraordinary but does the job.",neutral
REV_1525,Overpriced and low quality. Completely failed my expectations.,negative
REV_1526,Great value for money. Very satisfied with this purchase.,positive
REV_1527,"Super intuitive to use, lightweight and durable. Fantastic quality.",positive
REV_1528,Very impressed with the build quality and user interface. Outstanding!,positive
REV_1529,Fair quality considering the price tag. Neither great nor bad.,neutral
REV_1530,"Functions as stated, but instructions could be clearer.",neutral
REV_1531,"It works fine, nothing extraordinary but does the job.",neutral
REV_1532,Average item. Has both good aspects and some minor flaws.,neutral
REV_1533,Worst purchase ever. Unresponsive support and broken features.,negative
REV_1534,Defective item received. Returning immediately for a full refund.,negative
REV_1535,"Received item yesterday. Testing it out currently, seems acceptable.",neutral
REV_1536,Average item. Has both good aspects and some minor flaws.,neutral
REV_1537,Fast shipping and flawless performance. Will definitely buy again.,positive
REV_1538,Terrible quality. Stopped working after just two days of normal use.,negative
REV_1539,Very impressed with the build quality and user interface. Outstanding!,positive
REV_1540,Product is okay for the price. Performs average as expected.,neutral
REV_1541,Worst purchase ever. Unresponsive support and broken features.,negative
REV_1542,Great value for money. Very satisfied with this purchase.,positive
REV_1543,Overpriced and low quality. Completely failed my expectations.,negative
REV_1544,Very poor experience. Shipping took 3 weeks and item was scratched.,negative
REV_1545,Works perfectly out of the box. Exceeded my expectations completely.,positive
REV_1546,Very impressed with the build quality and user interface. Outstanding!,positive
REV_1547,Overpriced and low quality. Completely failed my expectations.,negative
REV_1548,Does not work as advertised. Battery dies in less than an hour.,negative
REV_1549,Does not work as advertised. Battery dies in less than an hour.,negative
REV_1550,Worst purchase ever. Unresponsive support and broken features.,negative
REV_1551,"Decent build quality, but shipping took longer than estimated.",neutral
REV_1552,Overpriced and low quality. Completely failed my expectations.,negative
REV_1553,Defective item received. Returning immediately for a full refund.,negative
REV_1554,"Functions as stated, but instructions could be clearer.",neutral
REV_1555,Fast shipping and flawless performance. Will definitely buy again.,positive
REV_1556,"Super intuitive to use, lightweight and durable. Fantastic quality.",positive
REV_1557,Absolutely love this product! Quality is outstanding and delivery was super fast.,positive
REV_1558,Waste of money. Product arrived damaged and feels cheap.,negative
REV_1559,Extremely disappointed with this item. Horrible customer support.,negative
REV_1560,Very poor experience. Shipping took 3 weeks and item was scratched.,negative
REV_1561,"Amazing experience, the battery life is incredible and design is sleek.",positive
REV_1562,"Amazing experience, the battery life is incredible and design is sleek.",positive
REV_1563,Great value for money. Very satisfied with this purchase.,positive
REV_1564,"Amazing experience, the battery life is incredible and design is sleek.",positive
REV_1565,Waste of money. Product arrived damaged and feels cheap.,negative
REV_1566,Absolutely love this product! Quality is outstanding and delivery was super fast.,positive
REV_1567,"Amazing experience, the battery life is incredible and design is sleek.",positive
REV_1568,"Functions as stated, but instructions could be clearer.",neutral
REV_1569,Very impressed with the build quality and user interface. Outstanding!,positive
REV_1570,Does not work as advertised. Battery dies in less than an hour.,negative
REV_1571,Waste of money. Product arrived damaged and feels cheap.,negative
REV_1572,Absolutely love this product! Quality is outstanding and delivery was super fast.,positive
REV_1573,Extremely disappointed with this item. Horrible customer support.,negative
REV_1574,"Standard performance, matches the basic product description provided.",neutral
REV_1575,Product is okay for the price. Performs average as expected.,neutral
REV_1576,Fast shipping and flawless performance. Will definitely buy again.,positive
REV_1577,Fair quality considering the price tag. Neither great nor bad.,neutral
REV_1578,Worst purchase ever. Unresponsive support and broken features.,negative
REV_1579,Best purchase I have made this year. Five stars all the way!,positive
REV_1580,Overpriced and low quality. Completely failed my expectations.,negative
REV_1581,"It works fine, nothing extraordinary but does the job.",neutral
REV_1582,Product overheating constantly. Very frustrating and disappointing.,negative
REV_1583,Great value for money. Very satisfied with this purchase.,positive
REV_1584,Defective item received. Returning immediately for a full refund.,negative
REV_1585,Fast shipping and flawless performance. Will definitely buy again.,positive
REV_1586,"Amazing experience, the battery life is incredible and design is sleek.",positive
REV_1587,Works perfectly out of the box. Exceeded my expectations completely.,positive
REV_1588,Best purchase I have made this year. Five stars all the way!,positive
REV_1589,Great value for money. Very satisfied with this purchase.,positive
REV_1590,Very impressed with the build quality and user interface. Outstanding!,positive
REV_1591,Waste of money. Product arrived damaged and feels cheap.,negative
REV_1592,Great value for money. Very satisfied with this purchase.,positive
REV_1593,"Super intuitive to use, lightweight and durable. Fantastic quality.",positive
REV_1594,Fair quality considering the price tag. Neither great nor bad.,neutral
REV_1595,Does not work as advertised. Battery dies in less than an hour.,negative
REV_1596,Defective item received. Returning immediately for a full refund.,negative
REV_1597,Works perfectly out of the box. Exceeded my expectations completely.,positive
REV_1598,Best purchase I have made this year. Five stars all the way!,positive
REV_1599,Excellent customer service and top quality build. Highly recommended!,positive
REV_1600,Fast shipping and flawless performance. Will definitely buy again.,positive
REV_1601,Excellent customer service and top quality build. Highly recommended!,positive
REV_1602,"Super intuitive to use, lightweight and durable. Fantastic quality.",positive
REV_1603,Very impressed with the build quality and user interface. Outstanding!,positive
REV_1604,Absolutely love this product! Quality is outstanding and delivery was super fast.,positive
REV_1605,Worst purchase ever. Unresponsive support and broken features.,negative
REV_1606,"Super intuitive to use, lightweight and durable. Fantastic quality.",positive
REV_1607,Best purchase I have made this year. Five stars all the way!,positive
REV_1608,Defective item received. Returning immediately for a full refund.,negative
REV_1609,Defective item received. Returning immediately for a full refund.,negative
REV_1610,Very impressed with the build quality and user interface. Outstanding!,positive
REV_1611,Extremely disappointed with this item. Horrible customer support.,negative
REV_1612,Terrible quality. Stopped working after just two days of normal use.,negative
REV_1613,Best purchase I have made this year. Five stars all the way!,positive
REV_1614,Item received as ordered. Satisfactory performance so far.,neutral
REV_1615,"Standard performance, matches the basic product description provided.",neutral
REV_1616,Works perfectly out of the box. Exceeded my expectations completely.,positive
REV_1617,Customer support helped me resolve my question in minutes. Excellent service.,positive
REV_1618,Product is okay for the price. Performs average as expected.,neutral
REV_1619,Overpriced and low quality. Completely failed my expectations.,negative
REV_1620,Absolutely love this product! Quality is outstanding and delivery was super fast.,positive
REV_1621,Works perfectly out of the box. Exceeded my expectations completely.,positive
REV_1622,Fast shipping and flawless performance. Will definitely buy again.,positive
REV_1623,Waste of money. Product arrived damaged and feels cheap.,negative
REV_1624,Does not work as advertised. Battery dies in less than an hour.,negative
REV_1625,Fast shipping and flawless performance. Will definitely buy again.,positive
REV_1626,Terrible quality. Stopped working after just two days of normal use.,negative
REV_1627,Defective item received. Returning immediately for a full refund.,negative
REV_1628,Absolutely love this product! Quality is outstanding and delivery was super fast.,positive
REV_1629,Absolutely love this product! Quality is outstanding and delivery was super fast.,positive
REV_1630,Worst purchase ever. Unresponsive support and broken features.,negative
REV_1631,Average item. Has both good aspects and some minor flaws.,neutral
REV_1632,Terrible quality. Stopped working after just two days of normal use.,negative
REV_1633,Product overheating constantly. Very frustrating and disappointing.,negative
REV_1634,"Super intuitive to use, lightweight and durable. Fantastic quality.",positive
REV_1635,"Amazing experience, the battery life is incredible and design is sleek.",positive
REV_1636,Very poor experience. Shipping took 3 weeks and item was scratched.,negative
REV_1637,Absolutely love this product! Quality is outstanding and delivery was super fast.,positive
REV_1638,Customer support helped me resolve my question in minutes. Excellent service.,positive
REV_1639,Best purchase I have made this year. Five stars all the way!,positive
REV_1640,Very impressed with the build quality and user interface. Outstanding!,positive
REV_1641,Very impressed with the build quality and user interface. Outstanding!,positive
REV_1642,Fast shipping and flawless performance. Will definitely buy again.,positive
REV_1643,"Amazing experience, the battery life is incredible and design is sleek.",positive
REV_1644,Absolutely love this product! Quality is outstanding and delivery was super fast.,positive
REV_1645,"Functions as stated, but instructions could be clearer.",neutral
REV_1646,Terrible quality. Stopped working after just two days of normal use.,negative
REV_1647,Worst purchase ever. Unresponsive support and broken features.,negative
REV_1648,Very poor experience. Shipping took 3 weeks and item was scratched.,negative
REV_1649,Waste of money. Product arrived damaged and feels cheap.,negative
REV_1650,"Super intuitive to use, lightweight and durable. Fantastic quality.",positive
REV_1651,Hardware feels flimsy and unstable. Would not recommend to anyone.,negative
REV_1652,Overpriced and low quality. Completely failed my expectations.,negative
REV_1653,Hardware feels flimsy and unstable. Would not recommend to anyone.,negative
REV_1654,Works perfectly out of the box. Exceeded my expectations completely.,positive
REV_1655,Absolutely love this product! Quality is outstanding and delivery was super fast.,positive
REV_1656,Fast shipping and flawless performance. Will definitely buy again.,positive
REV_1657,Works perfectly out of the box. Exceeded my expectations completely.,positive
REV_1658,Worst purchase ever. Unresponsive support and broken features.,negative
REV_1659,Worst purchase ever. Unresponsive support and broken features.,negative
REV_1660,"Amazing experience, the battery life is incredible and design is sleek.",positive
REV_1661,Product is okay for the price. Performs average as expected.,neutral
REV_1662,Product overheating constantly. Very frustrating and disappointing.,negative
REV_1663,"Super intuitive to use, lightweight and durable. Fantastic quality.",positive
REV_1664,Customer support helped me resolve my question in minutes. Excellent service.,positive
REV_1665,"Amazing experience, the battery life is incredible and design is sleek.",positive
REV_1666,Fast shipping and flawless performance. Will definitely buy again.,positive
REV_1667,Very impressed with the build quality and user interface. Outstanding!,positive
REV_1668,"Super intuitive to use, lightweight and durable. Fantastic quality.",positive
REV_1669,"Super intuitive to use, lightweight and durable. Fantastic quality.",positive
REV_1670,Absolutely love this product! Quality is outstanding and delivery was super fast.,positive
REV_1671,Average item. Has both good aspects and some minor flaws.,neutral
REV_1672,Excellent customer service and top quality build. Highly recommended!,positive
REV_1673,Extremely disappointed with this item. Horrible customer support.,negative
REV_1674,Excellent customer service and top quality build. Highly recommended!,positive
REV_1675,Average item. Has both good aspects and some minor flaws.,neutral
REV_1676,Absolutely love this product! Quality is outstanding and delivery was super fast.,positive
REV_1677,Great value for money. Very satisfied with this purchase.,positive
REV_1678,"Decent build quality, but shipping took longer than estimated.",neutral
REV_1679,"Received item yesterday. Testing it out currently, seems acceptable.",neutral
REV_1680,"It works fine, nothing extraordinary but does the job.",neutral
REV_1681,Fast shipping and flawless performance. Will definitely buy again.,positive
REV_1682,Great value for money. Very satisfied with this purchase.,positive
REV_1683,Terrible quality. Stopped working after just two days of normal use.,negative
REV_1684,Product is okay for the price. Performs average as expected.,neutral
REV_1685,Product overheating constantly. Very frustrating and disappointing.,negative
REV_1686,Waste of money. Product arrived damaged and feels cheap.,negative
REV_1687,Very impressed with the build quality and user interface. Outstanding!,positive
REV_1688,Hardware feels flimsy and unstable. Would not recommend to anyone.,negative
REV_1689,Excellent customer service and top quality build. Highly recommended!,positive
REV_1690,Very impressed with the build quality and user interface. Outstanding!,positive
REV_1691,Customer support helped me resolve my question in minutes. Excellent service.,positive
REV_1692,Extremely disappointed with this item. Horrible customer support.,negative
REV_1693,Works perfectly out of the box. Exceeded my expectations completely.,positive
REV_1694,Customer support helped me resolve my question in minutes. Excellent service.,positive
REV_1695,Extremely disappointed with this item. Horrible customer support.,negative
REV_1696,Works perfectly out of the box. Exceeded my expectations completely.,positive
REV_1697,Defective item received. Returning immediately for a full refund.,negative
REV_1698,Very impressed with the build quality and user interface. Outstanding!,positive
REV_1699,Overpriced and low quality. Completely failed my expectations.,negative
REV_1700,Hardware feels flimsy and unstable. Would not recommend to anyone.,negative
REV_1701,Works perfectly out of the box. Exceeded my expectations completely.,positive
REV_1702,Great value for money. Very satisfied with this purchase.,positive
REV_1703,Best purchase I have made this year. Five stars all the way!,positive
REV_1704,"Amazing experience, the battery life is incredible and design is sleek.",positive
REV_1705,"Decent build quality, but shipping took longer than estimated.",neutral
REV_1706,Best purchase I have made this year. Five stars all the way!,positive
REV_1707,"It works fine, nothing extraordinary but does the job.",neutral
REV_1708,Fast shipping and flawless performance. Will definitely buy again.,positive
REV_1709,Extremely disappointed with this item. Horrible customer support.,negative
REV_1710,Terrible quality. Stopped working after just two days of normal use.,negative
REV_1711,Overpriced and low quality. Completely failed my expectations.,negative
REV_1712,Waste of money. Product arrived damaged and feels cheap.,negative
REV_1713,Absolutely love this product! Quality is outstanding and delivery was super fast.,positive
REV_1714,"Super intuitive to use, lightweight and durable. Fantastic quality.",positive
REV_1715,Item received as ordered. Satisfactory performance so far.,neutral
REV_1716,"Received item yesterday. Testing it out currently, seems acceptable.",neutral
REV_1717,"Received item yesterday. Testing it out currently, seems acceptable.",neutral
REV_1718,Absolutely love this product! Quality is outstanding and delivery was super fast.,positive
REV_1719,Overpriced and low quality. Completely failed my expectations.,negative
REV_1720,Fair quality considering the price tag. Neither great nor bad.,neutral
REV_1721,Fast shipping and flawless performance. Will definitely buy again.,positive
REV_1722,Very impressed with the build quality and user interface. Outstanding!,positive
REV_1723,Defective item received. Returning immediately for a full refund.,negative
REV_1724,Very poor experience. Shipping took 3 weeks and item was scratched.,negative
REV_1725,Packaging was standard. Product functions reasonably well so far.,neutral
REV_1726,Excellent customer service and top quality build. Highly recommended!,positive
REV_1727,Does not work as advertised. Battery dies in less than an hour.,negative
REV_1728,Works perfectly out of the box. Exceeded my expectations completely.,positive
REV_1729,"Super intuitive to use, lightweight and durable. Fantastic quality.",positive
REV_1730,Very impressed with the build quality and user interface. Outstanding!,positive
REV_1731,"Received item yesterday. Testing it out currently, seems acceptable.",neutral
REV_1732,Defective item received. Returning immediately for a full refund.,negative
REV_1733,Product overheating constantly. Very frustrating and disappointing.,negative
REV_1734,Excellent customer service and top quality build. Highly recommended!,positive
REV_1735,"It works fine, nothing extraordinary but does the job.",neutral
REV_1736,Works perfectly out of the box. Exceeded my expectations completely.,positive
REV_1737,"Functions as stated, but instructions could be clearer.",neutral
REV_1738,"Super intuitive to use, lightweight and durable. Fantastic quality.",positive
REV_1739,Fast shipping and flawless performance. Will definitely buy again.,positive
REV_1740,Product overheating constantly. Very frustrating and disappointing.,negative
REV_1741,Very impressed with the build quality and user interface. Outstanding!,positive
REV_1742,Defective item received. Returning immediately for a full refund.,negative
REV_1743,Does not work as advertised. Battery dies in less than an hour.,negative
REV_1744,Absolutely love this product! Quality is outstanding and delivery was super fast.,positive
REV_1745,"Standard performance, matches the basic product description provided.",neutral
REV_1746,"Super intuitive to use, lightweight and durable. Fantastic quality.",positive
REV_1747,Extremely disappointed with this item. Horrible customer support.,negative
REV_1748,"Standard performance, matches the basic product description provided.",neutral
REV_1749,Very poor experience. Shipping took 3 weeks and item was scratched.,negative
REV_1750,"Super intuitive to use, lightweight and durable. Fantastic quality.",positive
REV_1751,Average item. Has both good aspects and some minor flaws.,neutral
REV_1752,Very poor experience. Shipping took 3 weeks and item was scratched.,negative
REV_1753,Fast shipping and flawless performance. Will definitely buy again.,positive
REV_1754,Absolutely love this product! Quality is outstanding and delivery was super fast.,positive
REV_1755,Terrible quality. Stopped working after just two days of normal use.,negative
REV_1756,Does not work as advertised. Battery dies in less than an hour.,negative
REV_1757,Waste of money. Product arrived damaged and feels cheap.,negative
REV_1758,Item received as ordered. Satisfactory performance so far.,neutral
REV_1759,Extremely disappointed with this item. Horrible customer support.,negative
REV_1760,Works perfectly out of the box. Exceeded my expectations completely.,positive
REV_1761,Absolutely love this product! Quality is outstanding and delivery was super fast.,positive
REV_1762,Absolutely love this product! Quality is outstanding and delivery was super fast.,positive
REV_1763,Defective item received. Returning immediately for a full refund.,negative
REV_1764,"Amazing experience, the battery life is incredible and design is sleek.",positive
REV_1765,Worst purchase ever. Unresponsive support and broken features.,negative
REV_1766,Extremely disappointed with this item. Horrible customer support.,negative
REV_1767,Average item. Has both good aspects and some minor flaws.,neutral
REV_1768,Fast shipping and flawless performance. Will definitely buy again.,positive
REV_1769,Packaging was standard. Product functions reasonably well so far.,neutral
REV_1770,Absolutely love this product! Quality is outstanding and delivery was super fast.,positive
REV_1771,Average item. Has both good aspects and some minor flaws.,neutral
REV_1772,Absolutely love this product! Quality is outstanding and delivery was super fast.,positive
REV_1773,Excellent customer service and top quality build. Highly recommended!,positive
REV_1774,Very poor experience. Shipping took 3 weeks and item was scratched.,negative
REV_1775,Fast shipping and flawless performance. Will definitely buy again.,positive
REV_1776,Fast shipping and flawless performance. Will definitely buy again.,positive
REV_1777,Waste of money. Product arrived damaged and feels cheap.,negative
REV_1778,Does not work as advertised. Battery dies in less than an hour.,negative
REV_1779,Product overheating constantly. Very frustrating and disappointing.,negative
REV_1780,Defective item received. Returning immediately for a full refund.,negative
REV_1781,Product overheating constantly. Very frustrating and disappointing.,negative
REV_1782,Works perfectly out of the box. Exceeded my expectations completely.,positive
REV_1783,Excellent customer service and top quality build. Highly recommended!,positive
REV_1784,Best purchase I have made this year. Five stars all the way!,positive
REV_1785,"Received item yesterday. Testing it out currently, seems acceptable.",neutral
REV_1786,Product overheating constantly. Very frustrating and disappointing.,negative
REV_1787,"Amazing experience, the battery life is incredible and design is sleek.",positive
REV_1788,Product overheating constantly. Very frustrating and disappointing.,negative
REV_1789,"Received item yesterday. Testing it out currently, seems acceptable.",neutral
REV_1790,Customer support helped me resolve my question in minutes. Excellent service.,positive
REV_1791,Very poor experience. Shipping took 3 weeks and item was scratched.,negative
REV_1792,Waste of money. Product arrived damaged and feels cheap.,negative
REV_1793,Hardware feels flimsy and unstable. Would not recommend to anyone.,negative
REV_1794,Best purchase I have made this year. Five stars all the way!,positive
REV_1795,Average item. Has both good aspects and some minor flaws.,neutral
REV_1796,"Decent build quality, but shipping took longer than estimated.",neutral
REV_1797,Overpriced and low quality. Completely failed my expectations.,negative
REV_1798,Terrible quality. Stopped working after just two days of normal use.,negative
REV_1799,Average item. Has both good aspects and some minor flaws.,neutral
REV_1800,Terrible quality. Stopped working after just two days of normal use.,negative
REV_1801,Best purchase I have made this year. Five stars all the way!,positive
REV_1802,Does not work as advertised. Battery dies in less than an hour.,negative
REV_1803,Very poor experience. Shipping took 3 weeks and item was scratched.,negative
REV_1804,"Amazing experience, the battery life is incredible and design is sleek.",positive
REV_1805,Overpriced and low quality. Completely failed my expectations.,negative
REV_1806,Product is okay for the price. Performs average as expected.,neutral
REV_1807,"Decent build quality, but shipping took longer than estimated.",neutral
REV_1808,Defective item received. Returning immediately for a full refund.,negative
REV_1809,"Amazing experience, the battery life is incredible and design is sleek.",positive
REV_1810,Fair quality considering the price tag. Neither great nor bad.,neutral
REV_1811,"It works fine, nothing extraordinary but does the job.",neutral
REV_1812,Works perfectly out of the box. Exceeded my expectations completely.,positive
REV_1813,Item received as ordered. Satisfactory performance so far.,neutral
REV_1814,"Decent build quality, but shipping took longer than estimated.",neutral
REV_1815,Waste of money. Product arrived damaged and feels cheap.,negative
REV_1816,Product overheating constantly. Very frustrating and disappointing.,negative
REV_1817,Absolutely love this product! Quality is outstanding and delivery was super fast.,positive
REV_1818,"Amazing experience, the battery life is incredible and design is sleek.",positive
REV_1819,"Amazing experience, the battery life is incredible and design is sleek.",positive
REV_1820,Fair quality considering the price tag. Neither great nor bad.,neutral
REV_1821,Great value for money. Very satisfied with this purchase.,positive
REV_1822,Works perfectly out of the box. Exceeded my expectations completely.,positive
REV_1823,Absolutely love this product! Quality is outstanding and delivery was super fast.,positive
REV_1824,Worst purchase ever. Unresponsive support and broken features.,negative
REV_1825,"It works fine, nothing extraordinary but does the job.",neutral
REV_1826,Excellent customer service and top quality build. Highly recommended!,positive
REV_1827,Great value for money. Very satisfied with this purchase.,positive
REV_1828,Waste of money. Product arrived damaged and feels cheap.,negative
REV_1829,Terrible quality. Stopped working after just two days of normal use.,negative
REV_1830,Works perfectly out of the box. Exceeded my expectations completely.,positive
REV_1831,Extremely disappointed with this item. Horrible customer support.,negative
REV_1832,Fast shipping and flawless performance. Will definitely buy again.,positive
REV_1833,Best purchase I have made this year. Five stars all the way!,positive
REV_1834,Overpriced and low quality. Completely failed my expectations.,negative
REV_1835,Fast shipping and flawless performance. Will definitely buy again.,positive
REV_1836,Item received as ordered. Satisfactory performance so far.,neutral
REV_1837,Works perfectly out of the box. Exceeded my expectations completely.,positive
REV_1838,Very poor experience. Shipping took 3 weeks and item was scratched.,negative
REV_1839,Hardware feels flimsy and unstable. Would not recommend to anyone.,negative
REV_1840,"Amazing experience, the battery life is incredible and design is sleek.",positive
REV_1841,Worst purchase ever. Unresponsive support and broken features.,negative
REV_1842,"Amazing experience, the battery life is incredible and design is sleek.",positive
REV_1843,Product is okay for the price. Performs average as expected.,neutral
REV_1844,"Amazing experience, the battery life is incredible and design is sleek.",positive
REV_1845,Great value for money. Very satisfied with this purchase.,positive
REV_1846,Best purchase I have made this year. Five stars all the way!,positive
REV_1847,"It works fine, nothing extraordinary but does the job.",neutral
REV_1848,Very poor experience. Shipping took 3 weeks and item was scratched.,negative
REV_1849,Extremely disappointed with this item. Horrible customer support.,negative
REV_1850,Best purchase I have made this year. Five stars all the way!,positive
REV_1851,Defective item received. Returning immediately for a full refund.,negative
REV_1852,"Amazing experience, the battery life is incredible and design is sleek.",positive
REV_1853,Packaging was standard. Product functions reasonably well so far.,neutral
REV_1854,"Super intuitive to use, lightweight and durable. Fantastic quality.",positive
REV_1855,"Amazing experience, the battery life is incredible and design is sleek.",positive
REV_1856,Absolutely love this product! Quality is outstanding and delivery was super fast.,positive
REV_1857,Worst purchase ever. Unresponsive support and broken features.,negative
REV_1858,Does not work as advertised. Battery dies in less than an hour.,negative
REV_1859,Very impressed with the build quality and user interface. Outstanding!,positive
REV_1860,Product overheating constantly. Very frustrating and disappointing.,negative
REV_1861,Defective item received. Returning immediately for a full refund.,negative
REV_1862,Terrible quality. Stopped working after just two days of normal use.,negative
REV_1863,Works perfectly out of the box. Exceeded my expectations completely.,positive
REV_1864,Works perfectly out of the box. Exceeded my expectations completely.,positive
REV_1865,Product overheating constantly. Very frustrating and disappointing.,negative
REV_1866,Great value for money. Very satisfied with this purchase.,positive
REV_1867,Best purchase I have made this year. Five stars all the way!,positive
REV_1868,Fair quality considering the price tag. Neither great nor bad.,neutral
REV_1869,Item received as ordered. Satisfactory performance so far.,neutral
REV_1870,Great value for money. Very satisfied with this purchase.,positive
REV_1871,Best purchase I have made this year. Five stars all the way!,positive
REV_1872,Terrible quality. Stopped working after just two days of normal use.,negative
REV_1873,Fast shipping and flawless performance. Will definitely buy again.,positive
REV_1874,"Super intuitive to use, lightweight and durable. Fantastic quality.",positive
REV_1875,Very impressed with the build quality and user interface. Outstanding!,positive
REV_1876,Waste of money. Product arrived damaged and feels cheap.,negative
REV_1877,Extremely disappointed with this item. Horrible customer support.,negative
REV_1878,Absolutely love this product! Quality is outstanding and delivery was super fast.,positive
REV_1879,Works perfectly out of the box. Exceeded my expectations completely.,positive
REV_1880,"Amazing experience, the battery life is incredible and design is sleek.",positive
REV_1881,Extremely disappointed with this item. Horrible customer support.,negative
REV_1882,Works perfectly out of the box. Exceeded my expectations completely.,positive
REV_1883,Great value for money. Very satisfied with this purchase.,positive
REV_1884,Hardware feels flimsy and unstable. Would not recommend to anyone.,negative
REV_1885,Works perfectly out of the box. Exceeded my expectations completely.,positive
REV_1886,Overpriced and low quality. Completely failed my expectations.,negative
REV_1887,Fast shipping and flawless performance. Will definitely buy again.,positive
REV_1888,Great value for money. Very satisfied with this purchase.,positive
REV_1889,Absolutely love this product! Quality is outstanding and delivery was super fast.,positive
REV_1890,Terrible quality. Stopped working after just two days of normal use.,negative
REV_1891,Product is okay for the price. Performs average as expected.,neutral
REV_1892,Product is okay for the price. Performs average as expected.,neutral
REV_1893,Fast shipping and flawless performance. Will definitely buy again.,positive
REV_1894,Waste of money. Product arrived damaged and feels cheap.,negative
REV_1895,Best purchase I have made this year. Five stars all the way!,positive
REV_1896,Works perfectly out of the box. Exceeded my expectations completely.,positive
REV_1897,"Received item yesterday. Testing it out currently, seems acceptable.",neutral
REV_1898,"Super intuitive to use, lightweight and durable. Fantastic quality.",positive
REV_1899,Excellent customer service and top quality build. Highly recommended!,positive
REV_1900,Best purchase I have made this year. Five stars all the way!,positive
REV_1901,Best purchase I have made this year. Five stars all the way!,positive
REV_1902,Works perfectly out of the box. Exceeded my expectations completely.,positive
REV_1903,Defective item received. Returning immediately for a full refund.,negative
REV_1904,Customer support helped me resolve my question in minutes. Excellent service.,positive
REV_1905,Item received as ordered. Satisfactory performance so far.,neutral
REV_1906,"Received item yesterday. Testing it out currently, seems acceptable.",neutral
REV_1907,Excellent customer service and top quality build. Highly recommended!,positive
REV_1908,Very impressed with the build quality and user interface. Outstanding!,positive
REV_1909,Fast shipping and flawless performance. Will definitely buy again.,positive
REV_1910,Waste of money. Product arrived damaged and feels cheap.,negative
REV_1911,Fast shipping and flawless performance. Will definitely buy again.,positive
REV_1912,Overpriced and low quality. Completely failed my expectations.,negative
REV_1913,Works perfectly out of the box. Exceeded my expectations completely.,positive
REV_1914,Waste of money. Product arrived damaged and feels cheap.,negative
REV_1915,Excellent customer service and top quality build. Highly recommended!,positive
REV_1916,Fast shipping and flawless performance. Will definitely buy again.,positive
REV_1917,Item received as ordered. Satisfactory performance so far.,neutral
REV_1918,Terrible quality. Stopped working after just two days of normal use.,negative
REV_1919,Fast shipping and flawless performance. Will definitely buy again.,positive
REV_1920,Fair quality considering the price tag. Neither great nor bad.,neutral
REV_1921,Hardware feels flimsy and unstable. Would not recommend to anyone.,negative
REV_1922,"It works fine, nothing extraordinary but does the job.",neutral
REV_1923,Terrible quality. Stopped working after just two days of normal use.,negative
REV_1924,Great value for money. Very satisfied with this purchase.,positive
REV_1925,Very impressed with the build quality and user interface. Outstanding!,positive
REV_1926,"Amazing experience, the battery life is incredible and design is sleek.",positive
REV_1927,Terrible quality. Stopped working after just two days of normal use.,negative
REV_1928,Very poor experience. Shipping took 3 weeks and item was scratched.,negative
REV_1929,Fast shipping and flawless performance. Will definitely buy again.,positive
REV_1930,Fast shipping and flawless performance. Will definitely buy again.,positive
REV_1931,"Received item yesterday. Testing it out currently, seems acceptable.",neutral
REV_1932,"Functions as stated, but instructions could be clearer.",neutral
REV_1933,Terrible quality. Stopped working after just two days of normal use.,negative
REV_1934,Great value for money. Very satisfied with this purchase.,positive
REV_1935,Works perfectly out of the box. Exceeded my expectations completely.,positive
REV_1936,Excellent customer service and top quality build. Highly recommended!,positive
REV_1937,"Standard performance, matches the basic product description provided.",neutral
REV_1938,"Super intuitive to use, lightweight and durable. Fantastic quality.",positive
REV_1939,Overpriced and low quality. Completely failed my expectations.,negative
REV_1940,Excellent customer service and top quality build. Highly recommended!,positive
REV_1941,Does not work as advertised. Battery dies in less than an hour.,negative
REV_1942,Defective item received. Returning immediately for a full refund.,negative
REV_1943,"It works fine, nothing extraordinary but does the job.",neutral
REV_1944,Fast shipping and flawless performance. Will definitely buy again.,positive
REV_1945,Works perfectly out of the box. Exceeded my expectations completely.,positive
REV_1946,Excellent customer service and top quality build. Highly recommended!,positive
REV_1947,"It works fine, nothing extraordinary but does the job.",neutral
REV_1948,Packaging was standard. Product functions reasonably well so far.,neutral
REV_1949,Extremely disappointed with this item. Horrible customer support.,negative
REV_1950,Worst purchase ever. Unresponsive support and broken features.,negative
REV_1951,Terrible quality. Stopped working after just two days of normal use.,negative
REV_1952,"Super intuitive to use, lightweight and durable. Fantastic quality.",positive
REV_1953,"Decent build quality, but shipping took longer than estimated.",neutral
REV_1954,Customer support helped me resolve my question in minutes. Excellent service.,positive
REV_1955,Best purchase I have made this year. Five stars all the way!,positive
REV_1956,Extremely disappointed with this item. Horrible customer support.,negative
REV_1957,Excellent customer service and top quality build. Highly recommended!,positive
REV_1958,Customer support helped me resolve my question in minutes. Excellent service.,positive
REV_1959,Worst purchase ever. Unresponsive support and broken features.,negative
REV_1960,Excellent customer service and top quality build. Highly recommended!,positive
REV_1961,Hardware feels flimsy and unstable. Would not recommend to anyone.,negative
REV_1962,Works perfectly out of the box. Exceeded my expectations completely.,positive
REV_1963,Fast shipping and flawless performance. Will definitely buy again.,positive
REV_1964,"Super intuitive to use, lightweight and durable. Fantastic quality.",positive
REV_1965,Fast shipping and flawless performance. Will definitely buy again.,positive
REV_1966,Hardware feels flimsy and unstable. Would not recommend to anyone.,negative
REV_1967,Best purchase I have made this year. Five stars all the way!,positive
REV_1968,Hardware feels flimsy and unstable. Would not recommend to anyone.,negative
REV_1969,Very poor experience. Shipping took 3 weeks and item was scratched.,negative
REV_1970,Hardware feels flimsy and unstable. Would not recommend to anyone.,negative
REV_1971,Product is okay for the price. Performs average as expected.,neutral
REV_1972,Terrible quality. Stopped working after just two days of normal use.,negative
REV_1973,Very impressed with the build quality and user interface. Outstanding!,positive
REV_1974,"Amazing experience, the battery life is incredible and design is sleek.",positive
REV_1975,"Amazing experience, the battery life is incredible and design is sleek.",positive
REV_1976,Waste of money. Product arrived damaged and feels cheap.,negative
REV_1977,"Amazing experience, the battery life is incredible and design is sleek.",positive
REV_1978,Waste of money. Product arrived damaged and feels cheap.,negative
REV_1979,Overpriced and low quality. Completely failed my expectations.,negative
REV_1980,Very impressed with the build quality and user interface. Outstanding!,positive
REV_1981,Defective item received. Returning immediately for a full refund.,negative
REV_1982,Absolutely love this product! Quality is outstanding and delivery was super fast.,positive
REV_1983,"Super intuitive to use, lightweight and durable. Fantastic quality.",positive
REV_1984,Hardware feels flimsy and unstable. Would not recommend to anyone.,negative
REV_1985,Product overheating constantly. Very frustrating and disappointing.,negative
REV_1986,Product overheating constantly. Very frustrating and disappointing.,negative
REV_1987,Great value for money. Very satisfied with this purchase.,positive
REV_1988,Fast shipping and flawless performance. Will definitely buy again.,positive
REV_1989,Packaging was standard. Product functions reasonably well so far.,neutral
REV_1990,Does not work as advertised. Battery dies in less than an hour.,negative
REV_1991,Does not work as advertised. Battery dies in less than an hour.,negative
REV_1992,Excellent customer service and top quality build. Highly recommended!,positive
REV_1993,Extremely disappointed with this item. Horrible customer support.,negative
REV_1994,Great value for money. Very satisfied with this purchase.,positive
REV_1995,"Amazing experience, the battery life is incredible and design is sleek.",positive
REV_1996,"Standard performance, matches the basic product description provided.",neutral
REV_1997,Best purchase I have made this year. Five stars all the way!,positive
REV_1998,Average item. Has both good aspects and some minor flaws.,neutral
REV_1999,"Super intuitive to use, lightweight and durable. Fantastic quality.",positive
REV_2000,Fast shipping and flawless performance. Will definitely buy again.,positive
REV_2001,Extremely disappointed with this item. Horrible customer support.,negative
REV_2002,Fair quality considering the price tag. Neither great nor bad.,neutral
REV_2003,Extremely disappointed with this item. Horrible customer support.,negative
REV_2004,"Decent build quality, but shipping took longer than estimated.",neutral
REV_2005,Worst purchase ever. Unresponsive support and broken features.,negative
REV_2006,Extremely disappointed with this item. Horrible customer support.,negative
REV_2007,"Functions as stated, but instructions could be clearer.",neutral
REV_2008,Absolutely love this product! Quality is outstanding and delivery was super fast.,positive
REV_2009,Overpriced and low quality. Completely failed my expectations.,negative
REV_2010,Absolutely love this product! Quality is outstanding and delivery was super fast.,positive
REV_2011,Item received as ordered. Satisfactory performance so far.,neutral
REV_2012,Item received as ordered. Satisfactory performance so far.,neutral
REV_2013,Excellent customer service and top quality build. Highly recommended!,positive
REV_2014,Defective item received. Returning immediately for a full refund.,negative
REV_2015,Packaging was standard. Product functions reasonably well so far.,neutral
REV_2016,Absolutely love this product! Quality is outstanding and delivery was super fast.,positive
REV_2017,Hardware feels flimsy and unstable. Would not recommend to anyone.,negative
REV_2018,"Standard performance, matches the basic product description provided.",neutral
REV_2019,Excellent customer service and top quality build. Highly recommended!,positive
REV_2020,Worst purchase ever. Unresponsive support and broken features.,negative
REV_2021,Very impressed with the build quality and user interface. Outstanding!,positive
REV_2022,Packaging was standard. Product functions reasonably well so far.,neutral
REV_2023,"Received item yesterday. Testing it out currently, seems acceptable.",neutral
REV_2024,"Functions as stated, but instructions could be clearer.",neutral
REV_2025,Overpriced and low quality. Completely failed my expectations.,negative
REV_2026,Product is okay for the price. Performs average as expected.,neutral
REV_2027,"It works fine, nothing extraordinary but does the job.",neutral
REV_2028,Very impressed with the build quality and user interface. Outstanding!,positive
REV_2029,"Decent build quality, but shipping took longer than estimated.",neutral
REV_2030,Great value for money. Very satisfied with this purchase.,positive
REV_2031,Does not work as advertised. Battery dies in less than an hour.,negative
REV_2032,Excellent customer service and top quality build. Highly recommended!,positive
REV_2033,Works perfectly out of the box. Exceeded my expectations completely.,positive
REV_2034,Works perfectly out of the box. Exceeded my expectations completely.,positive
REV_2035,Terrible quality. Stopped working after just two days of normal use.,negative
REV_2036,Best purchase I have made this year. Five stars all the way!,positive
REV_2037,Worst purchase ever. Unresponsive support and broken features.,negative
REV_2038,Works perfectly out of the box. Exceeded my expectations completely.,positive
REV_2039,"Amazing experience, the battery life is incredible and design is sleek.",positive
REV_2040,Terrible quality. Stopped working after just two days of normal use.,negative
REV_2041,Product overheating constantly. Very frustrating and disappointing.,negative
REV_2042,"Super intuitive to use, lightweight and durable. Fantastic quality.",positive
REV_2043,Product overheating constantly. Very frustrating and disappointing.,negative
REV_2044,Product is okay for the price. Performs average as expected.,neutral
REV_2045,Overpriced and low quality. Completely failed my expectations.,negative
REV_2046,Fast shipping and flawless performance. Will definitely buy again.,positive
REV_2047,"Super intuitive to use, lightweight and durable. Fantastic quality.",positive
REV_2048,Item received as ordered. Satisfactory performance so far.,neutral
REV_2049,"Super intuitive to use, lightweight and durable. Fantastic quality.",positive
REV_2050,"Received item yesterday. Testing it out currently, seems acceptable.",neutral
REV_2051,Very poor experience. Shipping took 3 weeks and item was scratched.,negative
REV_2052,"Received item yesterday. Testing it out currently, seems acceptable.",neutral
REV_2053,Terrible quality. Stopped working after just two days of normal use.,negative
REV_2054,"Standard performance, matches the basic product description provided.",neutral
REV_2055,Absolutely love this product! Quality is outstanding and delivery was super fast.,positive
REV_2056,Does not work as advertised. Battery dies in less than an hour.,negative
REV_2057,Very impressed with the build quality and user interface. Outstanding!,positive
REV_2058,Overpriced and low quality. Completely failed my expectations.,negative
REV_2059,Very poor experience. Shipping took 3 weeks and item was scratched.,negative
REV_2060,Average item. Has both good aspects and some minor flaws.,neutral
REV_2061,"It works fine, nothing extraordinary but does the job.",neutral
REV_2062,Waste of money. Product arrived damaged and feels cheap.,negative
REV_2063,"Amazing experience, the battery life is incredible and design is sleek.",positive
REV_2064,Customer support helped me resolve my question in minutes. Excellent service.,positive
REV_2065,Terrible quality. Stopped working after just two days of normal use.,negative
REV_2066,"Amazing experience, the battery life is incredible and design is sleek.",positive
REV_2067,Best purchase I have made this year. Five stars all the way!,positive
REV_2068,"Super intuitive to use, lightweight and durable. Fantastic quality.",positive
REV_2069,Very impressed with the build quality and user interface. Outstanding!,positive
REV_2070,Works perfectly out of the box. Exceeded my expectations completely.,positive
REV_2071,Excellent customer service and top quality build. Highly recommended!,positive
REV_2072,Works perfectly out of the box. Exceeded my expectations completely.,positive
REV_2073,Very impressed with the build quality and user interface. Outstanding!,positive
REV_2074,Fair quality considering the price tag. Neither great nor bad.,neutral
REV_2075,Very impressed with the build quality and user interface. Outstanding!,positive
REV_2076,Excellent customer service and top quality build. Highly recommended!,positive
REV_2077,Very poor experience. Shipping took 3 weeks and item was scratched.,negative
REV_2078,Great value for money. Very satisfied with this purchase.,positive
REV_2079,"Decent build quality, but shipping took longer than estimated.",neutral
REV_2080,Overpriced and low quality. Completely failed my expectations.,negative
REV_2081,Very impressed with the build quality and user interface. Outstanding!,positive
REV_2082,Best purchase I have made this year. Five stars all the way!,positive
REV_2083,Packaging was standard. Product functions reasonably well so far.,neutral
REV_2084,"Standard performance, matches the basic product description provided.",neutral
REV_2085,Defective item received. Returning immediately for a full refund.,negative
REV_2086,Terrible quality. Stopped working after just two days of normal use.,negative
REV_2087,Great value for money. Very satisfied with this purchase.,positive
REV_2088,Fair quality considering the price tag. Neither great nor bad.,neutral
REV_2089,Excellent customer service and top quality build. Highly recommended!,positive
REV_2090,"Functions as stated, but instructions could be clearer.",neutral
REV_2091,Worst purchase ever. Unresponsive support and broken features.,negative
REV_2092,Worst purchase ever. Unresponsive support and broken features.,negative
REV_2093,Hardware feels flimsy and unstable. Would not recommend to anyone.,negative
REV_2094,Great value for money. Very satisfied with this purchase.,positive
REV_2095,Excellent customer service and top quality build. Highly recommended!,positive
REV_2096,Works perfectly out of the box. Exceeded my expectations completely.,positive
REV_2097,Best purchase I have made this year. Five stars all the way!,positive
REV_2098,Very poor experience. Shipping took 3 weeks and item was scratched.,negative
REV_2099,Fast shipping and flawless performance. Will definitely buy again.,positive
REV_2100,Best purchase I have made this year. Five stars all the way!,positive
REV_2101,Packaging was standard. Product functions reasonably well so far.,neutral
REV_2102,Product is okay for the price. Performs average as expected.,neutral
REV_2103,Average item. Has both good aspects and some minor flaws.,neutral
REV_2104,"Received item yesterday. Testing it out currently, seems acceptable.",neutral
REV_2105,Works perfectly out of the box. Exceeded my expectations completely.,positive
REV_2106,Very impressed with the build quality and user interface. Outstanding!,positive
REV_2107,Terrible quality. Stopped working after just two days of normal use.,negative
REV_2108,Defective item received. Returning immediately for a full refund.,negative
REV_2109,Best purchase I have made this year. Five stars all the way!,positive
REV_2110,Item received as ordered. Satisfactory performance so far.,neutral
REV_2111,"Amazing experience, the battery life is incredible and design is sleek.",positive
REV_2112,"Amazing experience, the battery life is incredible and design is sleek.",positive
REV_2113,Product overheating constantly. Very frustrating and disappointing.,negative
REV_2114,Very poor experience. Shipping took 3 weeks and item was scratched.,negative
REV_2115,Defective item received. Returning immediately for a full refund.,negative
REV_2116,Fast shipping and flawless performance. Will definitely buy again.,positive
REV_2117,"Decent build quality, but shipping took longer than estimated.",neutral
REV_2118,Best purchase I have made this year. Five stars all the way!,positive
REV_2119,Absolutely love this product! Quality is outstanding and delivery was super fast.,positive
REV_2120,Average item. Has both good aspects and some minor flaws.,neutral
REV_2121,Item received as ordered. Satisfactory performance so far.,neutral
REV_2122,"It works fine, nothing extraordinary but does the job.",neutral
REV_2123,"Functions as stated, but instructions could be clearer.",neutral
REV_2124,Waste of money. Product arrived damaged and feels cheap.,negative
REV_2125,Defective item received. Returning immediately for a full refund.,negative
REV_2126,Absolutely love this product! Quality is outstanding and delivery was super fast.,positive
REV_2127,Best purchase I have made this year. Five stars all the way!,positive
REV_2128,Great value for money. Very satisfied with this purchase.,positive
REV_2129,Fast shipping and flawless performance. Will definitely buy again.,positive
REV_2130,Overpriced and low quality. Completely failed my expectations.,negative
REV_2131,Does not work as advertised. Battery dies in less than an hour.,negative
REV_2132,Customer support helped me resolve my question in minutes. Excellent service.,positive
REV_2133,Customer support helped me resolve my question in minutes. Excellent service.,positive
REV_2134,Defective item received. Returning immediately for a full refund.,negative
REV_2135,Absolutely love this product! Quality is outstanding and delivery was super fast.,positive
REV_2136,Average item. Has both good aspects and some minor flaws.,neutral
REV_2137,Hardware feels flimsy and unstable. Would not recommend to anyone.,negative
REV_2138,Terrible quality. Stopped working after just two days of normal use.,negative
REV_2139,Worst purchase ever. Unresponsive support and broken features.,negative
REV_2140,Item received as ordered. Satisfactory performance so far.,neutral
REV_2141,Best purchase I have made this year. Five stars all the way!,positive
REV_2142,Very poor experience. Shipping took 3 weeks and item was scratched.,negative
REV_2143,Product overheating constantly. Very frustrating and disappointing.,negative
REV_2144,Very impressed with the build quality and user interface. Outstanding!,positive
REV_2145,"Decent build quality, but shipping took longer than estimated.",neutral
REV_2146,Very poor experience. Shipping took 3 weeks and item was scratched.,negative
REV_2147,Defective item received. Returning immediately for a full refund.,negative
REV_2148,Fair quality considering the price tag. Neither great nor bad.,neutral
REV_2149,"Received item yesterday. Testing it out currently, seems acceptable.",neutral
REV_2150,Overpriced and low quality. Completely failed my expectations.,negative
REV_2151,Product is okay for the price. Performs average as expected.,neutral
REV_2152,Hardware feels flimsy and unstable. Would not recommend to anyone.,negative
REV_2153,Product overheating constantly. Very frustrating and disappointing.,negative
REV_2154,Hardware feels flimsy and unstable. Would not recommend to anyone.,negative
REV_2155,Does not work as advertised. Battery dies in less than an hour.,negative
REV_2156,Very impressed with the build quality and user interface. Outstanding!,positive
REV_2157,"Received item yesterday. Testing it out currently, seems acceptable.",neutral
REV_2158,Average item. Has both good aspects and some minor flaws.,neutral
REV_2159,"Super intuitive to use, lightweight and durable. Fantastic quality.",positive
REV_2160,Average item. Has both good aspects and some minor flaws.,neutral
REV_2161,Works perfectly out of the box. Exceeded my expectations completely.,positive
REV_2162,Very impressed with the build quality and user interface. Outstanding!,positive
REV_2163,Worst purchase ever. Unresponsive support and broken features.,negative
REV_2164,Absolutely love this product! Quality is outstanding and delivery was super fast.,positive
REV_2165,Fair quality considering the price tag. Neither great nor bad.,neutral
REV_2166,"Functions as stated, but instructions could be clearer.",neutral
REV_2167,Worst purchase ever. Unresponsive support and broken features.,negative
REV_2168,Fast shipping and flawless performance. Will definitely buy again.,positive
REV_2169,Best purchase I have made this year. Five stars all the way!,positive
REV_2170,Does not work as advertised. Battery dies in less than an hour.,negative
REV_2171,"Standard performance, matches the basic product description provided.",neutral
REV_2172,Waste of money. Product arrived damaged and feels cheap.,negative
REV_2173,Very impressed with the build quality and user interface. Outstanding!,positive
REV_2174,Extremely disappointed with this item. Horrible customer support.,negative
REV_2175,Extremely disappointed with this item. Horrible customer support.,negative
REV_2176,Hardware feels flimsy and unstable. Would not recommend to anyone.,negative
REV_2177,Customer support helped me resolve my question in minutes. Excellent service.,positive
REV_2178,Does not work as advertised. Battery dies in less than an hour.,negative
REV_2179,Product overheating constantly. Very frustrating and disappointing.,negative
REV_2180,"Standard performance, matches the basic product description provided.",neutral
REV_2181,Very impressed with the build quality and user interface. Outstanding!,positive
REV_2182,Hardware feels flimsy and unstable. Would not recommend to anyone.,negative
REV_2183,"Received item yesterday. Testing it out currently, seems acceptable.",neutral
REV_2184,Fast shipping and flawless performance. Will definitely buy again.,positive
REV_2185,Average item. Has both good aspects and some minor flaws.,neutral
REV_2186,Extremely disappointed with this item. Horrible customer support.,negative
REV_2187,Best purchase I have made this year. Five stars all the way!,positive
REV_2188,Very impressed with the build quality and user interface. Outstanding!,positive
REV_2189,Terrible quality. Stopped working after just two days of normal use.,negative
REV_2190,Customer support helped me resolve my question in minutes. Excellent service.,positive
REV_2191,Hardware feels flimsy and unstable. Would not recommend to anyone.,negative
REV_2192,Customer support helped me resolve my question in minutes. Excellent service.,positive
REV_2193,Overpriced and low quality. Completely failed my expectations.,negative
REV_2194,Customer support helped me resolve my question in minutes. Excellent service.,positive
REV_2195,"Functions as stated, but instructions could be clearer.",neutral
REV_2196,Item received as ordered. Satisfactory performance so far.,neutral
REV_2197,"It works fine, nothing extraordinary but does the job.",neutral
REV_2198,Very poor experience. Shipping took 3 weeks and item was scratched.,negative
REV_2199,Fast shipping and flawless performance. Will definitely buy again.,positive
REV_2200,Worst purchase ever. Unresponsive support and broken features.,negative
REV_2201,Great value for money. Very satisfied with this purchase.,positive
REV_2202,Absolutely love this product! Quality is outstanding and delivery was super fast.,positive
REV_2203,Absolutely love this product! Quality is outstanding and delivery was super fast.,positive
REV_2204,Does not work as advertised. Battery dies in less than an hour.,negative
REV_2205,Defective item received. Returning immediately for a full refund.,negative
REV_2206,Worst purchase ever. Unresponsive support and broken features.,negative
REV_2207,Best purchase I have made this year. Five stars all the way!,positive
REV_2208,Very impressed with the build quality and user interface. Outstanding!,positive
REV_2209,"Functions as stated, but instructions could be clearer.",neutral
REV_2210,Excellent customer service and top quality build. Highly recommended!,positive
REV_2211,Product overheating constantly. Very frustrating and disappointing.,negative
REV_2212,Absolutely love this product! Quality is outstanding and delivery was super fast.,positive
REV_2213,Extremely disappointed with this item. Horrible customer support.,negative
REV_2214,Very poor experience. Shipping took 3 weeks and item was scratched.,negative
REV_2215,Great value for money. Very satisfied with this purchase.,positive
REV_2216,Great value for money. Very satisfied with this purchase.,positive
REV_2217,Overpriced and low quality. Completely failed my expectations.,negative
REV_2218,Worst purchase ever. Unresponsive support and broken features.,negative
REV_2219,Best purchase I have made this year. Five stars all the way!,positive
REV_2220,Product is okay for the price. Performs average as expected.,neutral
REV_2221,Excellent customer service and top quality build. Highly recommended!,positive
REV_2222,Best purchase I have made this year. Five stars all the way!,positive
REV_2223,"Decent build quality, but shipping took longer than estimated.",neutral
REV_2224,Customer support helped me resolve my question in minutes. Excellent service.,positive
REV_2225,Very poor experience. Shipping took 3 weeks and item was scratched.,negative
REV_2226,"Amazing experience, the battery life is incredible and design is sleek.",positive
REV_2227,Best purchase I have made this year. Five stars all the way!,positive
REV_2228,Packaging was standard. Product functions reasonably well so far.,neutral
REV_2229,Best purchase I have made this year. Five stars all the way!,positive
REV_2230,"Decent build quality, but shipping took longer than estimated.",neutral
REV_2231,Customer support helped me resolve my question in minutes. Excellent service.,positive
REV_2232,Works perfectly out of the box. Exceeded my expectations completely.,positive
REV_2233,Best purchase I have made this year. Five stars all the way!,positive
REV_2234,Worst purchase ever. Unresponsive support and broken features.,negative
REV_2235,Absolutely love this product! Quality is outstanding and delivery was super fast.,positive
REV_2236,Product is okay for the price. Performs average as expected.,neutral
REV_2237,Extremely disappointed with this item. Horrible customer support.,negative
REV_2238,Packaging was standard. Product functions reasonably well so far.,neutral
REV_2239,Very impressed with the build quality and user interface. Outstanding!,positive
REV_2240,Average item. Has both good aspects and some minor flaws.,neutral
REV_2241,Waste of money. Product arrived damaged and feels cheap.,negative
REV_2242,Worst purchase ever. Unresponsive support and broken features.,negative
REV_2243,Item received as ordered. Satisfactory performance so far.,neutral
REV_2244,Overpriced and low quality. Completely failed my expectations.,negative
REV_2245,Very poor experience. Shipping took 3 weeks and item was scratched.,negative
REV_2246,Very impressed with the build quality and user interface. Outstanding!,positive
REV_2247,Excellent customer service and top quality build. Highly recommended!,positive
REV_2248,"It works fine, nothing extraordinary but does the job.",neutral
REV_2249,Hardware feels flimsy and unstable. Would not recommend to anyone.,negative
REV_2250,Hardware feels flimsy and unstable. Would not recommend to anyone.,negative
REV_2251,Defective item received. Returning immediately for a full refund.,negative
REV_2252,Best purchase I have made this year. Five stars all the way!,positive
REV_2253,Excellent customer service and top quality build. Highly recommended!,positive
REV_2254,Product overheating constantly. Very frustrating and disappointing.,negative
REV_2255,Best purchase I have made this year. Five stars all the way!,positive
REV_2256,Great value for money. Very satisfied with this purchase.,positive
REV_2257,Waste of money. Product arrived damaged and feels cheap.,negative
REV_2258,Excellent customer service and top quality build. Highly recommended!,positive
REV_2259,Terrible quality. Stopped working after just two days of normal use.,negative
REV_2260,"Amazing experience, the battery life is incredible and design is sleek.",positive
REV_2261,Extremely disappointed with this item. Horrible customer support.,negative
REV_2262,Excellent customer service and top quality build. Highly recommended!,positive
REV_2263,Hardware feels flimsy and unstable. Would not recommend to anyone.,negative
REV_2264,Fast shipping and flawless performance. Will definitely buy again.,positive
REV_2265,Customer support helped me resolve my question in minutes. Excellent service.,positive
REV_2266,Fast shipping and flawless performance. Will definitely buy again.,positive
REV_2267,Does not work as advertised. Battery dies in less than an hour.,negative
REV_2268,Terrible quality. Stopped working after just two days of normal use.,negative
REV_2269,"Super intuitive to use, lightweight and durable. Fantastic quality.",positive
REV_2270,Terrible quality. Stopped working after just two days of normal use.,negative
REV_2271,Average item. Has both good aspects and some minor flaws.,neutral
REV_2272,Worst purchase ever. Unresponsive support and broken features.,negative
REV_2273,Excellent customer service and top quality build. Highly recommended!,positive
REV_2274,Defective item received. Returning immediately for a full refund.,negative
REV_2275,Best purchase I have made this year. Five stars all the way!,positive
REV_2276,Very impressed with the build quality and user interface. Outstanding!,positive
REV_2277,"Received item yesterday. Testing it out currently, seems acceptable.",neutral
REV_2278,Customer support helped me resolve my question in minutes. Excellent service.,positive
REV_2279,Does not work as advertised. Battery dies in less than an hour.,negative
REV_2280,Very poor experience. Shipping took 3 weeks and item was scratched.,negative
REV_2281,Product overheating constantly. Very frustrating and disappointing.,negative
REV_2282,Very poor experience. Shipping took 3 weeks and item was scratched.,negative
REV_2283,Fast shipping and flawless performance. Will definitely buy again.,positive
REV_2284,Customer support helped me resolve my question in minutes. Excellent service.,positive
REV_2285,Worst purchase ever. Unresponsive support and broken features.,negative
REV_2286,Excellent customer service and top quality build. Highly recommended!,positive
REV_2287,"Super intuitive to use, lightweight and durable. Fantastic quality.",positive
REV_2288,Fast shipping and flawless performance. Will definitely buy again.,positive
REV_2289,Best purchase I have made this year. Five stars all the way!,positive
REV_2290,"Amazing experience, the battery life is incredible and design is sleek.",positive
REV_2291,Very impressed with the build quality and user interface. Outstanding!,positive
REV_2292,Waste of money. Product arrived damaged and feels cheap.,negative
REV_2293,Product overheating constantly. Very frustrating and disappointing.,negative
REV_2294,Average item. Has both good aspects and some minor flaws.,neutral
REV_2295,Very impressed with the build quality and user interface. Outstanding!,positive
REV_2296,Best purchase I have made this year. Five stars all the way!,positive
REV_2297,Fast shipping and flawless performance. Will definitely buy again.,positive
REV_2298,Hardware feels flimsy and unstable. Would not recommend to anyone.,negative
REV_2299,Extremely disappointed with this item. Horrible customer support.,negative
REV_2300,Works perfectly out of the box. Exceeded my expectations completely.,positive
REV_2301,Product is okay for the price. Performs average as expected.,neutral
REV_2302,Very impressed with the build quality and user interface. Outstanding!,positive
REV_2303,Hardware feels flimsy and unstable. Would not recommend to anyone.,negative
REV_2304,Terrible quality. Stopped working after just two days of normal use.,negative
REV_2305,"It works fine, nothing extraordinary but does the job.",neutral
REV_2306,Does not work as advertised. Battery dies in less than an hour.,negative
REV_2307,Average item. Has both good aspects and some minor flaws.,neutral
REV_2308,"Amazing experience, the battery life is incredible and design is sleek.",positive
REV_2309,"It works fine, nothing extraordinary but does the job.",neutral
REV_2310,Works perfectly out of the box. Exceeded my expectations completely.,positive
REV_2311,Product is okay for the price. Performs average as expected.,neutral
REV_2312,Hardware feels flimsy and unstable. Would not recommend to anyone.,negative
REV_2313,Item received as ordered. Satisfactory performance so far.,neutral
REV_2314,Terrible quality. Stopped working after just two days of normal use.,negative
REV_2315,Extremely disappointed with this item. Horrible customer support.,negative
REV_2316,Does not work as advertised. Battery dies in less than an hour.,negative
REV_2317,Does not work as advertised. Battery dies in less than an hour.,negative
REV_2318,"Amazing experience, the battery life is incredible and design is sleek.",positive
REV_2319,Excellent customer service and top quality build. Highly recommended!,positive
REV_2320,Great value for money. Very satisfied with this purchase.,positive
REV_2321,Absolutely love this product! Quality is outstanding and delivery was super fast.,positive
REV_2322,"Decent build quality, but shipping took longer than estimated.",neutral
REV_2323,Absolutely love this product! Quality is outstanding and delivery was super fast.,positive
REV_2324,Item received as ordered. Satisfactory performance so far.,neutral
REV_2325,Customer support helped me resolve my question in minutes. Excellent service.,positive
REV_2326,Great value for money. Very satisfied with this purchase.,positive
REV_2327,Does not work as advertised. Battery dies in less than an hour.,negative
REV_2328,Hardware feels flimsy and unstable. Would not recommend to anyone.,negative
REV_2329,Product overheating constantly. Very frustrating and disappointing.,negative
REV_2330,Overpriced and low quality. Completely failed my expectations.,negative
REV_2331,Overpriced and low quality. Completely failed my expectations.,negative
REV_2332,"Amazing experience, the battery life is incredible and design is sleek.",positive
REV_2333,Item received as ordered. Satisfactory performance so far.,neutral
REV_2334,Product is okay for the price. Performs average as expected.,neutral
REV_2335,Terrible quality. Stopped working after just two days of normal use.,negative
REV_2336,Best purchase I have made this year. Five stars all the way!,positive
REV_2337,Extremely disappointed with this item. Horrible customer support.,negative
REV_2338,Fast shipping and flawless performance. Will definitely buy again.,positive
REV_2339,Very impressed with the build quality and user interface. Outstanding!,positive
REV_2340,Great value for money. Very satisfied with this purchase.,positive
REV_2341,Very poor experience. Shipping took 3 weeks and item was scratched.,negative
REV_2342,"Standard performance, matches the basic product description provided.",neutral
REV_2343,Waste of money. Product arrived damaged and feels cheap.,negative
REV_2344,Very poor experience. Shipping took 3 weeks and item was scratched.,negative
REV_2345,Works perfectly out of the box. Exceeded my expectations completely.,positive
REV_2346,Customer support helped me resolve my question in minutes. Excellent service.,positive
REV_2347,Works perfectly out of the box. Exceeded my expectations completely.,positive
REV_2348,"It works fine, nothing extraordinary but does the job.",neutral
REV_2349,"Super intuitive to use, lightweight and durable. Fantastic quality.",positive
REV_2350,Fair quality considering the price tag. Neither great nor bad.,neutral
REV_2351,Hardware feels flimsy and unstable. Would not recommend to anyone.,negative
REV_2352,Customer support helped me resolve my question in minutes. Excellent service.,positive
REV_2353,Worst purchase ever. Unresponsive support and broken features.,negative
REV_2354,Very poor experience. Shipping took 3 weeks and item was scratched.,negative
REV_2355,"Received item yesterday. Testing it out currently, seems acceptable.",neutral
REV_2356,Average item. Has both good aspects and some minor flaws.,neutral
REV_2357,"Super intuitive to use, lightweight and durable. Fantastic quality.",positive
REV_2358,Customer support helped me resolve my question in minutes. Excellent service.,positive
REV_2359,Does not work as advertised. Battery dies in less than an hour.,negative
REV_2360,"Decent build quality, but shipping took longer than estimated.",neutral
REV_2361,Great value for money. Very satisfied with this purchase.,positive
REV_2362,Worst purchase ever. Unresponsive support and broken features.,negative
REV_2363,Overpriced and low quality. Completely failed my expectations.,negative
REV_2364,Waste of money. Product arrived damaged and feels cheap.,negative
REV_2365,"Super intuitive to use, lightweight and durable. Fantastic quality.",positive
REV_2366,Overpriced and low quality. Completely failed my expectations.,negative
REV_2367,Average item. Has both good aspects and some minor flaws.,neutral
REV_2368,Customer support helped me resolve my question in minutes. Excellent service.,positive
REV_2369,Works perfectly out of the box. Exceeded my expectations completely.,positive
REV_2370,"Received item yesterday. Testing it out currently, seems acceptable.",neutral
REV_2371,Absolutely love this product! Quality is outstanding and delivery was super fast.,positive
REV_2372,"It works fine, nothing extraordinary but does the job.",neutral
REV_2373,Worst purchase ever. Unresponsive support and broken features.,negative
REV_2374,Fast shipping and flawless performance. Will definitely buy again.,positive
REV_2375,Average item. Has both good aspects and some minor flaws.,neutral
REV_2376,Excellent customer service and top quality build. Highly recommended!,positive
REV_2377,Worst purchase ever. Unresponsive support and broken features.,negative
REV_2378,Fast shipping and flawless performance. Will definitely buy again.,positive
REV_2379,Product overheating constantly. Very frustrating and disappointing.,negative
REV_2380,Great value for money. Very satisfied with this purchase.,positive
REV_2381,Works perfectly out of the box. Exceeded my expectations completely.,positive
REV_2382,"Decent build quality, but shipping took longer than estimated.",neutral
REV_2383,Very impressed with the build quality and user interface. Outstanding!,positive
REV_2384,Terrible quality. Stopped working after just two days of normal use.,negative
REV_2385,"Super intuitive to use, lightweight and durable. Fantastic quality.",positive
REV_2386,Very poor experience. Shipping took 3 weeks and item was scratched.,negative
REV_2387,Fast shipping and flawless performance. Will definitely buy again.,positive
REV_2388,Average item. Has both good aspects and some minor flaws.,neutral
REV_2389,Hardware feels flimsy and unstable. Would not recommend to anyone.,negative
REV_2390,"Amazing experience, the battery life is incredible and design is sleek.",positive
REV_2391,"Amazing experience, the battery life is incredible and design is sleek.",positive
REV_2392,Very impressed with the build quality and user interface. Outstanding!,positive
REV_2393,Overpriced and low quality. Completely failed my expectations.,negative
REV_2394,Very impressed with the build quality and user interface. Outstanding!,positive
REV_2395,Packaging was standard. Product functions reasonably well so far.,neutral
REV_2396,Best purchase I have made this year. Five stars all the way!,positive
REV_2397,"Amazing experience, the battery life is incredible and design is sleek.",positive
REV_2398,Overpriced and low quality. Completely failed my expectations.,negative
REV_2399,Product overheating constantly. Very frustrating and disappointing.,negative
REV_2400,Fast shipping and flawless performance. Will definitely buy again.,positive
REV_2401,"Super intuitive to use, lightweight and durable. Fantastic quality.",positive
REV_2402,"Super intuitive to use, lightweight and durable. Fantastic quality.",positive
REV_2403,Defective item received. Returning immediately for a full refund.,negative
REV_2404,Very poor experience. Shipping took 3 weeks and item was scratched.,negative
REV_2405,Does not work as advertised. Battery dies in less than an hour.,negative
REV_2406,"It works fine, nothing extraordinary but does the job.",neutral
REV_2407,"It works fine, nothing extraordinary but does the job.",neutral
REV_2408,Defective item received. Returning immediately for a full refund.,negative
REV_2409,Average item. Has both good aspects and some minor flaws.,neutral
REV_2410,Best purchase I have made this year. Five stars all the way!,positive
REV_2411,Works perfectly out of the box. Exceeded my expectations completely.,positive
REV_2412,Great value for money. Very satisfied with this purchase.,positive
REV_2413,Very impressed with the build quality and user interface. Outstanding!,positive
REV_2414,Very poor experience. Shipping took 3 weeks and item was scratched.,negative
REV_2415,Fair quality considering the price tag. Neither great nor bad.,neutral
REV_2416,Customer support helped me resolve my question in minutes. Excellent service.,positive
REV_2417,Excellent customer service and top quality build. Highly recommended!,positive
REV_2418,Very poor experience. Shipping took 3 weeks and item was scratched.,negative
REV_2419,"Functions as stated, but instructions could be clearer.",neutral
REV_2420,Works perfectly out of the box. Exceeded my expectations completely.,positive
REV_2421,Overpriced and low quality. Completely failed my expectations.,negative
REV_2422,Best purchase I have made this year. Five stars all the way!,positive
REV_2423,Great value for money. Very satisfied with this purchase.,positive
REV_2424,Fair quality considering the price tag. Neither great nor bad.,neutral
REV_2425,"Standard performance, matches the basic product description provided.",neutral
REV_2426,Best purchase I have made this year. Five stars all the way!,positive
REV_2427,"Received item yesterday. Testing it out currently, seems acceptable.",neutral
REV_2428,Defective item received. Returning immediately for a full refund.,negative
REV_2429,"Received item yesterday. Testing it out currently, seems acceptable.",neutral
REV_2430,Worst purchase ever. Unresponsive support and broken features.,negative
REV_2431,Terrible quality. Stopped working after just two days of normal use.,negative
REV_2432,Hardware feels flimsy and unstable. Would not recommend to anyone.,negative
REV_2433,Product overheating constantly. Very frustrating and disappointing.,negative
REV_2434,Customer support helped me resolve my question in minutes. Excellent service.,positive
REV_2435,Excellent customer service and top quality build. Highly recommended!,positive
REV_2436,Very impressed with the build quality and user interface. Outstanding!,positive
REV_2437,Terrible quality. Stopped working after just two days of normal use.,negative
REV_2438,Customer support helped me resolve my question in minutes. Excellent service.,positive
REV_2439,Defective item received. Returning immediately for a full refund.,negative
REV_2440,"Functions as stated, but instructions could be clearer.",neutral
REV_2441,Absolutely love this product! Quality is outstanding and delivery was super fast.,positive
REV_2442,Does not work as advertised. Battery dies in less than an hour.,negative
REV_2443,Great value for money. Very satisfied with this purchase.,positive
REV_2444,"Functions as stated, but instructions could be clearer.",neutral
REV_2445,"Amazing experience, the battery life is incredible and design is sleek.",positive
REV_2446,Very poor experience. Shipping took 3 weeks and item was scratched.,negative
REV_2447,Packaging was standard. Product functions reasonably well so far.,neutral
REV_2448,Product is okay for the price. Performs average as expected.,neutral
REV_2449,Terrible quality. Stopped working after just two days of normal use.,negative
REV_2450,Overpriced and low quality. Completely failed my expectations.,negative
REV_2451,Waste of money. Product arrived damaged and feels cheap.,negative
REV_2452,Average item. Has both good aspects and some minor flaws.,neutral
REV_2453,Terrible quality. Stopped working after just two days of normal use.,negative
REV_2454,Very impressed with the build quality and user interface. Outstanding!,positive
REV_2455,"Standard performance, matches the basic product description provided.",neutral
REV_2456,Extremely disappointed with this item. Horrible customer support.,negative
REV_2457,Worst purchase ever. Unresponsive support and broken features.,negative
REV_2458,"Super intuitive to use, lightweight and durable. Fantastic quality.",positive
REV_2459,Defective item received. Returning immediately for a full refund.,negative
REV_2460,Absolutely love this product! Quality is outstanding and delivery was super fast.,positive
REV_2461,Hardware feels flimsy and unstable. Would not recommend to anyone.,negative
REV_2462,Customer support helped me resolve my question in minutes. Excellent service.,positive
REV_2463,Hardware feels flimsy and unstable. Would not recommend to anyone.,negative
REV_2464,"Functions as stated, but instructions could be clearer.",neutral
REV_2465,Absolutely love this product! Quality is outstanding and delivery was super fast.,positive
REV_2466,"Decent build quality, but shipping took longer than estimated.",neutral
REV_2467,Very impressed with the build quality and user interface. Outstanding!,positive
REV_2468,"Functions as stated, but instructions could be clearer.",neutral
REV_2469,Defective item received. Returning immediately for a full refund.,negative
REV_2470,Defective item received. Returning immediately for a full refund.,negative
REV_2471,Does not work as advertised. Battery dies in less than an hour.,negative
REV_2472,Average item. Has both good aspects and some minor flaws.,neutral
REV_2473,"Amazing experience, the battery life is incredible and design is sleek.",positive
REV_2474,Works perfectly out of the box. Exceeded my expectations completely.,positive
REV_2475,Terrible quality. Stopped working after just two days of normal use.,negative
REV_2476,Product is okay for the price. Performs average as expected.,neutral
REV_2477,Hardware feels flimsy and unstable. Would not recommend to anyone.,negative
REV_2478,Terrible quality. Stopped working after just two days of normal use.,negative
REV_2479,Absolutely love this product! Quality is outstanding and delivery was super fast.,positive
REV_2480,"It works fine, nothing extraordinary but does the job.",neutral
REV_2481,Customer support helped me resolve my question in minutes. Excellent service.,positive
REV_2482,Does not work as advertised. Battery dies in less than an hour.,negative
REV_2483,Great value for money. Very satisfied with this purchase.,positive
REV_2484,Excellent customer service and top quality build. Highly recommended!,positive
REV_2485,Absolutely love this product! Quality is outstanding and delivery was super fast.,positive
REV_2486,Works perfectly out of the box. Exceeded my expectations completely.,positive
REV_2487,Does not work as advertised. Battery dies in less than an hour.,negative
REV_2488,Works perfectly out of the box. Exceeded my expectations completely.,positive
REV_2489,Fast shipping and flawless performance. Will definitely buy again.,positive
REV_2490,Customer support helped me resolve my question in minutes. Excellent service.,positive
REV_2491,Absolutely love this product! Quality is outstanding and delivery was super fast.,positive
REV_2492,Excellent customer service and top quality build. Highly recommended!,positive
REV_2493,"Super intuitive to use, lightweight and durable. Fantastic quality.",positive
REV_2494,Does not work as advertised. Battery dies in less than an hour.,negative
REV_2495,Worst purchase ever. Unresponsive support and broken features.,negative
REV_2496,Waste of money. Product arrived damaged and feels cheap.,negative
REV_2497,Defective item received. Returning immediately for a full refund.,negative
REV_2498,Very impressed with the build quality and user interface. Outstanding!,positive
REV_2499,Product is okay for the price. Performs average as expected.,neutral
REV_2500,Terrible quality. Stopped working after just two days of normal use.,negative
REV_2501,Worst purchase ever. Unresponsive support and broken features.,negative
REV_2502,Works perfectly out of the box. Exceeded my expectations completely.,positive
REV_2503,"Amazing experience, the battery life is incredible and design is sleek.",positive
REV_2504,Absolutely love this product! Quality is outstanding and delivery was super fast.,positive
REV_2505,"Amazing experience, the battery life is incredible and design is sleek.",positive
REV_2506,Defective item received. Returning immediately for a full refund.,negative
REV_2507,Worst purchase ever. Unresponsive support and broken features.,negative
REV_2508,Waste of money. Product arrived damaged and feels cheap.,negative
REV_2509,Waste of money. Product arrived damaged and feels cheap.,negative
REV_2510,Item received as ordered. Satisfactory performance so far.,neutral
REV_2511,Overpriced and low quality. Completely failed my expectations.,negative
REV_2512,Average item. Has both good aspects and some minor flaws.,neutral
REV_2513,Great value for money. Very satisfied with this purchase.,positive
REV_2514,"Super intuitive to use, lightweight and durable. Fantastic quality.",positive
REV_2515,Excellent customer service and top quality build. Highly recommended!,positive
REV_2516,Worst purchase ever. Unresponsive support and broken features.,negative
REV_2517,Packaging was standard. Product functions reasonably well so far.,neutral
REV_2518,Works perfectly out of the box. Exceeded my expectations completely.,positive
REV_2519,"Functions as stated, but instructions could be clearer.",neutral
REV_2520,"Amazing experience, the battery life is incredible and design is sleek.",positive
REV_2521,"Standard performance, matches the basic product description provided.",neutral
REV_2522,"Super intuitive to use, lightweight and durable. Fantastic quality.",positive
REV_2523,Fast shipping and flawless performance. Will definitely buy again.,positive
REV_2524,Hardware feels flimsy and unstable. Would not recommend to anyone.,negative
REV_2525,Works perfectly out of the box. Exceeded my expectations completely.,positive
REV_2526,Excellent customer service and top quality build. Highly recommended!,positive
REV_2527,"Super intuitive to use, lightweight and durable. Fantastic quality.",positive
REV_2528,"It works fine, nothing extraordinary but does the job.",neutral
REV_2529,Waste of money. Product arrived damaged and feels cheap.,negative
REV_2530,Excellent customer service and top quality build. Highly recommended!,positive
REV_2531,Does not work as advertised. Battery dies in less than an hour.,negative
REV_2532,Worst purchase ever. Unresponsive support and broken features.,negative
REV_2533,Absolutely love this product! Quality is outstanding and delivery was super fast.,positive
REV_2534,Absolutely love this product! Quality is outstanding and delivery was super fast.,positive
REV_2535,"Amazing experience, the battery life is incredible and design is sleek.",positive
REV_2536,"Amazing experience, the battery life is incredible and design is sleek.",positive
REV_2537,Terrible quality. Stopped working after just two days of normal use.,negative
REV_2538,Best purchase I have made this year. Five stars all the way!,positive
REV_2539,Terrible quality. Stopped working after just two days of normal use.,negative
REV_2540,Very poor experience. Shipping took 3 weeks and item was scratched.,negative
REV_2541,Very impressed with the build quality and user interface. Outstanding!,positive
REV_2542,Very poor experience. Shipping took 3 weeks and item was scratched.,negative
REV_2543,Best purchase I have made this year. Five stars all the way!,positive
REV_2544,"Standard performance, matches the basic product description provided.",neutral
REV_2545,Terrible quality. Stopped working after just two days of normal use.,negative
REV_2546,"Decent build quality, but shipping took longer than estimated.",neutral
REV_2547,Overpriced and low quality. Completely failed my expectations.,negative
REV_2548,Works perfectly out of the box. Exceeded my expectations completely.,positive
REV_2549,Defective item received. Returning immediately for a full refund.,negative
REV_2550,"Received item yesterday. Testing it out currently, seems acceptable.",neutral
REV_2551,Extremely disappointed with this item. Horrible customer support.,negative
REV_2552,Fair quality considering the price tag. Neither great nor bad.,neutral
REV_2553,Average item. Has both good aspects and some minor flaws.,neutral
REV_2554,Absolutely love this product! Quality is outstanding and delivery was super fast.,positive
REV_2555,Great value for money. Very satisfied with this purchase.,positive
REV_2556,Defective item received. Returning immediately for a full refund.,negative
REV_2557,"Super intuitive to use, lightweight and durable. Fantastic quality.",positive
REV_2558,Fair quality considering the price tag. Neither great nor bad.,neutral
REV_2559,Fair quality considering the price tag. Neither great nor bad.,neutral
REV_2560,Works perfectly out of the box. Exceeded my expectations completely.,positive
REV_2561,Best purchase I have made this year. Five stars all the way!,positive
REV_2562,Worst purchase ever. Unresponsive support and broken features.,negative
REV_2563,Great value for money. Very satisfied with this purchase.,positive
REV_2564,"Standard performance, matches the basic product description provided.",neutral
REV_2565,Excellent customer service and top quality build. Highly recommended!,positive
REV_2566,Product overheating constantly. Very frustrating and disappointing.,negative
REV_2567,Very impressed with the build quality and user interface. Outstanding!,positive
REV_2568,Overpriced and low quality. Completely failed my expectations.,negative
REV_2569,Worst purchase ever. Unresponsive support and broken features.,negative
REV_2570,Product overheating constantly. Very frustrating and disappointing.,negative
REV_2571,Customer support helped me resolve my question in minutes. Excellent service.,positive
REV_2572,Terrible quality. Stopped working after just two days of normal use.,negative
REV_2573,"Decent build quality, but shipping took longer than estimated.",neutral
REV_2574,Best purchase I have made this year. Five stars all the way!,positive
REV_2575,Customer support helped me resolve my question in minutes. Excellent service.,positive
REV_2576,"Amazing experience, the battery life is incredible and design is sleek.",positive
REV_2577,Overpriced and low quality. Completely failed my expectations.,negative
REV_2578,Very poor experience. Shipping took 3 weeks and item was scratched.,negative
REV_2579,Extremely disappointed with this item. Horrible customer support.,negative
REV_2580,Customer support helped me resolve my question in minutes. Excellent service.,positive
REV_2581,Great value for money. Very satisfied with this purchase.,positive
REV_2582,Overpriced and low quality. Completely failed my expectations.,negative
REV_2583,Terrible quality. Stopped working after just two days of normal use.,negative
REV_2584,Product is okay for the price. Performs average as expected.,neutral
REV_2585,"Super intuitive to use, lightweight and durable. Fantastic quality.",positive
REV_2586,Waste of money. Product arrived damaged and feels cheap.,negative
REV_2587,Customer support helped me resolve my question in minutes. Excellent service.,positive
REV_2588,Excellent customer service and top quality build. Highly recommended!,positive
REV_2589,Overpriced and low quality. Completely failed my expectations.,negative
REV_2590,Waste of money. Product arrived damaged and feels cheap.,negative
REV_2591,"Decent build quality, but shipping took longer than estimated.",neutral
REV_2592,Fast shipping and flawless performance. Will definitely buy again.,positive
REV_2593,Customer support helped me resolve my question in minutes. Excellent service.,positive
REV_2594,Defective item received. Returning immediately for a full refund.,negative
REV_2595,Defective item received. Returning immediately for a full refund.,negative
REV_2596,Customer support helped me resolve my question in minutes. Excellent service.,positive
REV_2597,"Super intuitive to use, lightweight and durable. Fantastic quality.",positive
REV_2598,"Super intuitive to use, lightweight and durable. Fantastic quality.",positive
REV_2599,Packaging was standard. Product functions reasonably well so far.,neutral
REV_2600,Great value for money. Very satisfied with this purchase.,positive
REV_2601,Very impressed with the build quality and user interface. Outstanding!,positive
REV_2602,Best purchase I have made this year. Five stars all the way!,positive
REV_2603,Great value for money. Very satisfied with this purchase.,positive
REV_2604,Works perfectly out of the box. Exceeded my expectations completely.,positive
REV_2605,Does not work as advertised. Battery dies in less than an hour.,negative
REV_2606,Works perfectly out of the box. Exceeded my expectations completely.,positive
REV_2607,"Decent build quality, but shipping took longer than estimated.",neutral
REV_2608,"Amazing experience, the battery life is incredible and design is sleek.",positive
REV_2609,Extremely disappointed with this item. Horrible customer support.,negative
REV_2610,Packaging was standard. Product functions reasonably well so far.,neutral
REV_2611,Waste of money. Product arrived damaged and feels cheap.,negative
REV_2612,Defective item received. Returning immediately for a full refund.,negative
REV_2613,Customer support helped me resolve my question in minutes. Excellent service.,positive
REV_2614,Very impressed with the build quality and user interface. Outstanding!,positive
REV_2615,Terrible quality. Stopped working after just two days of normal use.,negative
REV_2616,Packaging was standard. Product functions reasonably well so far.,neutral
REV_2617,Overpriced and low quality. Completely failed my expectations.,negative
REV_2618,Does not work as advertised. Battery dies in less than an hour.,negative
REV_2619,Extremely disappointed with this item. Horrible customer support.,negative
REV_2620,Does not work as advertised. Battery dies in less than an hour.,negative
REV_2621,Absolutely love this product! Quality is outstanding and delivery was super fast.,positive
REV_2622,Waste of money. Product arrived damaged and feels cheap.,negative
REV_2623,Item received as ordered. Satisfactory performance so far.,neutral
REV_2624,Very impressed with the build quality and user interface. Outstanding!,positive
REV_2625,Product overheating constantly. Very frustrating and disappointing.,negative
REV_2626,"Amazing experience, the battery life is incredible and design is sleek.",positive
REV_2627,Defective item received. Returning immediately for a full refund.,negative
REV_2628,Works perfectly out of the box. Exceeded my expectations completely.,positive
REV_2629,Very poor experience. Shipping took 3 weeks and item was scratched.,negative
REV_2630,Worst purchase ever. Unresponsive support and broken features.,negative
REV_2631,Best purchase I have made this year. Five stars all the way!,positive
REV_2632,Does not work as advertised. Battery dies in less than an hour.,negative
REV_2633,Extremely disappointed with this item. Horrible customer support.,negative
REV_2634,"Functions as stated, but instructions could be clearer.",neutral
REV_2635,Absolutely love this product! Quality is outstanding and delivery was super fast.,positive
REV_2636,Absolutely love this product! Quality is outstanding and delivery was super fast.,positive
REV_2637,Great value for money. Very satisfied with this purchase.,positive
REV_2638,Fair quality considering the price tag. Neither great nor bad.,neutral
REV_2639,Product is okay for the price. Performs average as expected.,neutral
REV_2640,Overpriced and low quality. Completely failed my expectations.,negative
REV_2641,Average item. Has both good aspects and some minor flaws.,neutral
REV_2642,Waste of money. Product arrived damaged and feels cheap.,negative
REV_2643,Terrible quality. Stopped working after just two days of normal use.,negative
REV_2644,Customer support helped me resolve my question in minutes. Excellent service.,positive
REV_2645,Does not work as advertised. Battery dies in less than an hour.,negative
REV_2646,Very impressed with the build quality and user interface. Outstanding!,positive
REV_2647,Item received as ordered. Satisfactory performance so far.,neutral
REV_2648,Defective item received. Returning immediately for a full refund.,negative
REV_2649,Defective item received. Returning immediately for a full refund.,negative
REV_2650,Absolutely love this product! Quality is outstanding and delivery was super fast.,positive
REV_2651,Customer support helped me resolve my question in minutes. Excellent service.,positive
REV_2652,Excellent customer service and top quality build. Highly recommended!,positive
REV_2653,Best purchase I have made this year. Five stars all the way!,positive
REV_2654,Excellent customer service and top quality build. Highly recommended!,positive
REV_2655,"It works fine, nothing extraordinary but does the job.",neutral
REV_2656,Does not work as advertised. Battery dies in less than an hour.,negative
REV_2657,"Amazing experience, the battery life is incredible and design is sleek.",positive
REV_2658,Very impressed with the build quality and user interface. Outstanding!,positive
REV_2659,Great value for money. Very satisfied with this purchase.,positive
REV_2660,Overpriced and low quality. Completely failed my expectations.,negative
REV_2661,Product overheating constantly. Very frustrating and disappointing.,negative
REV_2662,"It works fine, nothing extraordinary but does the job.",neutral
REV_2663,Worst purchase ever. Unresponsive support and broken features.,negative
REV_2664,Product is okay for the price. Performs average as expected.,neutral
REV_2665,"Functions as stated, but instructions could be clearer.",neutral
REV_2666,Very impressed with the build quality and user interface. Outstanding!,positive
REV_2667,Item received as ordered. Satisfactory performance so far.,neutral
REV_2668,Excellent customer service and top quality build. Highly recommended!,positive
REV_2669,Average item. Has both good aspects and some minor flaws.,neutral
REV_2670,Fast shipping and flawless performance. Will definitely buy again.,positive
REV_2671,Fair quality considering the price tag. Neither great nor bad.,neutral
REV_2672,Product is okay for the price. Performs average as expected.,neutral
REV_2673,"Received item yesterday. Testing it out currently, seems acceptable.",neutral
REV_2674,Hardware feels flimsy and unstable. Would not recommend to anyone.,negative
REV_2675,Great value for money. Very satisfied with this purchase.,positive
REV_2676,Absolutely love this product! Quality is outstanding and delivery was super fast.,positive
REV_2677,Very impressed with the build quality and user interface. Outstanding!,positive
REV_2678,"Amazing experience, the battery life is incredible and design is sleek.",positive
REV_2679,Extremely disappointed with this item. Horrible customer support.,negative
REV_2680,Fast shipping and flawless performance. Will definitely buy again.,positive
REV_2681,"Decent build quality, but shipping took longer than estimated.",neutral
REV_2682,Waste of money. Product arrived damaged and feels cheap.,negative
REV_2683,Item received as ordered. Satisfactory performance so far.,neutral
REV_2684,Absolutely love this product! Quality is outstanding and delivery was super fast.,positive
REV_2685,"Decent build quality, but shipping took longer than estimated.",neutral
REV_2686,Fair quality considering the price tag. Neither great nor bad.,neutral
REV_2687,Product overheating constantly. Very frustrating and disappointing.,negative
REV_2688,Extremely disappointed with this item. Horrible customer support.,negative
REV_2689,Defective item received. Returning immediately for a full refund.,negative
REV_2690,Works perfectly out of the box. Exceeded my expectations completely.,positive
REV_2691,Does not work as advertised. Battery dies in less than an hour.,negative
REV_2692,Fast shipping and flawless performance. Will definitely buy again.,positive
REV_2693,Works perfectly out of the box. Exceeded my expectations completely.,positive
REV_2694,Customer support helped me resolve my question in minutes. Excellent service.,positive
REV_2695,Best purchase I have made this year. Five stars all the way!,positive
REV_2696,Absolutely love this product! Quality is outstanding and delivery was super fast.,positive
REV_2697,"Super intuitive to use, lightweight and durable. Fantastic quality.",positive
REV_2698,"Standard performance, matches the basic product description provided.",neutral
REV_2699,Worst purchase ever. Unresponsive support and broken features.,negative
REV_2700,"It works fine, nothing extraordinary but does the job.",neutral
REV_2701,Customer support helped me resolve my question in minutes. Excellent service.,positive
REV_2702,Absolutely love this product! Quality is outstanding and delivery was super fast.,positive
REV_2703,Overpriced and low quality. Completely failed my expectations.,negative
REV_2704,Best purchase I have made this year. Five stars all the way!,positive
REV_2705,Very impressed with the build quality and user interface. Outstanding!,positive
REV_2706,Hardware feels flimsy and unstable. Would not recommend to anyone.,negative
REV_2707,Absolutely love this product! Quality is outstanding and delivery was super fast.,positive
REV_2708,Terrible quality. Stopped working after just two days of normal use.,negative
REV_2709,Defective item received. Returning immediately for a full refund.,negative
REV_2710,"Amazing experience, the battery life is incredible and design is sleek.",positive
REV_2711,Very impressed with the build quality and user interface. Outstanding!,positive
REV_2712,Extremely disappointed with this item. Horrible customer support.,negative
REV_2713,Worst purchase ever. Unresponsive support and broken features.,negative
REV_2714,"Amazing experience, the battery life is incredible and design is sleek.",positive
REV_2715,"Decent build quality, but shipping took longer than estimated.",neutral
REV_2716,Customer support helped me resolve my question in minutes. Excellent service.,positive
REV_2717,Defective item received. Returning immediately for a full refund.,negative
REV_2718,Item received as ordered. Satisfactory performance so far.,neutral
REV_2719,Fast shipping and flawless performance. Will definitely buy again.,positive
REV_2720,Great value for money. Very satisfied with this purchase.,positive
REV_2721,Excellent customer service and top quality build. Highly recommended!,positive
REV_2722,"Amazing experience, the battery life is incredible and design is sleek.",positive
REV_2723,Excellent customer service and top quality build. Highly recommended!,positive
REV_2724,Extremely disappointed with this item. Horrible customer support.,negative
REV_2725,Best purchase I have made this year. Five stars all the way!,positive
REV_2726,Product overheating constantly. Very frustrating and disappointing.,negative
REV_2727,"Functions as stated, but instructions could be clearer.",neutral
REV_2728,Average item. Has both good aspects and some minor flaws.,neutral
REV_2729,Defective item received. Returning immediately for a full refund.,negative
REV_2730,"Super intuitive to use, lightweight and durable. Fantastic quality.",positive
REV_2731,Defective item received. Returning immediately for a full refund.,negative
REV_2732,Worst purchase ever. Unresponsive support and broken features.,negative
REV_2733,Great value for money. Very satisfied with this purchase.,positive
REV_2734,Absolutely love this product! Quality is outstanding and delivery was super fast.,positive
REV_2735,Fair quality considering the price tag. Neither great nor bad.,neutral
REV_2736,Works perfectly out of the box. Exceeded my expectations completely.,positive
REV_2737,Best purchase I have made this year. Five stars all the way!,positive
REV_2738,Excellent customer service and top quality build. Highly recommended!,positive
REV_2739,Very impressed with the build quality and user interface. Outstanding!,positive
REV_2740,Product is okay for the price. Performs average as expected.,neutral
REV_2741,Defective item received. Returning immediately for a full refund.,negative
REV_2742,Defective item received. Returning immediately for a full refund.,negative
REV_2743,"Amazing experience, the battery life is incredible and design is sleek.",positive
REV_2744,"Amazing experience, the battery life is incredible and design is sleek.",positive
REV_2745,Terrible quality. Stopped working after just two days of normal use.,negative
REV_2746,Customer support helped me resolve my question in minutes. Excellent service.,positive
REV_2747,"Amazing experience, the battery life is incredible and design is sleek.",positive
REV_2748,Extremely disappointed with this item. Horrible customer support.,negative
REV_2749,"Super intuitive to use, lightweight and durable. Fantastic quality.",positive
REV_2750,Waste of money. Product arrived damaged and feels cheap.,negative
REV_2751,Great value for money. Very satisfied with this purchase.,positive
REV_2752,Works perfectly out of the box. Exceeded my expectations completely.,positive
REV_2753,Works perfectly out of the box. Exceeded my expectations completely.,positive
REV_2754,Average item. Has both good aspects and some minor flaws.,neutral
REV_2755,"Received item yesterday. Testing it out currently, seems acceptable.",neutral
REV_2756,Product is okay for the price. Performs average as expected.,neutral
REV_2757,Does not work as advertised. Battery dies in less than an hour.,negative
REV_2758,Fast shipping and flawless performance. Will definitely buy again.,positive
REV_2759,Product overheating constantly. Very frustrating and disappointing.,negative
REV_2760,Hardware feels flimsy and unstable. Would not recommend to anyone.,negative
REV_2761,"Functions as stated, but instructions could be clearer.",neutral
REV_2762,"Amazing experience, the battery life is incredible and design is sleek.",positive
REV_2763,Product overheating constantly. Very frustrating and disappointing.,negative
REV_2764,Great value for money. Very satisfied with this purchase.,positive
REV_2765,Fast shipping and flawless performance. Will definitely buy again.,positive
REV_2766,Overpriced and low quality. Completely failed my expectations.,negative
REV_2767,Hardware feels flimsy and unstable. Would not recommend to anyone.,negative
REV_2768,"Super intuitive to use, lightweight and durable. Fantastic quality.",positive
REV_2769,"Amazing experience, the battery life is incredible and design is sleek.",positive
REV_2770,Does not work as advertised. Battery dies in less than an hour.,negative
REV_2771,Product overheating constantly. Very frustrating and disappointing.,negative
REV_2772,Product is okay for the price. Performs average as expected.,neutral
REV_2773,Item received as ordered. Satisfactory performance so far.,neutral
REV_2774,Product overheating constantly. Very frustrating and disappointing.,negative
REV_2775,"Super intuitive to use, lightweight and durable. Fantastic quality.",positive
REV_2776,Terrible quality. Stopped working after just two days of normal use.,negative
REV_2777,Absolutely love this product! Quality is outstanding and delivery was super fast.,positive
REV_2778,"Amazing experience, the battery life is incredible and design is sleek.",positive
REV_2779,"Functions as stated, but instructions could be clearer.",neutral
REV_2780,Best purchase I have made this year. Five stars all the way!,positive
REV_2781,"It works fine, nothing extraordinary but does the job.",neutral
REV_2782,Waste of money. Product arrived damaged and feels cheap.,negative
REV_2783,Hardware feels flimsy and unstable. Would not recommend to anyone.,negative
REV_2784,Defective item received. Returning immediately for a full refund.,negative
REV_2785,"Functions as stated, but instructions could be clearer.",neutral
REV_2786,Defective item received. Returning immediately for a full refund.,negative
REV_2787,Very poor experience. Shipping took 3 weeks and item was scratched.,negative
REV_2788,Customer support helped me resolve my question in minutes. Excellent service.,positive
REV_2789,Hardware feels flimsy and unstable. Would not recommend to anyone.,negative
REV_2790,Absolutely love this product! Quality is outstanding and delivery was super fast.,positive
REV_2791,Hardware feels flimsy and unstable. Would not recommend to anyone.,negative
REV_2792,Waste of money. Product arrived damaged and feels cheap.,negative
REV_2793,Overpriced and low quality. Completely failed my expectations.,negative
REV_2794,Best purchase I have made this year. Five stars all the way!,positive
REV_2795,Very impressed with the build quality and user interface. Outstanding!,positive
REV_2796,Very poor experience. Shipping took 3 weeks and item was scratched.,negative
REV_2797,"Super intuitive to use, lightweight and durable. Fantastic quality.",positive
REV_2798,Great value for money. Very satisfied with this purchase.,positive
REV_2799,"Super intuitive to use, lightweight and durable. Fantastic quality.",positive
