InvoiceNo,CustomerID,InvoiceDate,ProductName,Category,Quantity,UnitPrice,TotalSpend
INV100000,10103.0,2023-01-01 00:00:00,Leather Wallet,Accessories,3,29.99,89.97
INV100001,10436.0,2023-01-01 01:56:30,Sunglasses,Accessories,3,35.0,105.0
INV100002,10861.0,2023-01-01 03:53:00,Wireless Earbuds,Electronics,1,59.99,59.99
INV100003,10271.0,2023-01-01 05:49:31,Denim Jacket,Apparel,1,74.99,74.99
INV100004,10107.0,2023-01-01 07:46:01,Denim Jacket,Apparel,1,74.99,74.99
INV100005,10072.0,2023-01-01 09:42:31,Bluetooth Speaker,Electronics,1,45.0,45.0
INV100006,10701.0,2023-01-01 11:39:02,Running Shoes,Footwear,1,89.99,89.99
INV100007,10021.0,2023-01-01 13:35:32,Leather Wallet,Accessories,1,29.99,29.99
INV100008,10615.0,2023-01-01 15:32:02,Wireless Earbuds,Electronics,1,59.99,59.99
INV100009,10122.0,2023-01-01 17:28:33,Stainless Steel Bottle,Fitness,3,19.99,59.97
INV100010,10467.0,2023-01-01 19:25:03,Leather Wallet,Accessories,2,29.99,59.98
INV100011,10215.0,2023-01-01 21:21:33,Smart Watch,Electronics,1,129.99,129.99
INV100012,10331.0,2023-01-01 23:18:04,Running Shoes,Footwear,1,89.99,89.99
INV100013,10459.0,2023-01-02 01:14:34,Leather Wallet,Accessories,1,29.99,29.99
INV100014,10088.0,2023-01-02 03:11:04,Wireless Earbuds,Electronics,1,59.99,59.99
INV100015,10373.0,2023-01-02 05:07:35,Leather Wallet,Accessories,1,29.99,29.99
INV100016,10100.0,2023-01-02 07:04:05,Smart Watch,Electronics,2,129.99,259.98
INV100017,10872.0,2023-01-02 09:00:36,Stainless Steel Bottle,Fitness,2,19.99,39.98
INV100018,10664.0,2023-01-02 10:57:06,Yoga Mat,Fitness,3,24.99,74.97
INV100019,10131.0,2023-01-02 12:53:36,Backpack,Accessories,1,49.99,49.99
INV100020,10662.0,2023-01-02 14:50:07,Stainless Steel Bottle,Fitness,3,19.99,59.97
INV100021,10309.0,2023-01-02 16:46:37,Sunglasses,Accessories,1,35.0,35.0
INV100022,10770.0,2023-01-02 18:43:07,Leather Wallet,Accessories,1,29.99,29.99
INV100023,10344.0,2023-01-02 20:39:38,Denim Jacket,Apparel,2,74.99,149.98
INV100024,10492.0,2023-01-02 22:36:08,Bluetooth Speaker,Electronics,2,45.0,90.0
INV100025,10414.0,2023-01-03 00:32:38,Denim Jacket,Apparel,4,74.99,299.96
INV100026,10806.0,2023-01-03 02:29:09,Stainless Steel Bottle,Fitness,2,19.99,39.98
INV100027,10386.0,2023-01-03 04:25:39,Denim Jacket,Apparel,4,74.99,299.96
INV100028,10192.0,2023-01-03 06:22:09,Wireless Earbuds,Electronics,4,59.99,239.96
INV100029,10277.0,2023-01-03 08:18:40,Denim Jacket,Apparel,2,74.99,149.98
INV100030,10161.0,2023-01-03 10:15:10,Running Shoes,Footwear,2,89.99,179.98
INV100031,10460.0,2023-01-03 12:11:40,Yoga Mat,Fitness,2,24.99,49.98
INV100032,10314.0,2023-01-03 14:08:11,Leather Wallet,Accessories,5,29.99,149.95
INV100033,10022.0,2023-01-03 16:04:41,Denim Jacket,Apparel,3,74.99,224.96999999999997
INV100034,10253.0,2023-01-03 18:01:12,Smart Watch,Electronics,1,129.99,129.99
INV100035,10748.0,2023-01-03 19:57:42,Yoga Mat,Fitness,3,24.99,74.97
INV100036,10857.0,2023-01-03 21:54:12,Yoga Mat,Fitness,1,24.99,24.99
INV100037,10561.0,2023-01-03 23:50:43,Denim Jacket,Apparel,1,74.99,74.99
INV100038,10475.0,2023-01-04 01:47:13,Yoga Mat,Fitness,1,24.99,24.99
INV100039,10059.0,2023-01-04 03:43:43,Bluetooth Speaker,Electronics,2,45.0,90.0
INV100040,10511.0,2023-01-04 05:40:14,Denim Jacket,Apparel,4,74.99,299.96
INV100041,10682.0,2023-01-04 07:36:44,Wireless Earbuds,Electronics,1,59.99,59.99
INV100042,10476.0,2023-01-04 09:33:14,Stainless Steel Bottle,Fitness,1,19.99,19.99
INV100043,10700.0,2023-01-04 11:29:45,Running Shoes,Footwear,1,89.99,89.99
INV100044,10783.0,2023-01-04 13:26:15,Backpack,Accessories,2,49.99,99.98
INV100045,10190.0,2023-01-04 15:22:45,Sunglasses,Accessories,1,35.0,35.0
INV100046,10687.0,2023-01-04 17:19:16,Yoga Mat,Fitness,1,24.99,24.99
INV100047,10563.0,2023-01-04 19:15:46,Wireless Earbuds,Electronics,1,59.99,59.99
INV100048,10876.0,2023-01-04 21:12:16,Leather Wallet,Accessories,1,29.99,29.99
INV100049,10567.0,2023-01-04 23:08:47,Leather Wallet,Accessories,1,29.99,29.99
INV100050,10244.0,2023-01-05 01:05:17,Sunglasses,Accessories,2,35.0,70.0
INV100051,10832.0,2023-01-05 03:01:48,Running Shoes,Footwear,1,89.99,89.99
INV100052,10505.0,2023-01-05 04:58:18,Yoga Mat,Fitness,2,24.99,49.98
INV100053,10131.0,2023-01-05 06:54:48,Bluetooth Speaker,Electronics,1,45.0,45.0
INV100054,10485.0,2023-01-05 08:51:19,Sunglasses,Accessories,1,35.0,35.0
INV100055,10819.0,2023-01-05 10:47:49,Running Shoes,Footwear,1,89.99,89.99
INV100056,10647.0,2023-01-05 12:44:19,Yoga Mat,Fitness,2,24.99,49.98
INV100057,10021.0,2023-01-05 14:40:50,Wireless Earbuds,Electronics,5,59.99,299.95
INV100058,10841.0,2023-01-05 16:37:20,Stainless Steel Bottle,Fitness,4,19.99,79.96
INV100059,10167.0,2023-01-05 18:33:50,Bluetooth Speaker,Electronics,2,45.0,90.0
INV100060,10274.0,2023-01-05 20:30:21,Backpack,Accessories,1,49.99,49.99
INV100061,10388.0,2023-01-05 22:26:51,Leather Wallet,Accessories,3,29.99,89.97
INV100062,10601.0,2023-01-06 00:23:21,Smart Watch,Electronics,2,129.99,259.98
INV100063,10316.0,2023-01-06 02:19:52,Wireless Earbuds,Electronics,1,59.99,59.99
INV100064,10014.0,2023-01-06 04:16:22,Leather Wallet,Accessories,3,29.99,89.97
INV100065,10242.0,2023-01-06 06:12:52,Denim Jacket,Apparel,1,74.99,74.99
INV100066,10777.0,2023-01-06 08:09:23,Smart Watch,Electronics,1,129.99,129.99
INV100067,10346.0,2023-01-06 10:05:53,Leather Wallet,Accessories,1,29.99,29.99
INV100068,10565.0,2023-01-06 12:02:24,Running Shoes,Footwear,1,89.99,89.99
INV100069,10898.0,2023-01-06 13:58:54,Bluetooth Speaker,Electronics,2,45.0,90.0
INV100070,10340.0,2023-01-06 15:55:24,Leather Wallet,Accessories,1,29.99,29.99
INV100071,10092.0,2023-01-06 17:51:55,Backpack,Accessories,1,49.99,49.99
INV100072,10367.0,2023-01-06 19:48:25,Stainless Steel Bottle,Fitness,1,19.99,19.99
INV100073,10455.0,2023-01-06 21:44:55,Running Shoes,Footwear,2,89.99,179.98
INV100074,10428.0,2023-01-06 23:41:26,Wireless Earbuds,Electronics,2,59.99,119.98
INV100075,10509.0,2023-01-07 01:37:56,Wireless Earbuds,Electronics,1,59.99,59.99
INV100076,10776.0,2023-01-07 03:34:26,Wireless Earbuds,Electronics,1,59.99,59.99
INV100077,10943.0,2023-01-07 05:30:57,Wireless Earbuds,Electronics,1,59.99,59.99
INV100078,10035.0,2023-01-07 07:27:27,Stainless Steel Bottle,Fitness,4,19.99,79.96
INV100079,10206.0,2023-01-07 09:23:57,Leather Wallet,Accessories,1,29.99,29.99
INV100080,10081.0,2023-01-07 11:20:28,Yoga Mat,Fitness,1,24.99,24.99
INV100081,10932.0,2023-01-07 13:16:58,Leather Wallet,Accessories,1,29.99,29.99
INV100082,10562.0,2023-01-07 15:13:28,Denim Jacket,Apparel,2,74.99,149.98
INV100083,10872.0,2023-01-07 17:09:59,Bluetooth Speaker,Electronics,2,45.0,90.0
INV100084,10388.0,2023-01-07 19:06:29,Smart Watch,Electronics,1,129.99,129.99
INV100085,10002.0,2023-01-07 21:03:00,Yoga Mat,Fitness,1,24.99,24.99
INV100086,10390.0,2023-01-07 22:59:30,Yoga Mat,Fitness,1,24.99,24.99
INV100087,10566.0,2023-01-08 00:56:00,Leather Wallet,Accessories,3,29.99,89.97
INV100088,10106.0,2023-01-08 02:52:31,Yoga Mat,Fitness,3,24.99,74.97
INV100089,10772.0,2023-01-08 04:49:01,Sunglasses,Accessories,2,35.0,70.0
INV100090,10822.0,2023-01-08 06:45:31,Sunglasses,Accessories,2,35.0,70.0
INV100091,10477.0,2023-01-08 08:42:02,Denim Jacket,Apparel,1,74.99,74.99
INV100092,10703.0,2023-01-08 10:38:32,Smart Watch,Electronics,2,129.99,259.98
INV100093,10402.0,2023-01-08 12:35:02,Backpack,Accessories,2,49.99,99.98
INV100094,10730.0,2023-01-08 14:31:33,Stainless Steel Bottle,Fitness,1,19.99,19.99
INV100095,10556.0,2023-01-08 16:28:03,Leather Wallet,Accessories,4,29.99,119.96
INV100096,10162.0,2023-01-08 18:24:33,Stainless Steel Bottle,Fitness,1,19.99,19.99
INV100097,10202.0,2023-01-08 20:21:04,Backpack,Accessories,1,49.99,49.99
INV100098,10270.0,2023-01-08 22:17:34,Leather Wallet,Accessories,2,29.99,59.98
INV100099,10863.0,2023-01-09 00:14:04,Leather Wallet,Accessories,2,29.99,59.98
INV100100,10816.0,2023-01-09 02:10:35,Smart Watch,Electronics,2,129.99,259.98
INV100101,10271.0,2023-01-09 04:07:05,Stainless Steel Bottle,Fitness,1,19.99,19.99
INV100102,10456.0,2023-01-09 06:03:36,Sunglasses,Accessories,3,35.0,105.0
INV100103,10462.0,2023-01-09 08:00:06,Wireless Earbuds,Electronics,2,59.99,119.98
INV100104,10727.0,2023-01-09 09:56:36,Stainless Steel Bottle,Fitness,1,19.99,19.99
INV100105,10252.0,2023-01-09 11:53:07,Bluetooth Speaker,Electronics,8,45.0,360.0
INV100106,10702.0,2023-01-09 13:49:37,Bluetooth Speaker,Electronics,2,45.0,90.0
INV100107,10296.0,2023-01-09 15:46:07,Leather Wallet,Accessories,1,29.99,29.99
INV100108,10725.0,2023-01-09 17:42:38,Wireless Earbuds,Electronics,3,59.99,179.97
INV100109,10720.0,2023-01-09 19:39:08,Running Shoes,Footwear,1,89.99,89.99
INV100110,10749.0,2023-01-09 21:35:38,Backpack,Accessories,1,49.99,49.99
INV100111,10338.0,2023-01-09 23:32:09,Denim Jacket,Apparel,1,74.99,74.99
INV100112,10879.0,2023-01-10 01:28:39,Wireless Earbuds,Electronics,10,59.99,599.9
INV100113,10053.0,2023-01-10 03:25:09,Denim Jacket,Apparel,1,74.99,74.99
INV100114,10792.0,2023-01-10 05:21:40,Stainless Steel Bottle,Fitness,2,19.99,39.98
INV100115,10922.0,2023-01-10 07:18:10,Stainless Steel Bottle,Fitness,1,19.99,19.99
INV100116,10217.0,2023-01-10 09:14:40,Denim Jacket,Apparel,2,74.99,149.98
INV100117,10764.0,2023-01-10 11:11:11,Backpack,Accessories,2,49.99,99.98
INV100118,10188.0,2023-01-10 13:07:41,Wireless Earbuds,Electronics,2,59.99,119.98
INV100119,10380.0,2023-01-10 15:04:12,Running Shoes,Footwear,1,89.99,89.99
INV100120,10493.0,2023-01-10 17:00:42,Leather Wallet,Accessories,2,29.99,59.98
INV100121,10041.0,2023-01-10 18:57:12,Smart Watch,Electronics,10,129.99,1299.9
INV100122,10157.0,2023-01-10 20:53:43,Stainless Steel Bottle,Fitness,2,19.99,39.98
INV100123,10015.0,2023-01-10 22:50:13,Bluetooth Speaker,Electronics,1,45.0,45.0
INV100124,10813.0,2023-01-11 00:46:43,Backpack,Accessories,4,49.99,199.96
INV100125,10065.0,2023-01-11 02:43:14,Smart Watch,Electronics,1,129.99,129.99
INV100126,10857.0,2023-01-11 04:39:44,Running Shoes,Footwear,2,89.99,179.98
INV100127,10839.0,2023-01-11 06:36:14,Yoga Mat,Fitness,4,24.99,99.96
INV100128,10521.0,2023-01-11 08:32:45,Leather Wallet,Accessories,1,29.99,29.99
INV100129,10344.0,2023-01-11 10:29:15,Stainless Steel Bottle,Fitness,1,19.99,19.99
INV100130,10129.0,2023-01-11 12:25:45,Leather Wallet,Accessories,1,29.99,29.99
INV100131,10648.0,2023-01-11 14:22:16,Smart Watch,Electronics,2,129.99,259.98
INV100132,10472.0,2023-01-11 16:18:46,Leather Wallet,Accessories,2,29.99,59.98
INV100133,10063.0,2023-01-11 18:15:17,Yoga Mat,Fitness,1,24.99,24.99
INV100134,10139.0,2023-01-11 20:11:47,Smart Watch,Electronics,1,129.99,129.99
INV100135,10499.0,2023-01-11 22:08:17,Stainless Steel Bottle,Fitness,1,19.99,19.99
INV100136,10593.0,2023-01-12 00:04:48,Wireless Earbuds,Electronics,1,59.99,59.99
INV100137,10392.0,2023-01-12 02:01:18,Bluetooth Speaker,Electronics,1,45.0,45.0
INV100138,10675.0,2023-01-12 03:57:48,Smart Watch,Electronics,4,129.99,519.96
INV100139,10419.0,2023-01-12 05:54:19,Sunglasses,Accessories,1,35.0,35.0
INV100140,10289.0,2023-01-12 07:50:49,Yoga Mat,Fitness,4,24.99,99.96
INV100141,10379.0,2023-01-12 09:47:19,Smart Watch,Electronics,2,129.99,259.98
INV100142,10773.0,2023-01-12 11:43:50,Smart Watch,Electronics,1,129.99,129.99
INV100143,10490.0,2023-01-12 13:40:20,Sunglasses,Accessories,2,35.0,70.0
INV100144,10231.0,2023-01-12 15:36:50,Stainless Steel Bottle,Fitness,2,19.99,39.98
INV100145,10041.0,2023-01-12 17:33:21,Smart Watch,Electronics,1,129.99,129.99
INV100146,10028.0,2023-01-12 19:29:51,Bluetooth Speaker,Electronics,1,45.0,45.0
INV100147,10135.0,2023-01-12 21:26:21,Leather Wallet,Accessories,1,29.99,29.99
INV100148,10201.0,2023-01-12 23:22:52,Stainless Steel Bottle,Fitness,1,19.99,19.99
INV100149,10840.0,2023-01-13 01:19:22,Bluetooth Speaker,Electronics,1,45.0,45.0
INV100150,10780.0,2023-01-13 03:15:53,Stainless Steel Bottle,Fitness,1,19.99,19.99
INV100151,10930.0,2023-01-13 05:12:23,Bluetooth Speaker,Electronics,1,45.0,45.0
INV100152,10033.0,2023-01-13 07:08:53,Yoga Mat,Fitness,1,24.99,24.99
INV100153,10048.0,2023-01-13 09:05:24,Bluetooth Speaker,Electronics,1,45.0,45.0
INV100154,10503.0,2023-01-13 11:01:54,Denim Jacket,Apparel,1,74.99,74.99
INV100155,10407.0,2023-01-13 12:58:24,Bluetooth Speaker,Electronics,1,45.0,45.0
INV100156,10574.0,2023-01-13 14:54:55,Wireless Earbuds,Electronics,10,59.99,599.9
INV100157,10728.0,2023-01-13 16:51:25,Wireless Earbuds,Electronics,1,59.99,59.99
INV100158,10805.0,2023-01-13 18:47:55,Backpack,Accessories,2,49.99,99.98
INV100159,10099.0,2023-01-13 20:44:26,Denim Jacket,Apparel,1,74.99,74.99
INV100160,10684.0,2023-01-13 22:40:56,Denim Jacket,Apparel,4,74.99,299.96
INV100161,10872.0,2023-01-14 00:37:26,Leather Wallet,Accessories,1,29.99,29.99
INV100162,10726.0,2023-01-14 02:33:57,Denim Jacket,Apparel,5,74.99,374.95
INV100163,10547.0,2023-01-14 04:30:27,Leather Wallet,Accessories,2,29.99,59.98
INV100164,10739.0,2023-01-14 06:26:57,Backpack,Accessories,1,49.99,49.99
INV100165,10613.0,2023-01-14 08:23:28,Backpack,Accessories,4,49.99,199.96
INV100166,10943.0,2023-01-14 10:19:58,Yoga Mat,Fitness,2,24.99,49.98
INV100167,10462.0,2023-01-14 12:16:29,Wireless Earbuds,Electronics,1,59.99,59.99
INV100168,10643.0,2023-01-14 14:12:59,Bluetooth Speaker,Electronics,3,45.0,135.0
INV100169,10769.0,2023-01-14 16:09:29,Bluetooth Speaker,Electronics,4,45.0,180.0
INV100170,10005.0,2023-01-14 18:06:00,Sunglasses,Accessories,1,35.0,35.0
INV100171,10218.0,2023-01-14 20:02:30,Sunglasses,Accessories,1,35.0,35.0
INV100172,10503.0,2023-01-14 21:59:00,Running Shoes,Footwear,3,89.99,269.96999999999997
INV100173,10767.0,2023-01-14 23:55:31,Stainless Steel Bottle,Fitness,2,19.99,39.98
INV100174,10398.0,2023-01-15 01:52:01,Yoga Mat,Fitness,4,24.99,99.96
INV100175,10871.0,2023-01-15 03:48:31,Running Shoes,Footwear,2,89.99,179.98
INV100176,10795.0,2023-01-15 05:45:02,Running Shoes,Footwear,1,89.99,89.99
INV100177,10393.0,2023-01-15 07:41:32,Smart Watch,Electronics,4,129.99,519.96
INV100178,10207.0,2023-01-15 09:38:02,Smart Watch,Electronics,1,129.99,129.99
INV100179,10015.0,2023-01-15 11:34:33,Running Shoes,Footwear,1,89.99,89.99
INV100180,10858.0,2023-01-15 13:31:03,Denim Jacket,Apparel,2,74.99,149.98
INV100181,10554.0,2023-01-15 15:27:33,Stainless Steel Bottle,Fitness,2,19.99,39.98
INV100182,10892.0,2023-01-15 17:24:04,Yoga Mat,Fitness,1,24.99,24.99
INV100183,10461.0,2023-01-15 19:20:34,Running Shoes,Footwear,3,89.99,269.96999999999997
INV100184,10691.0,2023-01-15 21:17:05,Bluetooth Speaker,Electronics,1,45.0,45.0
INV100185,10575.0,2023-01-15 23:13:35,Stainless Steel Bottle,Fitness,1,19.99,19.99
INV100186,,2023-01-16 01:10:05,Smart Watch,Electronics,3,129.99,389.97
INV100187,10743.0,2023-01-16 03:06:36,Bluetooth Speaker,Electronics,1,45.0,45.0
INV100188,10241.0,2023-01-16 05:03:06,Smart Watch,Electronics,1,129.99,129.99
INV100189,10564.0,2023-01-16 06:59:36,Smart Watch,Electronics,1,129.99,129.99
INV100190,10096.0,2023-01-16 08:56:07,Stainless Steel Bottle,Fitness,5,19.99,99.94999999999999
INV100191,10900.0,2023-01-16 10:52:37,Smart Watch,Electronics,1,129.99,129.99
INV100192,10734.0,2023-01-16 12:49:07,Backpack,Accessories,1,49.99,49.99
INV100193,10485.0,2023-01-16 14:45:38,Wireless Earbuds,Electronics,2,59.99,119.98
INV100194,10407.0,2023-01-16 16:42:08,Backpack,Accessories,1,49.99,49.99
INV100195,10231.0,2023-01-16 18:38:38,Wireless Earbuds,Electronics,1,59.99,59.99
INV100196,10749.0,2023-01-16 20:35:09,Sunglasses,Accessories,2,35.0,70.0
INV100197,10655.0,2023-01-16 22:31:39,Sunglasses,Accessories,1,35.0,35.0
INV100198,10171.0,2023-01-17 00:28:09,Smart Watch,Electronics,5,129.99,649.95
INV100199,10541.0,2023-01-17 02:24:40,Yoga Mat,Fitness,1,24.99,24.99
INV100200,10036.0,2023-01-17 04:21:10,Yoga Mat,Fitness,1,24.99,24.99
INV100201,10525.0,2023-01-17 06:17:41,Wireless Earbuds,Electronics,1,59.99,59.99
INV100202,10160.0,2023-01-17 08:14:11,Bluetooth Speaker,Electronics,1,45.0,45.0
INV100203,10839.0,2023-01-17 10:10:41,Stainless Steel Bottle,Fitness,2,19.99,39.98
INV100204,10699.0,2023-01-17 12:07:12,Smart Watch,Electronics,1,129.99,129.99
INV100205,10243.0,2023-01-17 14:03:42,Stainless Steel Bottle,Fitness,1,19.99,19.99
INV100206,10086.0,2023-01-17 16:00:12,Backpack,Accessories,2,49.99,99.98
INV100207,10796.0,2023-01-17 17:56:43,Yoga Mat,Fitness,2,24.99,49.98
INV100208,10578.0,2023-01-17 19:53:13,Denim Jacket,Apparel,1,74.99,74.99
INV100209,10682.0,2023-01-17 21:49:43,Backpack,Accessories,1,49.99,49.99
INV100210,10557.0,2023-01-17 23:46:14,Backpack,Accessories,1,49.99,49.99
INV100211,10574.0,2023-01-18 01:42:44,Wireless Earbuds,Electronics,1,59.99,59.99
INV100212,10646.0,2023-01-18 03:39:14,Leather Wallet,Accessories,1,29.99,29.99
INV100213,10796.0,2023-01-18 05:35:45,Backpack,Accessories,2,49.99,99.98
INV100214,10028.0,2023-01-18 07:32:15,Smart Watch,Electronics,4,129.99,519.96
INV100215,10620.0,2023-01-18 09:28:45,Running Shoes,Footwear,1,89.99,89.99
INV100216,10556.0,2023-01-18 11:25:16,Running Shoes,Footwear,1,89.99,89.99
INV100217,10340.0,2023-01-18 13:21:46,Smart Watch,Electronics,1,129.99,129.99
INV100218,10798.0,2023-01-18 15:18:17,Leather Wallet,Accessories,1,29.99,29.99
INV100219,10331.0,2023-01-18 17:14:47,Leather Wallet,Accessories,1,29.99,29.99
INV100220,10640.0,2023-01-18 19:11:17,Wireless Earbuds,Electronics,4,59.99,239.96
INV100221,10506.0,2023-01-18 21:07:48,Yoga Mat,Fitness,2,24.99,49.98
INV100222,10348.0,2023-01-18 23:04:18,Stainless Steel Bottle,Fitness,10,19.99,199.89999999999998
INV100223,10473.0,2023-01-19 01:00:48,Leather Wallet,Accessories,4,29.99,119.96
INV100224,10231.0,2023-01-19 02:57:19,Denim Jacket,Apparel,1,74.99,74.99
INV100225,10190.0,2023-01-19 04:53:49,Wireless Earbuds,Electronics,2,59.99,119.98
INV100226,10225.0,2023-01-19 06:50:19,Sunglasses,Accessories,1,35.0,35.0
INV100227,10385.0,2023-01-19 08:46:50,Bluetooth Speaker,Electronics,1,45.0,45.0
INV100228,10377.0,2023-01-19 10:43:20,Sunglasses,Accessories,4,35.0,140.0
INV100229,10283.0,2023-01-19 12:39:50,Wireless Earbuds,Electronics,1,59.99,59.99
INV100230,10633.0,2023-01-19 14:36:21,Backpack,Accessories,3,49.99,149.97
INV100231,10628.0,2023-01-19 16:32:51,Stainless Steel Bottle,Fitness,1,19.99,19.99
INV100232,10745.0,2023-01-19 18:29:21,Bluetooth Speaker,Electronics,4,45.0,180.0
INV100233,10259.0,2023-01-19 20:25:52,Sunglasses,Accessories,5,35.0,175.0
INV100234,10359.0,2023-01-19 22:22:22,Bluetooth Speaker,Electronics,2,45.0,90.0
INV100235,10710.0,2023-01-20 00:18:53,Denim Jacket,Apparel,2,74.99,149.98
INV100236,10456.0,2023-01-20 02:15:23,Denim Jacket,Apparel,1,74.99,74.99
INV100237,10411.0,2023-01-20 04:11:53,Denim Jacket,Apparel,3,74.99,224.96999999999997
INV100238,10649.0,2023-01-20 06:08:24,Wireless Earbuds,Electronics,5,59.99,299.95
INV100239,10318.0,2023-01-20 08:04:54,Stainless Steel Bottle,Fitness,3,19.99,59.97
INV100240,10677.0,2023-01-20 10:01:24,Wireless Earbuds,Electronics,2,59.99,119.98
INV100241,10225.0,2023-01-20 11:57:55,Running Shoes,Footwear,2,89.99,179.98
INV100242,10819.0,2023-01-20 13:54:25,Backpack,Accessories,3,49.99,149.97
INV100243,10234.0,2023-01-20 15:50:55,Backpack,Accessories,2,49.99,99.98
INV100244,10684.0,2023-01-20 17:47:26,Denim Jacket,Apparel,3,74.99,224.96999999999997
INV100245,10664.0,2023-01-20 19:43:56,Running Shoes,Footwear,2,89.99,179.98
INV100246,10827.0,2023-01-20 21:40:26,Leather Wallet,Accessories,1,29.99,29.99
INV100247,10374.0,2023-01-20 23:36:57,Leather Wallet,Accessories,1,29.99,29.99
INV100248,10672.0,2023-01-21 01:33:27,Denim Jacket,Apparel,1,74.99,74.99
INV100249,10608.0,2023-01-21 03:29:57,Sunglasses,Accessories,1,35.0,35.0
INV100250,10472.0,2023-01-21 05:26:28,Wireless Earbuds,Electronics,1,59.99,59.99
INV100251,10233.0,2023-01-21 07:22:58,Denim Jacket,Apparel,2,74.99,149.98
INV100252,10692.0,2023-01-21 09:19:29,Yoga Mat,Fitness,1,24.99,24.99
INV100253,10113.0,2023-01-21 11:15:59,Bluetooth Speaker,Electronics,1,45.0,45.0
INV100254,10830.0,2023-01-21 13:12:29,Backpack,Accessories,2,49.99,99.98
INV100255,10497.0,2023-01-21 15:09:00,Leather Wallet,Accessories,5,29.99,149.95
INV100256,10442.0,2023-01-21 17:05:30,Smart Watch,Electronics,2,129.99,259.98
INV100257,10564.0,2023-01-21 19:02:00,Leather Wallet,Accessories,10,29.99,299.9
INV100258,10268.0,2023-01-21 20:58:31,Backpack,Accessories,2,49.99,99.98
INV100259,10510.0,2023-01-21 22:55:01,Bluetooth Speaker,Electronics,1,45.0,45.0
INV100260,10807.0,2023-01-22 00:51:31,Backpack,Accessories,2,49.99,99.98
INV100261,10386.0,2023-01-22 02:48:02,Smart Watch,Electronics,2,129.99,259.98
INV100262,10387.0,2023-01-22 04:44:32,Denim Jacket,Apparel,1,74.99,74.99
INV100263,10113.0,2023-01-22 06:41:02,Running Shoes,Footwear,1,89.99,89.99
INV100264,10613.0,2023-01-22 08:37:33,Smart Watch,Electronics,2,129.99,259.98
INV100265,10625.0,2023-01-22 10:34:03,Backpack,Accessories,1,49.99,49.99
INV100266,10081.0,2023-01-22 12:30:34,Backpack,Accessories,2,49.99,99.98
INV100267,10699.0,2023-01-22 14:27:04,Yoga Mat,Fitness,1,24.99,24.99
INV100268,10113.0,2023-01-22 16:23:34,Yoga Mat,Fitness,2,24.99,49.98
INV100269,10002.0,2023-01-22 18:20:05,Stainless Steel Bottle,Fitness,2,19.99,39.98
INV100270,10642.0,2023-01-22 20:16:35,Yoga Mat,Fitness,1,24.99,24.99
INV100271,10220.0,2023-01-22 22:13:05,Wireless Earbuds,Electronics,1,59.99,59.99
INV100272,10566.0,2023-01-23 00:09:36,Running Shoes,Footwear,2,89.99,179.98
INV100273,10855.0,2023-01-23 02:06:06,Bluetooth Speaker,Electronics,3,45.0,135.0
INV100274,10736.0,2023-01-23 04:02:36,Smart Watch,Electronics,4,129.99,519.96
INV100275,10225.0,2023-01-23 05:59:07,Backpack,Accessories,1,49.99,49.99
INV100276,10385.0,2023-01-23 07:55:37,Stainless Steel Bottle,Fitness,2,19.99,39.98
INV100277,10403.0,2023-01-23 09:52:07,Stainless Steel Bottle,Fitness,1,19.99,19.99
INV100278,10638.0,2023-01-23 11:48:38,Bluetooth Speaker,Electronics,1,45.0,45.0
INV100279,10130.0,2023-01-23 13:45:08,Running Shoes,Footwear,1,89.99,89.99
INV100280,10053.0,2023-01-23 15:41:38,Smart Watch,Electronics,2,129.99,259.98
INV100281,10684.0,2023-01-23 17:38:09,Leather Wallet,Accessories,1,29.99,29.99
INV100282,10730.0,2023-01-23 19:34:39,Yoga Mat,Fitness,1,24.99,24.99
INV100283,10672.0,2023-01-23 21:31:10,Denim Jacket,Apparel,2,74.99,149.98
INV100284,10710.0,2023-01-23 23:27:40,Stainless Steel Bottle,Fitness,2,19.99,39.98
INV100285,10416.0,2023-01-24 01:24:10,Yoga Mat,Fitness,1,24.99,24.99
INV100286,10247.0,2023-01-24 03:20:41,Yoga Mat,Fitness,1,24.99,24.99
INV100287,10836.0,2023-01-24 05:17:11,Wireless Earbuds,Electronics,1,59.99,59.99
INV100288,10439.0,2023-01-24 07:13:41,Running Shoes,Footwear,1,89.99,89.99
INV100289,10203.0,2023-01-24 09:10:12,Denim Jacket,Apparel,2,74.99,149.98
INV100290,10184.0,2023-01-24 11:06:42,Leather Wallet,Accessories,1,29.99,29.99
INV100291,10123.0,2023-01-24 13:03:12,Backpack,Accessories,2,49.99,99.98
INV100292,10401.0,2023-01-24 14:59:43,Wireless Earbuds,Electronics,4,59.99,239.96
INV100293,10767.0,2023-01-24 16:56:13,Yoga Mat,Fitness,1,24.99,24.99
INV100294,10294.0,2023-01-24 18:52:43,Yoga Mat,Fitness,5,24.99,124.94999999999999
INV100295,10280.0,2023-01-24 20:49:14,Sunglasses,Accessories,1,35.0,35.0
INV100296,10837.0,2023-01-24 22:45:44,Denim Jacket,Apparel,1,74.99,74.99
INV100297,10884.0,2023-01-25 00:42:14,Denim Jacket,Apparel,1,74.99,74.99
INV100298,10610.0,2023-01-25 02:38:45,Sunglasses,Accessories,1,35.0,35.0
INV100299,10198.0,2023-01-25 04:35:15,Denim Jacket,Apparel,1,74.99,74.99
INV100300,10907.0,2023-01-25 06:31:46,Yoga Mat,Fitness,1,24.99,24.99
INV100301,10511.0,2023-01-25 08:28:16,Stainless Steel Bottle,Fitness,3,19.99,59.97
INV100302,10752.0,2023-01-25 10:24:46,Smart Watch,Electronics,4,129.99,519.96
INV100303,10144.0,2023-01-25 12:21:17,Yoga Mat,Fitness,2,24.99,49.98
INV100304,10609.0,2023-01-25 14:17:47,Wireless Earbuds,Electronics,1,59.99,59.99
INV100305,10201.0,2023-01-25 16:14:17,Running Shoes,Footwear,2,89.99,179.98
INV100306,10124.0,2023-01-25 18:10:48,Sunglasses,Accessories,2,35.0,70.0
INV100307,10187.0,2023-01-25 20:07:18,Leather Wallet,Accessories,3,29.99,89.97
INV100308,10326.0,2023-01-25 22:03:48,Backpack,Accessories,3,49.99,149.97
INV100309,10464.0,2023-01-26 00:00:19,Leather Wallet,Accessories,3,29.99,89.97
INV100310,10349.0,2023-01-26 01:56:49,Yoga Mat,Fitness,1,24.99,24.99
INV100311,10771.0,2023-01-26 03:53:19,Wireless Earbuds,Electronics,2,59.99,119.98
INV100312,10660.0,2023-01-26 05:49:50,Yoga Mat,Fitness,1,24.99,24.99
INV100313,10764.0,2023-01-26 07:46:20,Running Shoes,Footwear,10,89.99,899.9
INV100314,10932.0,2023-01-26 09:42:50,Stainless Steel Bottle,Fitness,1,19.99,19.99
INV100315,10403.0,2023-01-26 11:39:21,Backpack,Accessories,1,49.99,49.99
INV100316,10346.0,2023-01-26 13:35:51,Running Shoes,Footwear,1,89.99,89.99
INV100317,10511.0,2023-01-26 15:32:22,Sunglasses,Accessories,3,35.0,105.0
INV100318,10147.0,2023-01-26 17:28:52,Sunglasses,Accessories,1,35.0,35.0
INV100319,10148.0,2023-01-26 19:25:22,Yoga Mat,Fitness,1,24.99,24.99
INV100320,10864.0,2023-01-26 21:21:53,Wireless Earbuds,Electronics,5,59.99,299.95
INV100321,10711.0,2023-01-26 23:18:23,Running Shoes,Footwear,4,89.99,359.96
INV100322,10820.0,2023-01-27 01:14:53,Bluetooth Speaker,Electronics,1,45.0,45.0
INV100323,10489.0,2023-01-27 03:11:24,Wireless Earbuds,Electronics,1,59.99,59.99
INV100324,10929.0,2023-01-27 05:07:54,Stainless Steel Bottle,Fitness,3,19.99,59.97
INV100325,10936.0,2023-01-27 07:04:24,Sunglasses,Accessories,4,35.0,140.0
INV100326,10640.0,2023-01-27 09:00:55,Yoga Mat,Fitness,2,24.99,49.98
INV100327,10551.0,2023-01-27 10:57:25,Denim Jacket,Apparel,2,74.99,149.98
INV100328,10338.0,2023-01-27 12:53:55,Sunglasses,Accessories,1,35.0,35.0
INV100329,10872.0,2023-01-27 14:50:26,Backpack,Accessories,3,49.99,149.97
INV100330,10641.0,2023-01-27 16:46:56,Smart Watch,Electronics,2,129.99,259.98
INV100331,10779.0,2023-01-27 18:43:26,Denim Jacket,Apparel,2,74.99,149.98
INV100332,10473.0,2023-01-27 20:39:57,Yoga Mat,Fitness,1,24.99,24.99
INV100333,10946.0,2023-01-27 22:36:27,Bluetooth Speaker,Electronics,4,45.0,180.0
INV100334,10151.0,2023-01-28 00:32:58,Denim Jacket,Apparel,2,74.99,149.98
INV100335,10415.0,2023-01-28 02:29:28,Backpack,Accessories,1,49.99,49.99
INV100336,10298.0,2023-01-28 04:25:58,Wireless Earbuds,Electronics,2,59.99,119.98
INV100337,10611.0,2023-01-28 06:22:29,Bluetooth Speaker,Electronics,2,45.0,90.0
INV100338,10263.0,2023-01-28 08:18:59,Sunglasses,Accessories,2,35.0,70.0
INV100339,10764.0,2023-01-28 10:15:29,Bluetooth Speaker,Electronics,2,45.0,90.0
INV100340,10144.0,2023-01-28 12:12:00,Running Shoes,Footwear,2,89.99,179.98
INV100341,10346.0,2023-01-28 14:08:30,Backpack,Accessories,5,49.99,249.95000000000002
INV100342,10624.0,2023-01-28 16:05:00,Denim Jacket,Apparel,1,74.99,74.99
INV100343,10572.0,2023-01-28 18:01:31,Running Shoes,Footwear,1,89.99,89.99
INV100344,10881.0,2023-01-28 19:58:01,Bluetooth Speaker,Electronics,1,45.0,45.0
INV100345,10002.0,2023-01-28 21:54:31,Running Shoes,Footwear,2,89.99,179.98
INV100346,10897.0,2023-01-28 23:51:02,Leather Wallet,Accessories,2,29.99,59.98
INV100347,10304.0,2023-01-29 01:47:32,Backpack,Accessories,4,49.99,199.96
INV100348,10254.0,2023-01-29 03:44:02,Stainless Steel Bottle,Fitness,2,19.99,39.98
INV100349,10652.0,2023-01-29 05:40:33,Wireless Earbuds,Electronics,2,59.99,119.98
INV100350,10453.0,2023-01-29 07:37:03,Bluetooth Speaker,Electronics,10,45.0,450.0
INV100351,10037.0,2023-01-29 09:33:34,Backpack,Accessories,1,49.99,49.99
INV100352,10160.0,2023-01-29 11:30:04,Stainless Steel Bottle,Fitness,3,19.99,59.97
INV100353,10009.0,2023-01-29 13:26:34,Stainless Steel Bottle,Fitness,1,19.99,19.99
INV100354,10233.0,2023-01-29 15:23:05,Yoga Mat,Fitness,2,24.99,49.98
INV100355,10099.0,2023-01-29 17:19:35,Running Shoes,Footwear,2,89.99,179.98
INV100356,10659.0,2023-01-29 19:16:05,Stainless Steel Bottle,Fitness,2,19.99,39.98
INV100357,10816.0,2023-01-29 21:12:36,Leather Wallet,Accessories,1,29.99,29.99
INV100358,10208.0,2023-01-29 23:09:06,Backpack,Accessories,1,49.99,49.99
INV100359,10131.0,2023-01-30 01:05:36,Smart Watch,Electronics,2,129.99,259.98
INV100360,10404.0,2023-01-30 03:02:07,Smart Watch,Electronics,3,129.99,389.97
INV100361,10152.0,2023-01-30 04:58:37,Bluetooth Speaker,Electronics,1,45.0,45.0
INV100362,10054.0,2023-01-30 06:55:07,Sunglasses,Accessories,4,35.0,140.0
INV100363,10120.0,2023-01-30 08:51:38,Running Shoes,Footwear,1,89.99,89.99
INV100364,10673.0,2023-01-30 10:48:08,Sunglasses,Accessories,2,35.0,70.0
INV100365,10920.0,2023-01-30 12:44:38,Stainless Steel Bottle,Fitness,3,19.99,59.97
INV100366,10628.0,2023-01-30 14:41:09,Backpack,Accessories,2,49.99,99.98
INV100367,10587.0,2023-01-30 16:37:39,Bluetooth Speaker,Electronics,5,45.0,225.0
INV100368,10625.0,2023-01-30 18:34:10,Denim Jacket,Apparel,2,74.99,149.98
INV100369,10420.0,2023-01-30 20:30:40,Stainless Steel Bottle,Fitness,2,19.99,39.98
INV100370,10422.0,2023-01-30 22:27:10,Running Shoes,Footwear,1,89.99,89.99
INV100371,10104.0,2023-01-31 00:23:41,Smart Watch,Electronics,1,129.99,129.99
INV100372,10852.0,2023-01-31 02:20:11,Yoga Mat,Fitness,1,24.99,24.99
INV100373,10254.0,2023-01-31 04:16:41,Backpack,Accessories,2,49.99,99.98
INV100374,10227.0,2023-01-31 06:13:12,Wireless Earbuds,Electronics,1,59.99,59.99
INV100375,10112.0,2023-01-31 08:09:42,Sunglasses,Accessories,1,35.0,35.0
INV100376,10510.0,2023-01-31 10:06:12,Bluetooth Speaker,Electronics,1,45.0,45.0
INV100377,10473.0,2023-01-31 12:02:43,Sunglasses,Accessories,1,35.0,35.0
INV100378,10099.0,2023-01-31 13:59:13,Backpack,Accessories,1,49.99,49.99
INV100379,10153.0,2023-01-31 15:55:43,Sunglasses,Accessories,4,35.0,140.0
INV100380,10861.0,2023-01-31 17:52:14,Backpack,Accessories,3,49.99,149.97
INV100381,10914.0,2023-01-31 19:48:44,Sunglasses,Accessories,2,35.0,70.0
INV100382,10896.0,2023-01-31 21:45:15,Leather Wallet,Accessories,3,29.99,89.97
INV100383,10878.0,2023-01-31 23:41:45,Denim Jacket,Apparel,1,74.99,74.99
INV100384,10338.0,2023-02-01 01:38:15,Stainless Steel Bottle,Fitness,4,19.99,79.96
INV100385,10706.0,2023-02-01 03:34:46,Stainless Steel Bottle,Fitness,1,19.99,19.99
INV100386,10822.0,2023-02-01 05:31:16,Running Shoes,Footwear,1,89.99,89.99
INV100387,10163.0,2023-02-01 07:27:46,Wireless Earbuds,Electronics,2,59.99,119.98
INV100388,10720.0,2023-02-01 09:24:17,Wireless Earbuds,Electronics,1,59.99,59.99
INV100389,10681.0,2023-02-01 11:20:47,Running Shoes,Footwear,2,89.99,179.98
INV100390,10161.0,2023-02-01 13:17:17,Yoga Mat,Fitness,1,24.99,24.99
INV100391,10580.0,2023-02-01 15:13:48,Stainless Steel Bottle,Fitness,3,19.99,59.97
INV100392,10801.0,2023-02-01 17:10:18,Yoga Mat,Fitness,1,24.99,24.99
INV100393,10398.0,2023-02-01 19:06:48,Backpack,Accessories,1,49.99,49.99
INV100394,10277.0,2023-02-01 21:03:19,Backpack,Accessories,2,49.99,99.98
INV100395,10816.0,2023-02-01 22:59:49,Smart Watch,Electronics,1,129.99,129.99
INV100396,10916.0,2023-02-02 00:56:19,Sunglasses,Accessories,1,35.0,35.0
INV100397,10504.0,2023-02-02 02:52:50,Wireless Earbuds,Electronics,1,59.99,59.99
INV100398,10896.0,2023-02-02 04:49:20,Smart Watch,Electronics,2,129.99,259.98
INV100399,10392.0,2023-02-02 06:45:51,Denim Jacket,Apparel,2,74.99,149.98
INV100400,10135.0,2023-02-02 08:42:21,Running Shoes,Footwear,1,89.99,89.99
INV100401,10195.0,2023-02-02 10:38:51,Running Shoes,Footwear,5,89.99,449.95
INV100402,10401.0,2023-02-02 12:35:22,Backpack,Accessories,4,49.99,199.96
INV100403,10640.0,2023-02-02 14:31:52,Stainless Steel Bottle,Fitness,2,19.99,39.98
INV100404,10033.0,2023-02-02 16:28:22,Yoga Mat,Fitness,2,24.99,49.98
INV100405,10688.0,2023-02-02 18:24:53,Wireless Earbuds,Electronics,1,59.99,59.99
INV100406,10460.0,2023-02-02 20:21:23,Smart Watch,Electronics,2,129.99,259.98
INV100407,10883.0,2023-02-02 22:17:53,Yoga Mat,Fitness,1,24.99,24.99
INV100408,10470.0,2023-02-03 00:14:24,Smart Watch,Electronics,1,129.99,129.99
INV100409,10375.0,2023-02-03 02:10:54,Sunglasses,Accessories,10,35.0,350.0
INV100410,10022.0,2023-02-03 04:07:24,Denim Jacket,Apparel,2,74.99,149.98
INV100411,10750.0,2023-02-03 06:03:55,Denim Jacket,Apparel,1,74.99,74.99
INV100412,10670.0,2023-02-03 08:00:25,Yoga Mat,Fitness,1,24.99,24.99
INV100413,10038.0,2023-02-03 09:56:55,Yoga Mat,Fitness,2,24.99,49.98
INV100414,10230.0,2023-02-03 11:53:26,Yoga Mat,Fitness,1,24.99,24.99
INV100415,10365.0,2023-02-03 13:49:56,Smart Watch,Electronics,1,129.99,129.99
INV100416,10563.0,2023-02-03 15:46:27,Sunglasses,Accessories,1,35.0,35.0
INV100417,10438.0,2023-02-03 17:42:57,Leather Wallet,Accessories,1,29.99,29.99
INV100418,10776.0,2023-02-03 19:39:27,Yoga Mat,Fitness,2,24.99,49.98
INV100419,10283.0,2023-02-03 21:35:58,Stainless Steel Bottle,Fitness,1,19.99,19.99
INV100420,10027.0,2023-02-03 23:32:28,Wireless Earbuds,Electronics,2,59.99,119.98
INV100421,10226.0,2023-02-04 01:28:58,Wireless Earbuds,Electronics,1,59.99,59.99
INV100422,10277.0,2023-02-04 03:25:29,Smart Watch,Electronics,2,129.99,259.98
INV100423,10798.0,2023-02-04 05:21:59,Yoga Mat,Fitness,-8,24.99,199.92
INV100424,10609.0,2023-02-04 07:18:29,Backpack,Accessories,2,49.99,99.98
INV100425,10284.0,2023-02-04 09:15:00,Running Shoes,Footwear,4,89.99,359.96
INV100426,10879.0,2023-02-04 11:11:30,Leather Wallet,Accessories,5,29.99,149.95
INV100427,10481.0,2023-02-04 13:08:00,Stainless Steel Bottle,Fitness,1,19.99,19.99
INV100428,10453.0,2023-02-04 15:04:31,Sunglasses,Accessories,2,35.0,70.0
INV100429,10829.0,2023-02-04 17:01:01,Backpack,Accessories,3,49.99,149.97
INV100430,10816.0,2023-02-04 18:57:31,Denim Jacket,Apparel,1,74.99,74.99
INV100431,10659.0,2023-02-04 20:54:02,Backpack,Accessories,1,49.99,49.99
INV100432,10516.0,2023-02-04 22:50:32,Smart Watch,Electronics,5,129.99,649.95
INV100433,10547.0,2023-02-05 00:47:03,Leather Wallet,Accessories,2,29.99,59.98
INV100434,10192.0,2023-02-05 02:43:33,Bluetooth Speaker,Electronics,1,45.0,45.0
INV100435,10049.0,2023-02-05 04:40:03,Bluetooth Speaker,Electronics,1,45.0,45.0
INV100436,10512.0,2023-02-05 06:36:34,Yoga Mat,Fitness,3,24.99,74.97
INV100437,10017.0,2023-02-05 08:33:04,Yoga Mat,Fitness,2,24.99,49.98
INV100438,10172.0,2023-02-05 10:29:34,Smart Watch,Electronics,2,129.99,259.98
INV100439,10220.0,2023-02-05 12:26:05,Sunglasses,Accessories,3,35.0,105.0
INV100440,10158.0,2023-02-05 14:22:35,Yoga Mat,Fitness,2,24.99,49.98
INV100441,10477.0,2023-02-05 16:19:05,Running Shoes,Footwear,2,89.99,179.98
INV100442,10046.0,2023-02-05 18:15:36,Leather Wallet,Accessories,2,29.99,59.98
INV100443,10373.0,2023-02-05 20:12:06,Smart Watch,Electronics,2,129.99,259.98
INV100444,10518.0,2023-02-05 22:08:36,Wireless Earbuds,Electronics,2,59.99,119.98
INV100445,10099.0,2023-02-06 00:05:07,Denim Jacket,Apparel,1,74.99,74.99
INV100446,10892.0,2023-02-06 02:01:37,Smart Watch,Electronics,1,129.99,129.99
INV100447,10745.0,2023-02-06 03:58:07,Smart Watch,Electronics,5,129.99,649.95
INV100448,10037.0,2023-02-06 05:54:38,Bluetooth Speaker,Electronics,1,45.0,45.0
INV100449,10280.0,2023-02-06 07:51:08,Stainless Steel Bottle,Fitness,1,19.99,19.99
INV100450,10349.0,2023-02-06 09:47:39,Sunglasses,Accessories,1,35.0,35.0
INV100451,10497.0,2023-02-06 11:44:09,Stainless Steel Bottle,Fitness,3,19.99,59.97
INV100452,10302.0,2023-02-06 13:40:39,Running Shoes,Footwear,1,89.99,89.99
INV100453,10181.0,2023-02-06 15:37:10,Wireless Earbuds,Electronics,1,59.99,59.99
INV100454,10607.0,2023-02-06 17:33:40,Bluetooth Speaker,Electronics,1,45.0,45.0
INV100455,10099.0,2023-02-06 19:30:10,Wireless Earbuds,Electronics,2,59.99,119.98
INV100456,10700.0,2023-02-06 21:26:41,Running Shoes,Footwear,1,89.99,89.99
INV100457,10116.0,2023-02-06 23:23:11,Stainless Steel Bottle,Fitness,1,19.99,19.99
INV100458,10191.0,2023-02-07 01:19:41,Smart Watch,Electronics,1,129.99,129.99
INV100459,10253.0,2023-02-07 03:16:12,Yoga Mat,Fitness,4,24.99,99.96
INV100460,10928.0,2023-02-07 05:12:42,Yoga Mat,Fitness,1,24.99,24.99
INV100461,10161.0,2023-02-07 07:09:12,Backpack,Accessories,1,49.99,49.99
INV100462,10256.0,2023-02-07 09:05:43,Denim Jacket,Apparel,2,74.99,149.98
INV100463,10323.0,2023-02-07 11:02:13,Sunglasses,Accessories,5,35.0,175.0
INV100464,10128.0,2023-02-07 12:58:43,Running Shoes,Footwear,2,89.99,179.98
INV100465,10018.0,2023-02-07 14:55:14,Denim Jacket,Apparel,8,74.99,599.92
INV100466,10793.0,2023-02-07 16:51:44,Sunglasses,Accessories,3,35.0,105.0
INV100467,10735.0,2023-02-07 18:48:15,Denim Jacket,Apparel,1,74.99,74.99
INV100468,10566.0,2023-02-07 20:44:45,Stainless Steel Bottle,Fitness,2,19.99,39.98
INV100469,10570.0,2023-02-07 22:41:15,Sunglasses,Accessories,1,35.0,35.0
INV100470,10323.0,2023-02-08 00:37:46,Stainless Steel Bottle,Fitness,2,19.99,39.98
INV100471,10872.0,2023-02-08 02:34:16,Smart Watch,Electronics,1,129.99,129.99
INV100472,10686.0,2023-02-08 04:30:46,Bluetooth Speaker,Electronics,1,45.0,45.0
INV100473,10792.0,2023-02-08 06:27:17,Stainless Steel Bottle,Fitness,4,19.99,79.96
INV100474,10626.0,2023-02-08 08:23:47,Yoga Mat,Fitness,1,24.99,24.99
INV100475,10288.0,2023-02-08 10:20:17,Denim Jacket,Apparel,4,74.99,299.96
INV100476,10943.0,2023-02-08 12:16:48,Backpack,Accessories,1,49.99,49.99
INV100477,10854.0,2023-02-08 14:13:18,Leather Wallet,Accessories,1,29.99,29.99
INV100478,10663.0,2023-02-08 16:09:48,Sunglasses,Accessories,3,35.0,105.0
INV100479,10639.0,2023-02-08 18:06:19,Running Shoes,Footwear,2,89.99,179.98
INV100480,10155.0,2023-02-08 20:02:49,Backpack,Accessories,2,49.99,99.98
INV100481,10490.0,2023-02-08 21:59:19,Yoga Mat,Fitness,1,24.99,24.99
INV100482,10386.0,2023-02-08 23:55:50,Stainless Steel Bottle,Fitness,2,19.99,39.98
INV100483,10785.0,2023-02-09 01:52:20,Bluetooth Speaker,Electronics,2,45.0,90.0
INV100484,10104.0,2023-02-09 03:48:51,Smart Watch,Electronics,2,129.99,259.98
INV100485,10929.0,2023-02-09 05:45:21,Leather Wallet,Accessories,1,29.99,29.99
INV100486,10393.0,2023-02-09 07:41:51,Wireless Earbuds,Electronics,5,59.99,299.95
INV100487,10811.0,2023-02-09 09:38:22,Backpack,Accessories,2,49.99,99.98
INV100488,10246.0,2023-02-09 11:34:52,Bluetooth Speaker,Electronics,4,45.0,180.0
INV100489,10176.0,2023-02-09 13:31:22,Wireless Earbuds,Electronics,2,59.99,119.98
INV100490,10039.0,2023-02-09 15:27:53,Leather Wallet,Accessories,2,29.99,59.98
INV100491,10477.0,2023-02-09 17:24:23,Running Shoes,Footwear,1,89.99,89.99
INV100492,10682.0,2023-02-09 19:20:53,Running Shoes,Footwear,1,89.99,89.99
INV100493,10759.0,2023-02-09 21:17:24,Denim Jacket,Apparel,3,74.99,224.96999999999997
INV100494,10538.0,2023-02-09 23:13:54,Leather Wallet,Accessories,1,29.99,29.99
INV100495,10867.0,2023-02-10 01:10:24,Leather Wallet,Accessories,1,29.99,29.99
INV100496,10818.0,2023-02-10 03:06:55,Wireless Earbuds,Electronics,1,59.99,59.99
INV100497,10921.0,2023-02-10 05:03:25,Bluetooth Speaker,Electronics,1,45.0,45.0
INV100498,10408.0,2023-02-10 06:59:55,Sunglasses,Accessories,4,35.0,140.0
INV100499,10525.0,2023-02-10 08:56:26,Wireless Earbuds,Electronics,3,59.99,179.97
INV100500,10828.0,2023-02-10 10:52:56,Smart Watch,Electronics,1,129.99,129.99
INV100501,10506.0,2023-02-10 12:49:27,Running Shoes,Footwear,1,89.99,89.99
INV100502,10903.0,2023-02-10 14:45:57,Running Shoes,Footwear,2,89.99,179.98
INV100503,10825.0,2023-02-10 16:42:27,Denim Jacket,Apparel,2,74.99,149.98
INV100504,10036.0,2023-02-10 18:38:58,Smart Watch,Electronics,5,129.99,649.95
INV100505,10685.0,2023-02-10 20:35:28,Running Shoes,Footwear,2,89.99,179.98
INV100506,10020.0,2023-02-10 22:31:58,Wireless Earbuds,Electronics,1,59.99,59.99
INV100507,10321.0,2023-02-11 00:28:29,Smart Watch,Electronics,2,129.99,259.98
INV100508,10776.0,2023-02-11 02:24:59,Wireless Earbuds,Electronics,5,59.99,299.95
INV100509,10512.0,2023-02-11 04:21:29,Sunglasses,Accessories,2,35.0,70.0
INV100510,10400.0,2023-02-11 06:18:00,Sunglasses,Accessories,2,35.0,70.0
INV100511,10654.0,2023-02-11 08:14:30,Running Shoes,Footwear,1,89.99,89.99
INV100512,10883.0,2023-02-11 10:11:00,Running Shoes,Footwear,2,89.99,179.98
INV100513,10471.0,2023-02-11 12:07:31,Bluetooth Speaker,Electronics,3,45.0,135.0
INV100514,10143.0,2023-02-11 14:04:01,Sunglasses,Accessories,1,35.0,35.0
INV100515,10092.0,2023-02-11 16:00:32,Backpack,Accessories,1,49.99,49.99
INV100516,10354.0,2023-02-11 17:57:02,Backpack,Accessories,1,49.99,49.99
INV100517,10834.0,2023-02-11 19:53:32,Denim Jacket,Apparel,1,74.99,74.99
INV100518,10800.0,2023-02-11 21:50:03,Sunglasses,Accessories,1,35.0,35.0
INV100519,10727.0,2023-02-11 23:46:33,Wireless Earbuds,Electronics,1,59.99,59.99
INV100520,10854.0,2023-02-12 01:43:03,Wireless Earbuds,Electronics,2,59.99,119.98
INV100521,10051.0,2023-02-12 03:39:34,Yoga Mat,Fitness,1,24.99,24.99
INV100522,10665.0,2023-02-12 05:36:04,Smart Watch,Electronics,1,129.99,129.99
INV100523,10698.0,2023-02-12 07:32:34,Stainless Steel Bottle,Fitness,4,19.99,79.96
INV100524,10575.0,2023-02-12 09:29:05,Backpack,Accessories,2,49.99,99.98
INV100525,10190.0,2023-02-12 11:25:35,Running Shoes,Footwear,2,89.99,179.98
INV100526,10125.0,2023-02-12 13:22:05,Denim Jacket,Apparel,1,74.99,74.99
INV100527,10150.0,2023-02-12 15:18:36,Stainless Steel Bottle,Fitness,2,19.99,39.98
INV100528,10314.0,2023-02-12 17:15:06,Leather Wallet,Accessories,1,29.99,29.99
INV100529,10570.0,2023-02-12 19:11:36,Denim Jacket,Apparel,3,74.99,224.96999999999997
INV100530,10342.0,2023-02-12 21:08:07,Leather Wallet,Accessories,1,29.99,29.99
INV100531,10305.0,2023-02-12 23:04:37,Sunglasses,Accessories,2,35.0,70.0
INV100532,10692.0,2023-02-13 01:01:08,Leather Wallet,Accessories,1,29.99,29.99
INV100533,10682.0,2023-02-13 02:57:38,Leather Wallet,Accessories,2,29.99,59.98
INV100534,10838.0,2023-02-13 04:54:08,Bluetooth Speaker,Electronics,2,45.0,90.0
INV100535,10783.0,2023-02-13 06:50:39,Bluetooth Speaker,Electronics,1,45.0,45.0
INV100536,10054.0,2023-02-13 08:47:09,Bluetooth Speaker,Electronics,1,45.0,45.0
INV100537,10444.0,2023-02-13 10:43:39,Sunglasses,Accessories,2,35.0,70.0
INV100538,10613.0,2023-02-13 12:40:10,Stainless Steel Bottle,Fitness,5,19.99,99.94999999999999
INV100539,10264.0,2023-02-13 14:36:40,Denim Jacket,Apparel,3,74.99,224.96999999999997
INV100540,10053.0,2023-02-13 16:33:10,Denim Jacket,Apparel,1,74.99,74.99
INV100541,10572.0,2023-02-13 18:29:41,Running Shoes,Footwear,1,89.99,89.99
INV100542,10620.0,2023-02-13 20:26:11,Bluetooth Speaker,Electronics,4,45.0,180.0
INV100543,10005.0,2023-02-13 22:22:41,Sunglasses,Accessories,2,35.0,70.0
INV100544,10103.0,2023-02-14 00:19:12,Running Shoes,Footwear,2,89.99,179.98
INV100545,10196.0,2023-02-14 02:15:42,Smart Watch,Electronics,4,129.99,519.96
INV100546,10774.0,2023-02-14 04:12:12,Running Shoes,Footwear,4,89.99,359.96
INV100547,10877.0,2023-02-14 06:08:43,Stainless Steel Bottle,Fitness,2,19.99,39.98
INV100548,10884.0,2023-02-14 08:05:13,Backpack,Accessories,1,49.99,49.99
INV100549,10350.0,2023-02-14 10:01:44,Leather Wallet,Accessories,1,29.99,29.99
INV100550,10047.0,2023-02-14 11:58:14,Bluetooth Speaker,Electronics,2,45.0,90.0
INV100551,10867.0,2023-02-14 13:54:44,Backpack,Accessories,1,49.99,49.99
INV100552,10823.0,2023-02-14 15:51:15,Running Shoes,Footwear,1,89.99,89.99
INV100553,10936.0,2023-02-14 17:47:45,Sunglasses,Accessories,1,35.0,35.0
INV100554,10820.0,2023-02-14 19:44:15,Leather Wallet,Accessories,1,29.99,29.99
INV100555,10656.0,2023-02-14 21:40:46,Denim Jacket,Apparel,2,74.99,149.98
INV100556,10269.0,2023-02-14 23:37:16,Wireless Earbuds,Electronics,2,59.99,119.98
INV100557,10370.0,2023-02-15 01:33:46,Leather Wallet,Accessories,1,29.99,29.99
INV100558,10636.0,2023-02-15 03:30:17,Stainless Steel Bottle,Fitness,1,19.99,19.99
INV100559,10106.0,2023-02-15 05:26:47,Stainless Steel Bottle,Fitness,4,19.99,79.96
INV100560,10670.0,2023-02-15 07:23:17,Running Shoes,Footwear,1,89.99,89.99
INV100561,10659.0,2023-02-15 09:19:48,Smart Watch,Electronics,3,129.99,389.97
INV100562,10657.0,2023-02-15 11:16:18,Stainless Steel Bottle,Fitness,4,19.99,79.96
INV100563,10120.0,2023-02-15 13:12:48,Stainless Steel Bottle,Fitness,1,19.99,19.99
INV100564,10831.0,2023-02-15 15:09:19,Sunglasses,Accessories,2,35.0,70.0
INV100565,10787.0,2023-02-15 17:05:49,Running Shoes,Footwear,5,89.99,449.95
INV100566,10604.0,2023-02-15 19:02:20,Leather Wallet,Accessories,1,29.99,29.99
INV100567,10058.0,2023-02-15 20:58:50,Smart Watch,Electronics,2,129.99,259.98
INV100568,10346.0,2023-02-15 22:55:20,Backpack,Accessories,1,49.99,49.99
INV100569,10741.0,2023-02-16 00:51:51,Wireless Earbuds,Electronics,1,59.99,59.99
INV100570,10474.0,2023-02-16 02:48:21,Bluetooth Speaker,Electronics,3,45.0,135.0
INV100571,10117.0,2023-02-16 04:44:51,Denim Jacket,Apparel,4,74.99,299.96
INV100572,10830.0,2023-02-16 06:41:22,Stainless Steel Bottle,Fitness,3,19.99,59.97
INV100573,10791.0,2023-02-16 08:37:52,Running Shoes,Footwear,1,89.99,89.99
INV100574,10127.0,2023-02-16 10:34:22,Bluetooth Speaker,Electronics,1,45.0,45.0
INV100575,10393.0,2023-02-16 12:30:53,Denim Jacket,Apparel,2,74.99,149.98
INV100576,10908.0,2023-02-16 14:27:23,Denim Jacket,Apparel,1,74.99,74.99
INV100577,10641.0,2023-02-16 16:23:53,Backpack,Accessories,2,49.99,99.98
INV100578,10058.0,2023-02-16 18:20:24,Backpack,Accessories,2,49.99,99.98
INV100579,10634.0,2023-02-16 20:16:54,Backpack,Accessories,2,49.99,99.98
INV100580,10513.0,2023-02-16 22:13:24,Yoga Mat,Fitness,2,24.99,49.98
INV100581,10751.0,2023-02-17 00:09:55,Yoga Mat,Fitness,1,24.99,24.99
INV100582,10802.0,2023-02-17 02:06:25,Denim Jacket,Apparel,1,74.99,74.99
INV100583,10096.0,2023-02-17 04:02:56,Backpack,Accessories,1,49.99,49.99
INV100584,10638.0,2023-02-17 05:59:26,Sunglasses,Accessories,2,35.0,70.0
INV100585,10118.0,2023-02-17 07:55:56,Stainless Steel Bottle,Fitness,2,19.99,39.98
INV100586,10560.0,2023-02-17 09:52:27,Bluetooth Speaker,Electronics,3,45.0,135.0
INV100587,10601.0,2023-02-17 11:48:57,Bluetooth Speaker,Electronics,3,45.0,135.0
INV100588,10488.0,2023-02-17 13:45:27,Yoga Mat,Fitness,5,24.99,124.94999999999999
INV100589,10237.0,2023-02-17 15:41:58,Denim Jacket,Apparel,1,74.99,74.99
INV100590,10885.0,2023-02-17 17:38:28,Running Shoes,Footwear,1,89.99,89.99
INV100591,10897.0,2023-02-17 19:34:58,Leather Wallet,Accessories,1,29.99,29.99
INV100592,10272.0,2023-02-17 21:31:29,Leather Wallet,Accessories,2,29.99,59.98
INV100593,10189.0,2023-02-17 23:27:59,Yoga Mat,Fitness,1,24.99,24.99
INV100594,10704.0,2023-02-18 01:24:29,Running Shoes,Footwear,3,89.99,269.96999999999997
INV100595,10447.0,2023-02-18 03:21:00,Yoga Mat,Fitness,2,24.99,49.98
INV100596,10581.0,2023-02-18 05:17:30,Leather Wallet,Accessories,4,29.99,119.96
INV100597,10790.0,2023-02-18 07:14:00,Running Shoes,Footwear,5,89.99,449.95
INV100598,10861.0,2023-02-18 09:10:31,Backpack,Accessories,1,49.99,49.99
INV100599,10247.0,2023-02-18 11:07:01,Denim Jacket,Apparel,1,74.99,74.99
INV100600,10076.0,2023-02-18 13:03:32,Bluetooth Speaker,Electronics,2,45.0,90.0
INV100601,10154.0,2023-02-18 15:00:02,Sunglasses,Accessories,1,35.0,35.0
INV100602,10656.0,2023-02-18 16:56:32,Smart Watch,Electronics,1,129.99,129.99
INV100603,10435.0,2023-02-18 18:53:03,Denim Jacket,Apparel,2,74.99,149.98
INV100604,10086.0,2023-02-18 20:49:33,Backpack,Accessories,1,49.99,49.99
INV100605,10697.0,2023-02-18 22:46:03,Leather Wallet,Accessories,2,29.99,59.98
INV100606,10285.0,2023-02-19 00:42:34,Backpack,Accessories,2,49.99,99.98
INV100607,10220.0,2023-02-19 02:39:04,Yoga Mat,Fitness,1,24.99,24.99
INV100608,10069.0,2023-02-19 04:35:34,Running Shoes,Footwear,1,89.99,89.99
INV100609,10047.0,2023-02-19 06:32:05,Bluetooth Speaker,Electronics,1,45.0,45.0
INV100610,10094.0,2023-02-19 08:28:35,Stainless Steel Bottle,Fitness,2,19.99,39.98
INV100611,10750.0,2023-02-19 10:25:05,Yoga Mat,Fitness,1,24.99,24.99
INV100612,10453.0,2023-02-19 12:21:36,Denim Jacket,Apparel,4,74.99,299.96
INV100613,10204.0,2023-02-19 14:18:06,Yoga Mat,Fitness,1,24.99,24.99
INV100614,10912.0,2023-02-19 16:14:36,Denim Jacket,Apparel,1,74.99,74.99
INV100615,10218.0,2023-02-19 18:11:07,Stainless Steel Bottle,Fitness,1,19.99,19.99
INV100616,10474.0,2023-02-19 20:07:37,Wireless Earbuds,Electronics,1,59.99,59.99
INV100617,10432.0,2023-02-19 22:04:08,Bluetooth Speaker,Electronics,1,45.0,45.0
INV100618,10341.0,2023-02-20 00:00:38,Sunglasses,Accessories,2,35.0,70.0
INV100619,10551.0,2023-02-20 01:57:08,Sunglasses,Accessories,2,35.0,70.0
INV100620,10612.0,2023-02-20 03:53:39,Smart Watch,Electronics,1,129.99,129.99
INV100621,10289.0,2023-02-20 05:50:09,Backpack,Accessories,1,49.99,49.99
INV100622,10254.0,2023-02-20 07:46:39,Wireless Earbuds,Electronics,2,59.99,119.98
INV100623,10734.0,2023-02-20 09:43:10,Sunglasses,Accessories,2,35.0,70.0
INV100624,10357.0,2023-02-20 11:39:40,Yoga Mat,Fitness,1,24.99,24.99
INV100625,10023.0,2023-02-20 13:36:10,Backpack,Accessories,3,49.99,149.97
INV100626,10762.0,2023-02-20 15:32:41,Wireless Earbuds,Electronics,1,59.99,59.99
INV100627,10522.0,2023-02-20 17:29:11,Running Shoes,Footwear,3,89.99,269.96999999999997
INV100628,10758.0,2023-02-20 19:25:41,Running Shoes,Footwear,1,89.99,89.99
INV100629,10837.0,2023-02-20 21:22:12,Backpack,Accessories,1,49.99,49.99
INV100630,10100.0,2023-02-20 23:18:42,Denim Jacket,Apparel,4,74.99,299.96
INV100631,10802.0,2023-02-21 01:15:13,Denim Jacket,Apparel,1,74.99,74.99
INV100632,10180.0,2023-02-21 03:11:43,Yoga Mat,Fitness,3,24.99,74.97
INV100633,10223.0,2023-02-21 05:08:13,Wireless Earbuds,Electronics,1,59.99,59.99
INV100634,10906.0,2023-02-21 07:04:44,Wireless Earbuds,Electronics,2,59.99,119.98
INV100635,10762.0,2023-02-21 09:01:14,Backpack,Accessories,4,49.99,199.96
INV100636,10659.0,2023-02-21 10:57:44,Leather Wallet,Accessories,1,29.99,29.99
INV100637,10442.0,2023-02-21 12:54:15,Running Shoes,Footwear,3,89.99,269.96999999999997
INV100638,10608.0,2023-02-21 14:50:45,Wireless Earbuds,Electronics,2,59.99,119.98
INV100639,10769.0,2023-02-21 16:47:15,Backpack,Accessories,2,49.99,99.98
INV100640,10325.0,2023-02-21 18:43:46,Stainless Steel Bottle,Fitness,2,19.99,39.98
INV100641,10516.0,2023-02-21 20:40:16,Smart Watch,Electronics,4,129.99,519.96
INV100642,10016.0,2023-02-21 22:36:46,Stainless Steel Bottle,Fitness,1,19.99,19.99
INV100643,10792.0,2023-02-22 00:33:17,Bluetooth Speaker,Electronics,1,45.0,45.0
INV100644,10336.0,2023-02-22 02:29:47,Yoga Mat,Fitness,4,24.99,99.96
INV100645,10759.0,2023-02-22 04:26:17,Wireless Earbuds,Electronics,3,59.99,179.97
INV100646,10258.0,2023-02-22 06:22:48,Bluetooth Speaker,Electronics,1,45.0,45.0
INV100647,10497.0,2023-02-22 08:19:18,Sunglasses,Accessories,2,35.0,70.0
INV100648,10896.0,2023-02-22 10:15:49,Bluetooth Speaker,Electronics,2,45.0,90.0
INV100649,10160.0,2023-02-22 12:12:19,Backpack,Accessories,1,49.99,49.99
INV100650,10475.0,2023-02-22 14:08:49,Wireless Earbuds,Electronics,1,59.99,59.99
INV100651,10852.0,2023-02-22 16:05:20,Smart Watch,Electronics,2,129.99,259.98
INV100652,10664.0,2023-02-22 18:01:50,Backpack,Accessories,1,49.99,49.99
INV100653,10908.0,2023-02-22 19:58:20,Backpack,Accessories,3,49.99,149.97
INV100654,10690.0,2023-02-22 21:54:51,Yoga Mat,Fitness,3,24.99,74.97
INV100655,10675.0,2023-02-22 23:51:21,Yoga Mat,Fitness,1,24.99,24.99
INV100656,10380.0,2023-02-23 01:47:51,Running Shoes,Footwear,1,89.99,89.99
INV100657,10545.0,2023-02-23 03:44:22,Running Shoes,Footwear,1,89.99,89.99
INV100658,10929.0,2023-02-23 05:40:52,Denim Jacket,Apparel,1,74.99,74.99
INV100659,10691.0,2023-02-23 07:37:22,Leather Wallet,Accessories,2,29.99,59.98
INV100660,10427.0,2023-02-23 09:33:53,Wireless Earbuds,Electronics,1,59.99,59.99
INV100661,10613.0,2023-02-23 11:30:23,Wireless Earbuds,Electronics,2,59.99,119.98
INV100662,10268.0,2023-02-23 13:26:53,Bluetooth Speaker,Electronics,1,45.0,45.0
INV100663,10835.0,2023-02-23 15:23:24,Wireless Earbuds,Electronics,1,59.99,59.99
INV100664,10577.0,2023-02-23 17:19:54,Wireless Earbuds,Electronics,1,59.99,59.99
INV100665,10417.0,2023-02-23 19:16:25,Leather Wallet,Accessories,1,29.99,29.99
INV100666,10168.0,2023-02-23 21:12:55,Sunglasses,Accessories,1,35.0,35.0
INV100667,10842.0,2023-02-23 23:09:25,Running Shoes,Footwear,1,89.99,89.99
INV100668,10043.0,2023-02-24 01:05:56,Running Shoes,Footwear,3,89.99,269.96999999999997
INV100669,10556.0,2023-02-24 03:02:26,Smart Watch,Electronics,3,129.99,389.97
INV100670,10285.0,2023-02-24 04:58:56,Wireless Earbuds,Electronics,1,59.99,59.99
INV100671,10397.0,2023-02-24 06:55:27,Leather Wallet,Accessories,1,29.99,29.99
INV100672,10012.0,2023-02-24 08:51:57,Running Shoes,Footwear,1,89.99,89.99
INV100673,10607.0,2023-02-24 10:48:27,Leather Wallet,Accessories,1,29.99,29.99
INV100674,10302.0,2023-02-24 12:44:58,Stainless Steel Bottle,Fitness,1,19.99,19.99
INV100675,10898.0,2023-02-24 14:41:28,Sunglasses,Accessories,1,35.0,35.0
INV100676,10253.0,2023-02-24 16:37:58,Wireless Earbuds,Electronics,1,59.99,59.99
INV100677,10499.0,2023-02-24 18:34:29,Smart Watch,Electronics,1,129.99,129.99
INV100678,10754.0,2023-02-24 20:30:59,Bluetooth Speaker,Electronics,1,45.0,45.0
INV100679,10035.0,2023-02-24 22:27:29,Running Shoes,Footwear,1,89.99,89.99
INV100680,10727.0,2023-02-25 00:24:00,Stainless Steel Bottle,Fitness,2,19.99,39.98
INV100681,10849.0,2023-02-25 02:20:30,Leather Wallet,Accessories,1,29.99,29.99
INV100682,10090.0,2023-02-25 04:17:01,Yoga Mat,Fitness,1,24.99,24.99
INV100683,10776.0,2023-02-25 06:13:31,Backpack,Accessories,2,49.99,99.98
INV100684,10605.0,2023-02-25 08:10:01,Wireless Earbuds,Electronics,4,59.99,239.96
INV100685,10922.0,2023-02-25 10:06:32,Wireless Earbuds,Electronics,4,59.99,239.96
INV100686,10602.0,2023-02-25 12:03:02,Stainless Steel Bottle,Fitness,2,19.99,39.98
INV100687,10418.0,2023-02-25 13:59:32,Leather Wallet,Accessories,1,29.99,29.99
INV100688,10115.0,2023-02-25 15:56:03,Denim Jacket,Apparel,2,74.99,149.98
INV100689,10617.0,2023-02-25 17:52:33,Wireless Earbuds,Electronics,3,59.99,179.97
INV100690,10903.0,2023-02-25 19:49:03,Denim Jacket,Apparel,1,74.99,74.99
INV100691,10196.0,2023-02-25 21:45:34,Yoga Mat,Fitness,2,24.99,49.98
INV100692,10826.0,2023-02-25 23:42:04,Stainless Steel Bottle,Fitness,3,19.99,59.97
INV100693,10501.0,2023-02-26 01:38:34,Leather Wallet,Accessories,1,29.99,29.99
INV100694,10626.0,2023-02-26 03:35:05,Leather Wallet,Accessories,1,29.99,29.99
INV100695,10493.0,2023-02-26 05:31:35,Sunglasses,Accessories,1,35.0,35.0
INV100696,10075.0,2023-02-26 07:28:05,Backpack,Accessories,1,49.99,49.99
INV100697,10413.0,2023-02-26 09:24:36,Running Shoes,Footwear,1,89.99,89.99
INV100698,10376.0,2023-02-26 11:21:06,Running Shoes,Footwear,2,89.99,179.98
INV100699,10420.0,2023-02-26 13:17:37,Bluetooth Speaker,Electronics,2,45.0,90.0
INV100700,10729.0,2023-02-26 15:14:07,Smart Watch,Electronics,1,129.99,129.99
INV100701,10277.0,2023-02-26 17:10:37,Stainless Steel Bottle,Fitness,4,19.99,79.96
INV100702,10761.0,2023-02-26 19:07:08,Yoga Mat,Fitness,1,24.99,24.99
INV100703,10676.0,2023-02-26 21:03:38,Leather Wallet,Accessories,1,29.99,29.99
INV100704,10394.0,2023-02-26 23:00:08,Backpack,Accessories,3,49.99,149.97
INV100705,10869.0,2023-02-27 00:56:39,Denim Jacket,Apparel,3,74.99,224.96999999999997
INV100706,10457.0,2023-02-27 02:53:09,Stainless Steel Bottle,Fitness,2,19.99,39.98
INV100707,10920.0,2023-02-27 04:49:39,Bluetooth Speaker,Electronics,3,45.0,135.0
INV100708,10192.0,2023-02-27 06:46:10,Stainless Steel Bottle,Fitness,2,19.99,39.98
INV100709,10739.0,2023-02-27 08:42:40,Bluetooth Speaker,Electronics,4,45.0,180.0
INV100710,10689.0,2023-02-27 10:39:10,Leather Wallet,Accessories,1,29.99,29.99
INV100711,10099.0,2023-02-27 12:35:41,Smart Watch,Electronics,2,129.99,259.98
INV100712,10548.0,2023-02-27 14:32:11,Bluetooth Speaker,Electronics,10,45.0,450.0
INV100713,10096.0,2023-02-27 16:28:41,Leather Wallet,Accessories,2,29.99,59.98
INV100714,10664.0,2023-02-27 18:25:12,Leather Wallet,Accessories,1,29.99,29.99
INV100715,10663.0,2023-02-27 20:21:42,Smart Watch,Electronics,2,129.99,259.98
INV100716,10190.0,2023-02-27 22:18:13,Running Shoes,Footwear,2,89.99,179.98
INV100717,10736.0,2023-02-28 00:14:43,Stainless Steel Bottle,Fitness,1,19.99,19.99
INV100718,10037.0,2023-02-28 02:11:13,Wireless Earbuds,Electronics,5,59.99,299.95
INV100719,10780.0,2023-02-28 04:07:44,Wireless Earbuds,Electronics,1,59.99,59.99
INV100720,10369.0,2023-02-28 06:04:14,Denim Jacket,Apparel,1,74.99,74.99
INV100721,10695.0,2023-02-28 08:00:44,Denim Jacket,Apparel,4,74.99,299.96
INV100722,10525.0,2023-02-28 09:57:15,Wireless Earbuds,Electronics,1,59.99,59.99
INV100723,10279.0,2023-02-28 11:53:45,Yoga Mat,Fitness,1,24.99,24.99
INV100724,10217.0,2023-02-28 13:50:15,Wireless Earbuds,Electronics,2,59.99,119.98
INV100725,10867.0,2023-02-28 15:46:46,Denim Jacket,Apparel,2,74.99,149.98
INV100726,10873.0,2023-02-28 17:43:16,Backpack,Accessories,1,49.99,49.99
INV100727,10798.0,2023-02-28 19:39:46,Denim Jacket,Apparel,5,74.99,374.95
INV100728,10273.0,2023-02-28 21:36:17,Yoga Mat,Fitness,2,24.99,49.98
INV100729,10881.0,2023-02-28 23:32:47,Stainless Steel Bottle,Fitness,2,19.99,39.98
INV100730,10062.0,2023-03-01 01:29:17,Wireless Earbuds,Electronics,2,59.99,119.98
INV100731,10596.0,2023-03-01 03:25:48,Smart Watch,Electronics,2,129.99,259.98
INV100732,10880.0,2023-03-01 05:22:18,Backpack,Accessories,1,49.99,49.99
INV100733,10729.0,2023-03-01 07:18:49,Leather Wallet,Accessories,1,29.99,29.99
INV100734,10342.0,2023-03-01 09:15:19,Yoga Mat,Fitness,2,24.99,49.98
INV100735,10397.0,2023-03-01 11:11:49,Denim Jacket,Apparel,3,74.99,224.96999999999997
INV100736,10699.0,2023-03-01 13:08:20,Smart Watch,Electronics,1,129.99,129.99
INV100737,10019.0,2023-03-01 15:04:50,Bluetooth Speaker,Electronics,2,45.0,90.0
INV100738,10177.0,2023-03-01 17:01:20,Running Shoes,Footwear,3,89.99,269.96999999999997
INV100739,10612.0,2023-03-01 18:57:51,Wireless Earbuds,Electronics,1,59.99,59.99
INV100740,10396.0,2023-03-01 20:54:21,Running Shoes,Footwear,1,89.99,89.99
INV100741,10445.0,2023-03-01 22:50:51,Yoga Mat,Fitness,1,24.99,24.99
INV100742,10233.0,2023-03-02 00:47:22,Bluetooth Speaker,Electronics,2,45.0,90.0
INV100743,10915.0,2023-03-02 02:43:52,Bluetooth Speaker,Electronics,1,45.0,45.0
INV100744,10076.0,2023-03-02 04:40:22,Bluetooth Speaker,Electronics,1,45.0,45.0
INV100745,10265.0,2023-03-02 06:36:53,Leather Wallet,Accessories,2,29.99,59.98
INV100746,10455.0,2023-03-02 08:33:23,Yoga Mat,Fitness,2,24.99,49.98
INV100747,10796.0,2023-03-02 10:29:53,Stainless Steel Bottle,Fitness,1,19.99,19.99
INV100748,10718.0,2023-03-02 12:26:24,Running Shoes,Footwear,1,89.99,89.99
INV100749,10735.0,2023-03-02 14:22:54,Stainless Steel Bottle,Fitness,3,19.99,59.97
INV100750,10384.0,2023-03-02 16:19:25,Smart Watch,Electronics,5,129.99,649.95
INV100751,10564.0,2023-03-02 18:15:55,Sunglasses,Accessories,3,35.0,105.0
INV100752,10851.0,2023-03-02 20:12:25,Backpack,Accessories,2,49.99,99.98
INV100753,10506.0,2023-03-02 22:08:56,Backpack,Accessories,1,49.99,49.99
INV100754,10367.0,2023-03-03 00:05:26,Stainless Steel Bottle,Fitness,1,19.99,19.99
INV100755,10144.0,2023-03-03 02:01:56,Sunglasses,Accessories,1,35.0,35.0
INV100756,10885.0,2023-03-03 03:58:27,Sunglasses,Accessories,1,35.0,35.0
INV100757,10069.0,2023-03-03 05:54:57,Wireless Earbuds,Electronics,2,59.99,119.98
INV100758,10099.0,2023-03-03 07:51:27,Smart Watch,Electronics,1,129.99,129.99
INV100759,10396.0,2023-03-03 09:47:58,Yoga Mat,Fitness,1,24.99,24.99
INV100760,10025.0,2023-03-03 11:44:28,Sunglasses,Accessories,10,35.0,350.0
INV100761,10948.0,2023-03-03 13:40:58,Denim Jacket,Apparel,1,74.99,74.99
INV100762,10891.0,2023-03-03 15:37:29,Backpack,Accessories,1,49.99,49.99
INV100763,10469.0,2023-03-03 17:33:59,Denim Jacket,Apparel,1,74.99,74.99
INV100764,10484.0,2023-03-03 19:30:30,Smart Watch,Electronics,2,129.99,259.98
INV100765,10565.0,2023-03-03 21:27:00,Sunglasses,Accessories,2,35.0,70.0
INV100766,10151.0,2023-03-03 23:23:30,Running Shoes,Footwear,1,89.99,89.99
INV100767,10144.0,2023-03-04 01:20:01,Backpack,Accessories,2,49.99,99.98
INV100768,10569.0,2023-03-04 03:16:31,Wireless Earbuds,Electronics,3,59.99,179.97
INV100769,10039.0,2023-03-04 05:13:01,Wireless Earbuds,Electronics,3,59.99,179.97
INV100770,10109.0,2023-03-04 07:09:32,Bluetooth Speaker,Electronics,5,45.0,225.0
INV100771,10693.0,2023-03-04 09:06:02,Leather Wallet,Accessories,3,29.99,89.97
INV100772,10042.0,2023-03-04 11:02:32,Sunglasses,Accessories,2,35.0,70.0
INV100773,10186.0,2023-03-04 12:59:03,Smart Watch,Electronics,1,129.99,129.99
INV100774,10935.0,2023-03-04 14:55:33,Backpack,Accessories,1,49.99,49.99
INV100775,10398.0,2023-03-04 16:52:03,Leather Wallet,Accessories,1,29.99,29.99
INV100776,10223.0,2023-03-04 18:48:34,Smart Watch,Electronics,2,129.99,259.98
INV100777,10634.0,2023-03-04 20:45:04,Stainless Steel Bottle,Fitness,3,19.99,59.97
INV100778,10133.0,2023-03-04 22:41:34,Sunglasses,Accessories,2,35.0,70.0
INV100779,10163.0,2023-03-05 00:38:05,Yoga Mat,Fitness,1,24.99,24.99
INV100780,10215.0,2023-03-05 02:34:35,Yoga Mat,Fitness,2,24.99,49.98
INV100781,10733.0,2023-03-05 04:31:06,Sunglasses,Accessories,4,35.0,140.0
INV100782,10235.0,2023-03-05 06:27:36,Bluetooth Speaker,Electronics,2,45.0,90.0
INV100783,10843.0,2023-03-05 08:24:06,Bluetooth Speaker,Electronics,3,45.0,135.0
INV100784,10658.0,2023-03-05 10:20:37,Yoga Mat,Fitness,3,24.99,74.97
INV100785,10751.0,2023-03-05 12:17:07,Running Shoes,Footwear,4,89.99,359.96
INV100786,10588.0,2023-03-05 14:13:37,Backpack,Accessories,3,49.99,149.97
INV100787,10009.0,2023-03-05 16:10:08,Yoga Mat,Fitness,2,24.99,49.98
INV100788,10074.0,2023-03-05 18:06:38,Running Shoes,Footwear,1,89.99,89.99
INV100789,10492.0,2023-03-05 20:03:08,Leather Wallet,Accessories,1,29.99,29.99
INV100790,10913.0,2023-03-05 21:59:39,Running Shoes,Footwear,2,89.99,179.98
INV100791,10253.0,2023-03-05 23:56:09,Leather Wallet,Accessories,1,29.99,29.99
INV100792,10230.0,2023-03-06 01:52:39,Smart Watch,Electronics,5,129.99,649.95
INV100793,10519.0,2023-03-06 03:49:10,Denim Jacket,Apparel,1,74.99,74.99
INV100794,10174.0,2023-03-06 05:45:40,Smart Watch,Electronics,3,129.99,389.97
INV100795,10653.0,2023-03-06 07:42:10,Yoga Mat,Fitness,1,24.99,24.99
INV100796,10168.0,2023-03-06 09:38:41,Leather Wallet,Accessories,1,29.99,29.99
INV100797,10170.0,2023-03-06 11:35:11,Yoga Mat,Fitness,4,24.99,99.96
INV100798,10393.0,2023-03-06 13:31:42,Sunglasses,Accessories,1,35.0,35.0
INV100799,10946.0,2023-03-06 15:28:12,Backpack,Accessories,1,49.99,49.99
INV100800,10795.0,2023-03-06 17:24:42,Wireless Earbuds,Electronics,1,59.99,59.99
INV100801,10634.0,2023-03-06 19:21:13,Yoga Mat,Fitness,2,24.99,49.98
INV100802,10194.0,2023-03-06 21:17:43,Backpack,Accessories,1,49.99,49.99
INV100803,10517.0,2023-03-06 23:14:13,Running Shoes,Footwear,2,89.99,179.98
INV100804,10029.0,2023-03-07 01:10:44,Smart Watch,Electronics,2,129.99,259.98
INV100805,10165.0,2023-03-07 03:07:14,Running Shoes,Footwear,2,89.99,179.98
INV100806,10422.0,2023-03-07 05:03:44,Wireless Earbuds,Electronics,2,59.99,119.98
INV100807,10339.0,2023-03-07 07:00:15,Leather Wallet,Accessories,2,29.99,59.98
INV100808,10648.0,2023-03-07 08:56:45,Sunglasses,Accessories,1,35.0,35.0
INV100809,10496.0,2023-03-07 10:53:15,Backpack,Accessories,3,49.99,149.97
INV100810,10365.0,2023-03-07 12:49:46,Sunglasses,Accessories,1,35.0,35.0
INV100811,10833.0,2023-03-07 14:46:16,Denim Jacket,Apparel,2,74.99,149.98
INV100812,10342.0,2023-03-07 16:42:46,Yoga Mat,Fitness,1,24.99,24.99
INV100813,10500.0,2023-03-07 18:39:17,Leather Wallet,Accessories,3,29.99,89.97
INV100814,10657.0,2023-03-07 20:35:47,Denim Jacket,Apparel,1,74.99,74.99
INV100815,10511.0,2023-03-07 22:32:18,Stainless Steel Bottle,Fitness,1,19.99,19.99
INV100816,10327.0,2023-03-08 00:28:48,Yoga Mat,Fitness,2,24.99,49.98
INV100817,10217.0,2023-03-08 02:25:18,Running Shoes,Footwear,2,89.99,179.98
INV100818,10301.0,2023-03-08 04:21:49,Smart Watch,Electronics,1,129.99,129.99
INV100819,10132.0,2023-03-08 06:18:19,Backpack,Accessories,2,49.99,99.98
INV100820,10804.0,2023-03-08 08:14:49,Wireless Earbuds,Electronics,2,59.99,119.98
INV100821,10070.0,2023-03-08 10:11:20,Wireless Earbuds,Electronics,10,59.99,599.9
INV100822,10252.0,2023-03-08 12:07:50,Running Shoes,Footwear,2,89.99,179.98
INV100823,10415.0,2023-03-08 14:04:20,Bluetooth Speaker,Electronics,1,45.0,45.0
INV100824,10787.0,2023-03-08 16:00:51,Wireless Earbuds,Electronics,1,59.99,59.99
INV100825,10445.0,2023-03-08 17:57:21,Backpack,Accessories,4,49.99,199.96
INV100826,10876.0,2023-03-08 19:53:51,Running Shoes,Footwear,3,89.99,269.96999999999997
INV100827,10182.0,2023-03-08 21:50:22,Leather Wallet,Accessories,1,29.99,29.99
INV100828,10167.0,2023-03-08 23:46:52,Wireless Earbuds,Electronics,1,59.99,59.99
INV100829,10091.0,2023-03-09 01:43:22,Sunglasses,Accessories,2,35.0,70.0
INV100830,10714.0,2023-03-09 03:39:53,Running Shoes,Footwear,1,89.99,89.99
INV100831,10858.0,2023-03-09 05:36:23,Backpack,Accessories,1,49.99,49.99
INV100832,10531.0,2023-03-09 07:32:54,Sunglasses,Accessories,1,35.0,35.0
INV100833,10039.0,2023-03-09 09:29:24,Yoga Mat,Fitness,1,24.99,24.99
INV100834,10126.0,2023-03-09 11:25:54,Yoga Mat,Fitness,1,24.99,24.99
INV100835,10451.0,2023-03-09 13:22:25,Wireless Earbuds,Electronics,2,59.99,119.98
INV100836,10173.0,2023-03-09 15:18:55,Sunglasses,Accessories,1,35.0,35.0
INV100837,10653.0,2023-03-09 17:15:25,Smart Watch,Electronics,1,129.99,129.99
INV100838,10754.0,2023-03-09 19:11:56,Yoga Mat,Fitness,1,24.99,24.99
INV100839,10220.0,2023-03-09 21:08:26,Smart Watch,Electronics,1,129.99,129.99
INV100840,10638.0,2023-03-09 23:04:56,Leather Wallet,Accessories,1,29.99,29.99
INV100841,10058.0,2023-03-10 01:01:27,Running Shoes,Footwear,1,89.99,89.99
INV100842,10660.0,2023-03-10 02:57:57,Denim Jacket,Apparel,2,74.99,149.98
INV100843,10476.0,2023-03-10 04:54:27,Backpack,Accessories,1,49.99,49.99
INV100844,10456.0,2023-03-10 06:50:58,Running Shoes,Footwear,1,89.99,89.99
INV100845,10829.0,2023-03-10 08:47:28,Backpack,Accessories,1,49.99,49.99
INV100846,10895.0,2023-03-10 10:43:58,Sunglasses,Accessories,2,35.0,70.0
INV100847,10361.0,2023-03-10 12:40:29,Leather Wallet,Accessories,3,29.99,89.97
INV100848,10935.0,2023-03-10 14:36:59,Stainless Steel Bottle,Fitness,1,19.99,19.99
INV100849,10001.0,2023-03-10 16:33:30,Wireless Earbuds,Electronics,4,59.99,239.96
INV100850,10387.0,2023-03-10 18:30:00,Backpack,Accessories,1,49.99,49.99
INV100851,10348.0,2023-03-10 20:26:30,Backpack,Accessories,3,49.99,149.97
INV100852,10190.0,2023-03-10 22:23:01,Sunglasses,Accessories,1,35.0,35.0
INV100853,10505.0,2023-03-11 00:19:31,Smart Watch,Electronics,2,129.99,259.98
INV100854,10191.0,2023-03-11 02:16:01,Running Shoes,Footwear,2,89.99,179.98
INV100855,10508.0,2023-03-11 04:12:32,Stainless Steel Bottle,Fitness,1,19.99,19.99
INV100856,10369.0,2023-03-11 06:09:02,Bluetooth Speaker,Electronics,3,45.0,135.0
INV100857,10409.0,2023-03-11 08:05:32,Wireless Earbuds,Electronics,3,59.99,179.97
INV100858,10824.0,2023-03-11 10:02:03,Denim Jacket,Apparel,1,74.99,74.99
INV100859,10929.0,2023-03-11 11:58:33,Bluetooth Speaker,Electronics,1,45.0,45.0
INV100860,10934.0,2023-03-11 13:55:03,Running Shoes,Footwear,1,89.99,89.99
INV100861,10117.0,2023-03-11 15:51:34,Wireless Earbuds,Electronics,3,59.99,179.97
INV100862,10134.0,2023-03-11 17:48:04,Backpack,Accessories,2,49.99,99.98
INV100863,10058.0,2023-03-11 19:44:34,Denim Jacket,Apparel,1,74.99,74.99
INV100864,10556.0,2023-03-11 21:41:05,Smart Watch,Electronics,2,129.99,259.98
INV100865,10685.0,2023-03-11 23:37:35,Stainless Steel Bottle,Fitness,3,19.99,59.97
INV100866,10672.0,2023-03-12 01:34:06,Smart Watch,Electronics,2,129.99,259.98
INV100867,10173.0,2023-03-12 03:30:36,Leather Wallet,Accessories,3,29.99,89.97
INV100868,10829.0,2023-03-12 05:27:06,Sunglasses,Accessories,3,35.0,105.0
INV100869,10815.0,2023-03-12 07:23:37,Wireless Earbuds,Electronics,1,59.99,59.99
INV100870,10149.0,2023-03-12 09:20:07,Smart Watch,Electronics,1,129.99,129.99
INV100871,10080.0,2023-03-12 11:16:37,Bluetooth Speaker,Electronics,3,45.0,135.0
INV100872,10886.0,2023-03-12 13:13:08,Sunglasses,Accessories,1,35.0,35.0
INV100873,10213.0,2023-03-12 15:09:38,Smart Watch,Electronics,4,129.99,519.96
INV100874,10203.0,2023-03-12 17:06:08,Yoga Mat,Fitness,1,24.99,24.99
INV100875,10764.0,2023-03-12 19:02:39,Leather Wallet,Accessories,1,29.99,29.99
INV100876,10229.0,2023-03-12 20:59:09,Running Shoes,Footwear,4,89.99,359.96
INV100877,10676.0,2023-03-12 22:55:39,Stainless Steel Bottle,Fitness,2,19.99,39.98
INV100878,10227.0,2023-03-13 00:52:10,Leather Wallet,Accessories,1,29.99,29.99
INV100879,10659.0,2023-03-13 02:48:40,Sunglasses,Accessories,3,35.0,105.0
INV100880,10532.0,2023-03-13 04:45:11,Yoga Mat,Fitness,2,24.99,49.98
INV100881,10441.0,2023-03-13 06:41:41,Wireless Earbuds,Electronics,2,59.99,119.98
INV100882,10402.0,2023-03-13 08:38:11,Bluetooth Speaker,Electronics,1,45.0,45.0
INV100883,10047.0,2023-03-13 10:34:42,Stainless Steel Bottle,Fitness,3,19.99,59.97
INV100884,10233.0,2023-03-13 12:31:12,Stainless Steel Bottle,Fitness,3,19.99,59.97
INV100885,10305.0,2023-03-13 14:27:42,Leather Wallet,Accessories,1,29.99,29.99
INV100886,10526.0,2023-03-13 16:24:13,Sunglasses,Accessories,3,35.0,105.0
INV100887,10143.0,2023-03-13 18:20:43,Wireless Earbuds,Electronics,4,59.99,239.96
INV100888,10415.0,2023-03-13 20:17:13,Backpack,Accessories,2,49.99,99.98
INV100889,10513.0,2023-03-13 22:13:44,Yoga Mat,Fitness,2,24.99,49.98
INV100890,10373.0,2023-03-14 00:10:14,Backpack,Accessories,1,49.99,49.99
INV100891,10566.0,2023-03-14 02:06:44,Bluetooth Speaker,Electronics,1,45.0,45.0
INV100892,10886.0,2023-03-14 04:03:15,Wireless Earbuds,Electronics,2,59.99,119.98
INV100893,10259.0,2023-03-14 05:59:45,Wireless Earbuds,Electronics,3,59.99,179.97
INV100894,10656.0,2023-03-14 07:56:15,Yoga Mat,Fitness,2,24.99,49.98
INV100895,10471.0,2023-03-14 09:52:46,Denim Jacket,Apparel,2,74.99,149.98
INV100896,10012.0,2023-03-14 11:49:16,Backpack,Accessories,1,49.99,49.99
INV100897,10330.0,2023-03-14 13:45:47,Smart Watch,Electronics,1,129.99,129.99
INV100898,10736.0,2023-03-14 15:42:17,Stainless Steel Bottle,Fitness,1,19.99,19.99
INV100899,10784.0,2023-03-14 17:38:47,Denim Jacket,Apparel,1,74.99,74.99
INV100900,10358.0,2023-03-14 19:35:18,Smart Watch,Electronics,2,129.99,259.98
INV100901,10408.0,2023-03-14 21:31:48,Sunglasses,Accessories,1,35.0,35.0
INV100902,10668.0,2023-03-14 23:28:18,Yoga Mat,Fitness,3,24.99,74.97
INV100903,10373.0,2023-03-15 01:24:49,Sunglasses,Accessories,1,35.0,35.0
INV100904,10008.0,2023-03-15 03:21:19,Stainless Steel Bottle,Fitness,2,19.99,39.98
INV100905,10122.0,2023-03-15 05:17:49,Running Shoes,Footwear,2,89.99,179.98
INV100906,10348.0,2023-03-15 07:14:20,Smart Watch,Electronics,1,129.99,129.99
INV100907,10676.0,2023-03-15 09:10:50,Denim Jacket,Apparel,1,74.99,74.99
INV100908,10090.0,2023-03-15 11:07:20,Smart Watch,Electronics,1,129.99,129.99
INV100909,10648.0,2023-03-15 13:03:51,Smart Watch,Electronics,4,129.99,519.96
INV100910,10698.0,2023-03-15 15:00:21,Yoga Mat,Fitness,1,24.99,24.99
INV100911,10316.0,2023-03-15 16:56:51,Sunglasses,Accessories,2,35.0,70.0
INV100912,10178.0,2023-03-15 18:53:22,Backpack,Accessories,5,49.99,249.95000000000002
INV100913,10540.0,2023-03-15 20:49:52,Running Shoes,Footwear,3,89.99,269.96999999999997
INV100914,10732.0,2023-03-15 22:46:23,Yoga Mat,Fitness,1,24.99,24.99
INV100915,10869.0,2023-03-16 00:42:53,Bluetooth Speaker,Electronics,4,45.0,180.0
INV100916,10041.0,2023-03-16 02:39:23,Yoga Mat,Fitness,1,24.99,24.99
INV100917,10740.0,2023-03-16 04:35:54,Stainless Steel Bottle,Fitness,1,19.99,19.99
INV100918,10704.0,2023-03-16 06:32:24,Running Shoes,Footwear,4,89.99,359.96
INV100919,10923.0,2023-03-16 08:28:54,Wireless Earbuds,Electronics,2,59.99,119.98
INV100920,10502.0,2023-03-16 10:25:25,Bluetooth Speaker,Electronics,1,45.0,45.0
INV100921,10145.0,2023-03-16 12:21:55,Leather Wallet,Accessories,1,29.99,29.99
INV100922,10201.0,2023-03-16 14:18:25,Yoga Mat,Fitness,1,24.99,24.99
INV100923,10929.0,2023-03-16 16:14:56,Smart Watch,Electronics,2,129.99,259.98
INV100924,10724.0,2023-03-16 18:11:26,Backpack,Accessories,1,49.99,49.99
INV100925,10461.0,2023-03-16 20:07:56,Wireless Earbuds,Electronics,5,59.99,299.95
INV100926,10732.0,2023-03-16 22:04:27,Yoga Mat,Fitness,4,24.99,99.96
INV100927,10752.0,2023-03-17 00:00:57,Yoga Mat,Fitness,4,24.99,99.96
INV100928,,2023-03-17 01:57:27,Denim Jacket,Apparel,1,74.99,74.99
INV100929,10909.0,2023-03-17 03:53:58,Denim Jacket,Apparel,2,74.99,149.98
INV100930,10558.0,2023-03-17 05:50:28,Wireless Earbuds,Electronics,4,59.99,239.96
INV100931,10547.0,2023-03-17 07:46:59,Sunglasses,Accessories,3,35.0,105.0
INV100932,10253.0,2023-03-17 09:43:29,Denim Jacket,Apparel,1,74.99,74.99
INV100933,10390.0,2023-03-17 11:39:59,Smart Watch,Electronics,1,129.99,129.99
INV100934,10594.0,2023-03-17 13:36:30,Bluetooth Speaker,Electronics,1,45.0,45.0
INV100935,10883.0,2023-03-17 15:33:00,Leather Wallet,Accessories,2,29.99,59.98
INV100936,10256.0,2023-03-17 17:29:30,Running Shoes,Footwear,2,89.99,179.98
INV100937,10709.0,2023-03-17 19:26:01,Leather Wallet,Accessories,3,29.99,89.97
INV100938,10815.0,2023-03-17 21:22:31,Leather Wallet,Accessories,1,29.99,29.99
INV100939,10921.0,2023-03-17 23:19:01,Running Shoes,Footwear,1,89.99,89.99
INV100940,10450.0,2023-03-18 01:15:32,Denim Jacket,Apparel,1,74.99,74.99
INV100941,10010.0,2023-03-18 03:12:02,Wireless Earbuds,Electronics,1,59.99,59.99
INV100942,10824.0,2023-03-18 05:08:32,Running Shoes,Footwear,1,89.99,89.99
INV100943,10798.0,2023-03-18 07:05:03,Stainless Steel Bottle,Fitness,2,19.99,39.98
INV100944,10242.0,2023-03-18 09:01:33,Sunglasses,Accessories,2,35.0,70.0
INV100945,10251.0,2023-03-18 10:58:03,Bluetooth Speaker,Electronics,2,45.0,90.0
INV100946,10877.0,2023-03-18 12:54:34,Backpack,Accessories,1,49.99,49.99
INV100947,10005.0,2023-03-18 14:51:04,Denim Jacket,Apparel,1,74.99,74.99
INV100948,10119.0,2023-03-18 16:47:35,Sunglasses,Accessories,1,35.0,35.0
INV100949,10801.0,2023-03-18 18:44:05,Running Shoes,Footwear,4,89.99,359.96
INV100950,10374.0,2023-03-18 20:40:35,Stainless Steel Bottle,Fitness,1,19.99,19.99
INV100951,10065.0,2023-03-18 22:37:06,Backpack,Accessories,3,49.99,149.97
INV100952,10146.0,2023-03-19 00:33:36,Bluetooth Speaker,Electronics,1,45.0,45.0
INV100953,10224.0,2023-03-19 02:30:06,Bluetooth Speaker,Electronics,3,45.0,135.0
INV100954,10239.0,2023-03-19 04:26:37,Denim Jacket,Apparel,3,74.99,224.96999999999997
INV100955,10177.0,2023-03-19 06:23:07,Running Shoes,Footwear,1,89.99,89.99
INV100956,10779.0,2023-03-19 08:19:37,Sunglasses,Accessories,2,35.0,70.0
INV100957,10853.0,2023-03-19 10:16:08,Wireless Earbuds,Electronics,1,59.99,59.99
INV100958,10282.0,2023-03-19 12:12:38,Sunglasses,Accessories,4,35.0,140.0
INV100959,10063.0,2023-03-19 14:09:08,Sunglasses,Accessories,1,35.0,35.0
INV100960,10217.0,2023-03-19 16:05:39,Bluetooth Speaker,Electronics,1,45.0,45.0
INV100961,10854.0,2023-03-19 18:02:09,Wireless Earbuds,Electronics,2,59.99,119.98
INV100962,10827.0,2023-03-19 19:58:39,Wireless Earbuds,Electronics,3,59.99,179.97
INV100963,10795.0,2023-03-19 21:55:10,Denim Jacket,Apparel,1,74.99,74.99
INV100964,10689.0,2023-03-19 23:51:40,Backpack,Accessories,2,49.99,99.98
INV100965,10461.0,2023-03-20 01:48:11,Yoga Mat,Fitness,1,24.99,24.99
INV100966,10929.0,2023-03-20 03:44:41,Leather Wallet,Accessories,1,29.99,29.99
INV100967,10610.0,2023-03-20 05:41:11,Leather Wallet,Accessories,2,29.99,59.98
INV100968,10105.0,2023-03-20 07:37:42,Bluetooth Speaker,Electronics,1,45.0,45.0
INV100969,10099.0,2023-03-20 09:34:12,Yoga Mat,Fitness,1,24.99,24.99
INV100970,10511.0,2023-03-20 11:30:42,Backpack,Accessories,3,49.99,149.97
INV100971,10385.0,2023-03-20 13:27:13,Yoga Mat,Fitness,1,24.99,24.99
INV100972,10405.0,2023-03-20 15:23:43,Denim Jacket,Apparel,2,74.99,149.98
INV100973,10823.0,2023-03-20 17:20:13,Sunglasses,Accessories,1,35.0,35.0
INV100974,10518.0,2023-03-20 19:16:44,Bluetooth Speaker,Electronics,1,45.0,45.0
INV100975,10476.0,2023-03-20 21:13:14,Wireless Earbuds,Electronics,1,59.99,59.99
INV100976,10709.0,2023-03-20 23:09:44,Bluetooth Speaker,Electronics,2,45.0,90.0
INV100977,10863.0,2023-03-21 01:06:15,Leather Wallet,Accessories,2,29.99,59.98
INV100978,10645.0,2023-03-21 03:02:45,Backpack,Accessories,1,49.99,49.99
INV100979,10870.0,2023-03-21 04:59:15,Yoga Mat,Fitness,1,24.99,24.99
INV100980,10771.0,2023-03-21 06:55:46,Backpack,Accessories,4,49.99,199.96
INV100981,10437.0,2023-03-21 08:52:16,Denim Jacket,Apparel,1,74.99,74.99
INV100982,10023.0,2023-03-21 10:48:47,Bluetooth Speaker,Electronics,4,45.0,180.0
INV100983,10565.0,2023-03-21 12:45:17,Running Shoes,Footwear,1,89.99,89.99
INV100984,10677.0,2023-03-21 14:41:47,Bluetooth Speaker,Electronics,2,45.0,90.0
INV100985,10714.0,2023-03-21 16:38:18,Wireless Earbuds,Electronics,1,59.99,59.99
INV100986,10458.0,2023-03-21 18:34:48,Bluetooth Speaker,Electronics,3,45.0,135.0
INV100987,10083.0,2023-03-21 20:31:18,Stainless Steel Bottle,Fitness,2,19.99,39.98
INV100988,10145.0,2023-03-21 22:27:49,Denim Jacket,Apparel,1,74.99,74.99
INV100989,10085.0,2023-03-22 00:24:19,Smart Watch,Electronics,1,129.99,129.99
INV100990,10078.0,2023-03-22 02:20:49,Denim Jacket,Apparel,2,74.99,149.98
INV100991,10457.0,2023-03-22 04:17:20,Yoga Mat,Fitness,2,24.99,49.98
INV100992,10878.0,2023-03-22 06:13:50,Smart Watch,Electronics,1,129.99,129.99
INV100993,10001.0,2023-03-22 08:10:20,Yoga Mat,Fitness,1,24.99,24.99
INV100994,10051.0,2023-03-22 10:06:51,Yoga Mat,Fitness,3,24.99,74.97
INV100995,10685.0,2023-03-22 12:03:21,Wireless Earbuds,Electronics,1,59.99,59.99
INV100996,10717.0,2023-03-22 13:59:51,Wireless Earbuds,Electronics,2,59.99,119.98
INV100997,10772.0,2023-03-22 15:56:22,Sunglasses,Accessories,1,35.0,35.0
INV100998,10446.0,2023-03-22 17:52:52,Leather Wallet,Accessories,3,29.99,89.97
INV100999,10449.0,2023-03-22 19:49:23,Sunglasses,Accessories,4,35.0,140.0
INV101000,10881.0,2023-03-22 21:45:53,Sunglasses,Accessories,10,35.0,350.0
INV101001,10488.0,2023-03-22 23:42:23,Leather Wallet,Accessories,1,29.99,29.99
INV101002,10800.0,2023-03-23 01:38:54,Running Shoes,Footwear,3,89.99,269.96999999999997
INV101003,10034.0,2023-03-23 03:35:24,Smart Watch,Electronics,1,129.99,129.99
INV101004,10348.0,2023-03-23 05:31:54,Backpack,Accessories,2,49.99,99.98
INV101005,10095.0,2023-03-23 07:28:25,Sunglasses,Accessories,2,35.0,70.0
INV101006,10072.0,2023-03-23 09:24:55,Bluetooth Speaker,Electronics,1,45.0,45.0
INV101007,10551.0,2023-03-23 11:21:25,Bluetooth Speaker,Electronics,4,45.0,180.0
INV101008,10154.0,2023-03-23 13:17:56,Yoga Mat,Fitness,1,24.99,24.99
INV101009,10250.0,2023-03-23 15:14:26,Leather Wallet,Accessories,2,29.99,59.98
INV101010,10674.0,2023-03-23 17:10:56,Yoga Mat,Fitness,3,24.99,74.97
INV101011,10438.0,2023-03-23 19:07:27,Stainless Steel Bottle,Fitness,3,19.99,59.97
INV101012,10118.0,2023-03-23 21:03:57,Stainless Steel Bottle,Fitness,1,19.99,19.99
INV101013,10771.0,2023-03-23 23:00:28,Backpack,Accessories,1,49.99,49.99
INV101014,10891.0,2023-03-24 00:56:58,Wireless Earbuds,Electronics,3,59.99,179.97
INV101015,10306.0,2023-03-24 02:53:28,Wireless Earbuds,Electronics,1,59.99,59.99
INV101016,10268.0,2023-03-24 04:49:59,Leather Wallet,Accessories,1,29.99,29.99
INV101017,10054.0,2023-03-24 06:46:29,Leather Wallet,Accessories,1,29.99,29.99
INV101018,10236.0,2023-03-24 08:42:59,Sunglasses,Accessories,1,35.0,35.0
INV101019,10389.0,2023-03-24 10:39:30,Stainless Steel Bottle,Fitness,4,19.99,79.96
INV101020,10734.0,2023-03-24 12:36:00,Sunglasses,Accessories,1,35.0,35.0
INV101021,10763.0,2023-03-24 14:32:30,Wireless Earbuds,Electronics,2,59.99,119.98
INV101022,10825.0,2023-03-24 16:29:01,Smart Watch,Electronics,1,129.99,129.99
INV101023,10401.0,2023-03-24 18:25:31,Smart Watch,Electronics,1,129.99,129.99
INV101024,10624.0,2023-03-24 20:22:01,Leather Wallet,Accessories,1,29.99,29.99
INV101025,10767.0,2023-03-24 22:18:32,Yoga Mat,Fitness,1,24.99,24.99
INV101026,10303.0,2023-03-25 00:15:02,Wireless Earbuds,Electronics,1,59.99,59.99
INV101027,10919.0,2023-03-25 02:11:32,Smart Watch,Electronics,2,129.99,259.98
INV101028,10207.0,2023-03-25 04:08:03,Wireless Earbuds,Electronics,1,59.99,59.99
INV101029,10229.0,2023-03-25 06:04:33,Denim Jacket,Apparel,1,74.99,74.99
INV101030,10853.0,2023-03-25 08:01:04,Bluetooth Speaker,Electronics,1,45.0,45.0
INV101031,10910.0,2023-03-25 09:57:34,Stainless Steel Bottle,Fitness,1,19.99,19.99
INV101032,10578.0,2023-03-25 11:54:04,Sunglasses,Accessories,4,35.0,140.0
INV101033,10075.0,2023-03-25 13:50:35,Wireless Earbuds,Electronics,2,59.99,119.98
INV101034,10435.0,2023-03-25 15:47:05,Bluetooth Speaker,Electronics,1,45.0,45.0
INV101035,10103.0,2023-03-25 17:43:35,Denim Jacket,Apparel,1,74.99,74.99
INV101036,10422.0,2023-03-25 19:40:06,Sunglasses,Accessories,5,35.0,175.0
INV101037,10704.0,2023-03-25 21:36:36,Wireless Earbuds,Electronics,1,59.99,59.99
INV101038,10764.0,2023-03-25 23:33:06,Leather Wallet,Accessories,3,29.99,89.97
INV101039,10738.0,2023-03-26 01:29:37,Bluetooth Speaker,Electronics,1,45.0,45.0
INV101040,10806.0,2023-03-26 03:26:07,Sunglasses,Accessories,4,35.0,140.0
INV101041,10306.0,2023-03-26 05:22:37,Wireless Earbuds,Electronics,4,59.99,239.96
INV101042,10098.0,2023-03-26 07:19:08,Bluetooth Speaker,Electronics,2,45.0,90.0
INV101043,10850.0,2023-03-26 09:15:38,Denim Jacket,Apparel,1,74.99,74.99
INV101044,10798.0,2023-03-26 11:12:08,Wireless Earbuds,Electronics,1,59.99,59.99
INV101045,10335.0,2023-03-26 13:08:39,Wireless Earbuds,Electronics,1,59.99,59.99
INV101046,10859.0,2023-03-26 15:05:09,Wireless Earbuds,Electronics,1,59.99,59.99
INV101047,10435.0,2023-03-26 17:01:40,Backpack,Accessories,1,49.99,49.99
INV101048,10447.0,2023-03-26 18:58:10,Leather Wallet,Accessories,1,29.99,29.99
INV101049,10308.0,2023-03-26 20:54:40,Denim Jacket,Apparel,2,74.99,149.98
INV101050,10249.0,2023-03-26 22:51:11,Sunglasses,Accessories,2,35.0,70.0
INV101051,10166.0,2023-03-27 00:47:41,Backpack,Accessories,1,49.99,49.99
INV101052,10481.0,2023-03-27 02:44:11,Yoga Mat,Fitness,1,24.99,24.99
INV101053,10335.0,2023-03-27 04:40:42,Backpack,Accessories,10,49.99,499.90000000000003
INV101054,10542.0,2023-03-27 06:37:12,Stainless Steel Bottle,Fitness,1,19.99,19.99
INV101055,10759.0,2023-03-27 08:33:42,Stainless Steel Bottle,Fitness,3,19.99,59.97
INV101056,10106.0,2023-03-27 10:30:13,Wireless Earbuds,Electronics,1,59.99,59.99
INV101057,10563.0,2023-03-27 12:26:43,Backpack,Accessories,1,49.99,49.99
INV101058,10081.0,2023-03-27 14:23:13,Yoga Mat,Fitness,1,24.99,24.99
INV101059,10133.0,2023-03-27 16:19:44,Backpack,Accessories,1,49.99,49.99
INV101060,10797.0,2023-03-27 18:16:14,Leather Wallet,Accessories,3,29.99,89.97
INV101061,10900.0,2023-03-27 20:12:44,Leather Wallet,Accessories,2,29.99,59.98
INV101062,10138.0,2023-03-27 22:09:15,Yoga Mat,Fitness,1,24.99,24.99
INV101063,10184.0,2023-03-28 00:05:45,Backpack,Accessories,5,49.99,249.95000000000002
INV101064,10401.0,2023-03-28 02:02:16,Bluetooth Speaker,Electronics,1,45.0,45.0
INV101065,10330.0,2023-03-28 03:58:46,Leather Wallet,Accessories,10,29.99,299.9
INV101066,10785.0,2023-03-28 05:55:16,Leather Wallet,Accessories,10,29.99,299.9
INV101067,10508.0,2023-03-28 07:51:47,Smart Watch,Electronics,1,129.99,129.99
INV101068,10852.0,2023-03-28 09:48:17,Backpack,Accessories,1,49.99,49.99
INV101069,10069.0,2023-03-28 11:44:47,Leather Wallet,Accessories,1,29.99,29.99
INV101070,10546.0,2023-03-28 13:41:18,Denim Jacket,Apparel,2,74.99,149.98
INV101071,10774.0,2023-03-28 15:37:48,Backpack,Accessories,2,49.99,99.98
INV101072,10053.0,2023-03-28 17:34:18,Stainless Steel Bottle,Fitness,5,19.99,99.94999999999999
INV101073,10450.0,2023-03-28 19:30:49,Smart Watch,Electronics,2,129.99,259.98
INV101074,10205.0,2023-03-28 21:27:19,Leather Wallet,Accessories,1,29.99,29.99
INV101075,10126.0,2023-03-28 23:23:49,Smart Watch,Electronics,1,129.99,129.99
INV101076,10747.0,2023-03-29 01:20:20,Stainless Steel Bottle,Fitness,2,19.99,39.98
INV101077,10043.0,2023-03-29 03:16:50,Yoga Mat,Fitness,1,24.99,24.99
INV101078,10752.0,2023-03-29 05:13:20,Yoga Mat,Fitness,3,24.99,74.97
INV101079,10883.0,2023-03-29 07:09:51,Backpack,Accessories,1,49.99,49.99
INV101080,10111.0,2023-03-29 09:06:21,Stainless Steel Bottle,Fitness,1,19.99,19.99
INV101081,,2023-03-29 11:02:52,Running Shoes,Footwear,1,89.99,89.99
INV101082,10663.0,2023-03-29 12:59:22,Running Shoes,Footwear,2,89.99,179.98
INV101083,10183.0,2023-03-29 14:55:52,Backpack,Accessories,1,49.99,49.99
INV101084,10848.0,2023-03-29 16:52:23,Wireless Earbuds,Electronics,3,59.99,179.97
INV101085,10095.0,2023-03-29 18:48:53,Smart Watch,Electronics,1,129.99,129.99
INV101086,10374.0,2023-03-29 20:45:23,Smart Watch,Electronics,3,129.99,389.97
INV101087,10912.0,2023-03-29 22:41:54,Yoga Mat,Fitness,2,24.99,49.98
INV101088,10520.0,2023-03-30 00:38:24,Running Shoes,Footwear,1,89.99,89.99
INV101089,10900.0,2023-03-30 02:34:54,Sunglasses,Accessories,3,35.0,105.0
INV101090,10360.0,2023-03-30 04:31:25,Leather Wallet,Accessories,1,29.99,29.99
INV101091,10900.0,2023-03-30 06:27:55,Leather Wallet,Accessories,1,29.99,29.99
INV101092,10696.0,2023-03-30 08:24:25,Leather Wallet,Accessories,1,29.99,29.99
INV101093,10281.0,2023-03-30 10:20:56,Yoga Mat,Fitness,3,24.99,74.97
INV101094,10195.0,2023-03-30 12:17:26,Stainless Steel Bottle,Fitness,4,19.99,79.96
INV101095,10864.0,2023-03-30 14:13:56,Bluetooth Speaker,Electronics,2,45.0,90.0
INV101096,10195.0,2023-03-30 16:10:27,Running Shoes,Footwear,2,89.99,179.98
INV101097,10667.0,2023-03-30 18:06:57,Running Shoes,Footwear,3,89.99,269.96999999999997
INV101098,10093.0,2023-03-30 20:03:28,Sunglasses,Accessories,1,35.0,35.0
INV101099,10672.0,2023-03-30 21:59:58,Smart Watch,Electronics,4,129.99,519.96
INV101100,10946.0,2023-03-30 23:56:28,Wireless Earbuds,Electronics,1,59.99,59.99
INV101101,10061.0,2023-03-31 01:52:59,Backpack,Accessories,8,49.99,399.92
INV101102,10634.0,2023-03-31 03:49:29,Smart Watch,Electronics,2,129.99,259.98
INV101103,10051.0,2023-03-31 05:45:59,Stainless Steel Bottle,Fitness,3,19.99,59.97
INV101104,10403.0,2023-03-31 07:42:30,Backpack,Accessories,2,49.99,99.98
INV101105,10789.0,2023-03-31 09:39:00,Running Shoes,Footwear,1,89.99,89.99
INV101106,10005.0,2023-03-31 11:35:30,Stainless Steel Bottle,Fitness,2,19.99,39.98
INV101107,10466.0,2023-03-31 13:32:01,Backpack,Accessories,1,49.99,49.99
INV101108,10604.0,2023-03-31 15:28:31,Sunglasses,Accessories,2,35.0,70.0
INV101109,10682.0,2023-03-31 17:25:01,Sunglasses,Accessories,2,35.0,70.0
INV101110,10829.0,2023-03-31 19:21:32,Denim Jacket,Apparel,4,74.99,299.96
INV101111,10534.0,2023-03-31 21:18:02,Bluetooth Speaker,Electronics,2,45.0,90.0
INV101112,10405.0,2023-03-31 23:14:32,Sunglasses,Accessories,1,35.0,35.0
INV101113,10838.0,2023-04-01 01:11:03,Running Shoes,Footwear,1,89.99,89.99
INV101114,10513.0,2023-04-01 03:07:33,Wireless Earbuds,Electronics,2,59.99,119.98
INV101115,10645.0,2023-04-01 05:04:04,Leather Wallet,Accessories,1,29.99,29.99
INV101116,10233.0,2023-04-01 07:00:34,Denim Jacket,Apparel,1,74.99,74.99
INV101117,10524.0,2023-04-01 08:57:04,Leather Wallet,Accessories,3,29.99,89.97
INV101118,10346.0,2023-04-01 10:53:35,Bluetooth Speaker,Electronics,2,45.0,90.0
INV101119,10046.0,2023-04-01 12:50:05,Backpack,Accessories,2,49.99,99.98
INV101120,10546.0,2023-04-01 14:46:35,Yoga Mat,Fitness,1,24.99,24.99
INV101121,10945.0,2023-04-01 16:43:06,Sunglasses,Accessories,2,35.0,70.0
INV101122,10078.0,2023-04-01 18:39:36,Wireless Earbuds,Electronics,1,59.99,59.99
INV101123,10730.0,2023-04-01 20:36:06,Bluetooth Speaker,Electronics,2,45.0,90.0
INV101124,10813.0,2023-04-01 22:32:37,Leather Wallet,Accessories,1,29.99,29.99
INV101125,10923.0,2023-04-02 00:29:07,Denim Jacket,Apparel,3,74.99,224.96999999999997
INV101126,10073.0,2023-04-02 02:25:37,Sunglasses,Accessories,1,35.0,35.0
INV101127,10794.0,2023-04-02 04:22:08,Running Shoes,Footwear,1,89.99,89.99
INV101128,10249.0,2023-04-02 06:18:38,Sunglasses,Accessories,2,35.0,70.0
INV101129,10047.0,2023-04-02 08:15:09,Denim Jacket,Apparel,2,74.99,149.98
INV101130,10121.0,2023-04-02 10:11:39,Denim Jacket,Apparel,1,74.99,74.99
INV101131,10214.0,2023-04-02 12:08:09,Yoga Mat,Fitness,3,24.99,74.97
INV101132,10239.0,2023-04-02 14:04:40,Sunglasses,Accessories,1,35.0,35.0
INV101133,10056.0,2023-04-02 16:01:10,Sunglasses,Accessories,4,35.0,140.0
INV101134,10350.0,2023-04-02 17:57:40,Yoga Mat,Fitness,3,24.99,74.97
INV101135,10107.0,2023-04-02 19:54:11,Stainless Steel Bottle,Fitness,1,19.99,19.99
INV101136,10831.0,2023-04-02 21:50:41,Stainless Steel Bottle,Fitness,3,19.99,59.97
INV101137,10048.0,2023-04-02 23:47:11,Backpack,Accessories,1,49.99,49.99
INV101138,10573.0,2023-04-03 01:43:42,Stainless Steel Bottle,Fitness,1,19.99,19.99
INV101139,10337.0,2023-04-03 03:40:12,Smart Watch,Electronics,5,129.99,649.95
INV101140,10026.0,2023-04-03 05:36:42,Sunglasses,Accessories,2,35.0,70.0
INV101141,10804.0,2023-04-03 07:33:13,Wireless Earbuds,Electronics,1,59.99,59.99
INV101142,10257.0,2023-04-03 09:29:43,Sunglasses,Accessories,1,35.0,35.0
INV101143,10008.0,2023-04-03 11:26:13,Smart Watch,Electronics,1,129.99,129.99
INV101144,10625.0,2023-04-03 13:22:44,Smart Watch,Electronics,8,129.99,1039.92
INV101145,10867.0,2023-04-03 15:19:14,Leather Wallet,Accessories,1,29.99,29.99
INV101146,10253.0,2023-04-03 17:15:45,Sunglasses,Accessories,1,35.0,35.0
INV101147,10692.0,2023-04-03 19:12:15,Bluetooth Speaker,Electronics,1,45.0,45.0
INV101148,10719.0,2023-04-03 21:08:45,Smart Watch,Electronics,1,129.99,129.99
INV101149,10303.0,2023-04-03 23:05:16,Wireless Earbuds,Electronics,1,59.99,59.99
INV101150,10639.0,2023-04-04 01:01:46,Yoga Mat,Fitness,1,24.99,24.99
INV101151,10056.0,2023-04-04 02:58:16,Backpack,Accessories,1,49.99,49.99
INV101152,10726.0,2023-04-04 04:54:47,Leather Wallet,Accessories,1,29.99,29.99
INV101153,10526.0,2023-04-04 06:51:17,Yoga Mat,Fitness,4,24.99,99.96
INV101154,10474.0,2023-04-04 08:47:47,Leather Wallet,Accessories,1,29.99,29.99
INV101155,10028.0,2023-04-04 10:44:18,Wireless Earbuds,Electronics,3,59.99,179.97
INV101156,10078.0,2023-04-04 12:40:48,Denim Jacket,Apparel,3,74.99,224.96999999999997
INV101157,10216.0,2023-04-04 14:37:18,Sunglasses,Accessories,3,35.0,105.0
INV101158,10386.0,2023-04-04 16:33:49,Running Shoes,Footwear,4,89.99,359.96
INV101159,10365.0,2023-04-04 18:30:19,Bluetooth Speaker,Electronics,1,45.0,45.0
INV101160,10666.0,2023-04-04 20:26:49,Yoga Mat,Fitness,1,24.99,24.99
INV101161,10526.0,2023-04-04 22:23:20,Sunglasses,Accessories,1,35.0,35.0
INV101162,10699.0,2023-04-05 00:19:50,Bluetooth Speaker,Electronics,1,45.0,45.0
INV101163,10312.0,2023-04-05 02:16:21,Denim Jacket,Apparel,2,74.99,149.98
INV101164,10883.0,2023-04-05 04:12:51,Running Shoes,Footwear,2,89.99,179.98
INV101165,10007.0,2023-04-05 06:09:21,Bluetooth Speaker,Electronics,4,45.0,180.0
INV101166,10003.0,2023-04-05 08:05:52,Bluetooth Speaker,Electronics,1,45.0,45.0
INV101167,10623.0,2023-04-05 10:02:22,Yoga Mat,Fitness,4,24.99,99.96
INV101168,10919.0,2023-04-05 11:58:52,Stainless Steel Bottle,Fitness,1,19.99,19.99
INV101169,10750.0,2023-04-05 13:55:23,Running Shoes,Footwear,1,89.99,89.99
INV101170,10363.0,2023-04-05 15:51:53,Sunglasses,Accessories,1,35.0,35.0
INV101171,10751.0,2023-04-05 17:48:23,Denim Jacket,Apparel,3,74.99,224.96999999999997
INV101172,10508.0,2023-04-05 19:44:54,Running Shoes,Footwear,1,89.99,89.99
INV101173,10274.0,2023-04-05 21:41:24,Wireless Earbuds,Electronics,5,59.99,299.95
INV101174,10506.0,2023-04-05 23:37:54,Stainless Steel Bottle,Fitness,4,19.99,79.96
INV101175,10806.0,2023-04-06 01:34:25,Wireless Earbuds,Electronics,4,59.99,239.96
INV101176,10739.0,2023-04-06 03:30:55,Denim Jacket,Apparel,1,74.99,74.99
INV101177,10883.0,2023-04-06 05:27:25,Yoga Mat,Fitness,3,24.99,74.97
INV101178,10015.0,2023-04-06 07:23:56,Yoga Mat,Fitness,3,24.99,74.97
INV101179,10192.0,2023-04-06 09:20:26,Denim Jacket,Apparel,1,74.99,74.99
INV101180,10631.0,2023-04-06 11:16:57,Leather Wallet,Accessories,1,29.99,29.99
INV101181,10485.0,2023-04-06 13:13:27,Denim Jacket,Apparel,1,74.99,74.99
INV101182,10028.0,2023-04-06 15:09:57,Stainless Steel Bottle,Fitness,1,19.99,19.99
INV101183,10714.0,2023-04-06 17:06:28,Smart Watch,Electronics,2,129.99,259.98
INV101184,10039.0,2023-04-06 19:02:58,Yoga Mat,Fitness,5,24.99,124.94999999999999
INV101185,10273.0,2023-04-06 20:59:28,Backpack,Accessories,1,49.99,49.99
INV101186,10231.0,2023-04-06 22:55:59,Stainless Steel Bottle,Fitness,2,19.99,39.98
INV101187,10086.0,2023-04-07 00:52:29,Stainless Steel Bottle,Fitness,5,19.99,99.94999999999999
INV101188,10474.0,2023-04-07 02:48:59,Stainless Steel Bottle,Fitness,1,19.99,19.99
INV101189,10126.0,2023-04-07 04:45:30,Bluetooth Speaker,Electronics,3,45.0,135.0
INV101190,10812.0,2023-04-07 06:42:00,Stainless Steel Bottle,Fitness,2,19.99,39.98
INV101191,10537.0,2023-04-07 08:38:30,Yoga Mat,Fitness,2,24.99,49.98
INV101192,10145.0,2023-04-07 10:35:01,Smart Watch,Electronics,1,129.99,129.99
INV101193,10525.0,2023-04-07 12:31:31,Smart Watch,Electronics,2,129.99,259.98
INV101194,10212.0,2023-04-07 14:28:01,Stainless Steel Bottle,Fitness,1,19.99,19.99
INV101195,10025.0,2023-04-07 16:24:32,Wireless Earbuds,Electronics,3,59.99,179.97
INV101196,10580.0,2023-04-07 18:21:02,Yoga Mat,Fitness,1,24.99,24.99
INV101197,10394.0,2023-04-07 20:17:33,Yoga Mat,Fitness,4,24.99,99.96
INV101198,10067.0,2023-04-07 22:14:03,Running Shoes,Footwear,1,89.99,89.99
INV101199,10233.0,2023-04-08 00:10:33,Sunglasses,Accessories,1,35.0,35.0
INV101200,10109.0,2023-04-08 02:07:04,Leather Wallet,Accessories,2,29.99,59.98
INV101201,10146.0,2023-04-08 04:03:34,Leather Wallet,Accessories,1,29.99,29.99
INV101202,10111.0,2023-04-08 06:00:04,Wireless Earbuds,Electronics,3,59.99,179.97
INV101203,10228.0,2023-04-08 07:56:35,Leather Wallet,Accessories,5,29.99,149.95
INV101204,10111.0,2023-04-08 09:53:05,Running Shoes,Footwear,3,89.99,269.96999999999997
INV101205,10470.0,2023-04-08 11:49:35,Denim Jacket,Apparel,1,74.99,74.99
INV101206,10034.0,2023-04-08 13:46:06,Leather Wallet,Accessories,2,29.99,59.98
INV101207,10623.0,2023-04-08 15:42:36,Yoga Mat,Fitness,2,24.99,49.98
INV101208,10776.0,2023-04-08 17:39:06,Denim Jacket,Apparel,3,74.99,224.96999999999997
INV101209,10936.0,2023-04-08 19:35:37,Leather Wallet,Accessories,1,29.99,29.99
INV101210,10369.0,2023-04-08 21:32:07,Yoga Mat,Fitness,1,24.99,24.99
INV101211,10748.0,2023-04-08 23:28:37,Yoga Mat,Fitness,2,24.99,49.98
INV101212,10595.0,2023-04-09 01:25:08,Stainless Steel Bottle,Fitness,1,19.99,19.99
INV101213,10554.0,2023-04-09 03:21:38,Smart Watch,Electronics,1,129.99,129.99
INV101214,10425.0,2023-04-09 05:18:09,Wireless Earbuds,Electronics,1,59.99,59.99
INV101215,10613.0,2023-04-09 07:14:39,Running Shoes,Footwear,3,89.99,269.96999999999997
INV101216,10518.0,2023-04-09 09:11:09,Bluetooth Speaker,Electronics,4,45.0,180.0
INV101217,10692.0,2023-04-09 11:07:40,Sunglasses,Accessories,2,35.0,70.0
INV101218,10282.0,2023-04-09 13:04:10,Leather Wallet,Accessories,1,29.99,29.99
INV101219,10320.0,2023-04-09 15:00:40,Leather Wallet,Accessories,1,29.99,29.99
INV101220,10738.0,2023-04-09 16:57:11,Denim Jacket,Apparel,8,74.99,599.92
INV101221,10443.0,2023-04-09 18:53:41,Denim Jacket,Apparel,8,74.99,599.92
INV101222,10315.0,2023-04-09 20:50:11,Sunglasses,Accessories,4,35.0,140.0
INV101223,10877.0,2023-04-09 22:46:42,Leather Wallet,Accessories,3,29.99,89.97
INV101224,10741.0,2023-04-10 00:43:12,Backpack,Accessories,1,49.99,49.99
INV101225,10377.0,2023-04-10 02:39:42,Running Shoes,Footwear,3,89.99,269.96999999999997
INV101226,10289.0,2023-04-10 04:36:13,Leather Wallet,Accessories,1,29.99,29.99
INV101227,10437.0,2023-04-10 06:32:43,Smart Watch,Electronics,1,129.99,129.99
INV101228,10662.0,2023-04-10 08:29:13,Sunglasses,Accessories,2,35.0,70.0
INV101229,10277.0,2023-04-10 10:25:44,Backpack,Accessories,1,49.99,49.99
INV101230,10710.0,2023-04-10 12:22:14,Running Shoes,Footwear,1,89.99,89.99
INV101231,10582.0,2023-04-10 14:18:45,Leather Wallet,Accessories,1,29.99,29.99
INV101232,10503.0,2023-04-10 16:15:15,Bluetooth Speaker,Electronics,1,45.0,45.0
INV101233,10624.0,2023-04-10 18:11:45,Stainless Steel Bottle,Fitness,4,19.99,79.96
INV101234,10516.0,2023-04-10 20:08:16,Smart Watch,Electronics,1,129.99,129.99
INV101235,10350.0,2023-04-10 22:04:46,Bluetooth Speaker,Electronics,1,45.0,45.0
INV101236,10843.0,2023-04-11 00:01:16,Denim Jacket,Apparel,1,74.99,74.99
INV101237,10446.0,2023-04-11 01:57:47,Denim Jacket,Apparel,1,74.99,74.99
INV101238,10830.0,2023-04-11 03:54:17,Leather Wallet,Accessories,1,29.99,29.99
INV101239,10350.0,2023-04-11 05:50:47,Denim Jacket,Apparel,2,74.99,149.98
INV101240,10607.0,2023-04-11 07:47:18,Smart Watch,Electronics,1,129.99,129.99
INV101241,10664.0,2023-04-11 09:43:48,Running Shoes,Footwear,3,89.99,269.96999999999997
INV101242,10823.0,2023-04-11 11:40:18,Yoga Mat,Fitness,10,24.99,249.89999999999998
INV101243,10137.0,2023-04-11 13:36:49,Wireless Earbuds,Electronics,2,59.99,119.98
INV101244,10759.0,2023-04-11 15:33:19,Sunglasses,Accessories,1,35.0,35.0
INV101245,10899.0,2023-04-11 17:29:49,Running Shoes,Footwear,1,89.99,89.99
INV101246,10243.0,2023-04-11 19:26:20,Yoga Mat,Fitness,4,24.99,99.96
INV101247,10543.0,2023-04-11 21:22:50,Backpack,Accessories,2,49.99,99.98
INV101248,10040.0,2023-04-11 23:19:21,Smart Watch,Electronics,3,129.99,389.97
INV101249,10229.0,2023-04-12 01:15:51,Bluetooth Speaker,Electronics,3,45.0,135.0
INV101250,10548.0,2023-04-12 03:12:21,Yoga Mat,Fitness,4,24.99,99.96
INV101251,10920.0,2023-04-12 05:08:52,Smart Watch,Electronics,5,129.99,649.95
INV101252,10223.0,2023-04-12 07:05:22,Stainless Steel Bottle,Fitness,2,19.99,39.98
INV101253,10006.0,2023-04-12 09:01:52,Bluetooth Speaker,Electronics,1,45.0,45.0
INV101254,10322.0,2023-04-12 10:58:23,Denim Jacket,Apparel,5,74.99,374.95
INV101255,10468.0,2023-04-12 12:54:53,Denim Jacket,Apparel,2,74.99,149.98
INV101256,10732.0,2023-04-12 14:51:23,Bluetooth Speaker,Electronics,1,45.0,45.0
INV101257,10075.0,2023-04-12 16:47:54,Backpack,Accessories,2,49.99,99.98
INV101258,10004.0,2023-04-12 18:44:24,Backpack,Accessories,2,49.99,99.98
INV101259,10847.0,2023-04-12 20:40:54,Backpack,Accessories,4,49.99,199.96
INV101260,10646.0,2023-04-12 22:37:25,Yoga Mat,Fitness,2,24.99,49.98
INV101261,10118.0,2023-04-13 00:33:55,Sunglasses,Accessories,1,35.0,35.0
INV101262,10881.0,2023-04-13 02:30:26,Yoga Mat,Fitness,5,24.99,124.94999999999999
INV101263,10606.0,2023-04-13 04:26:56,Leather Wallet,Accessories,3,29.99,89.97
INV101264,10504.0,2023-04-13 06:23:26,Wireless Earbuds,Electronics,2,59.99,119.98
INV101265,10947.0,2023-04-13 08:19:57,Bluetooth Speaker,Electronics,1,45.0,45.0
INV101266,10574.0,2023-04-13 10:16:27,Running Shoes,Footwear,1,89.99,89.99
INV101267,10441.0,2023-04-13 12:12:57,Wireless Earbuds,Electronics,2,59.99,119.98
INV101268,10194.0,2023-04-13 14:09:28,Stainless Steel Bottle,Fitness,1,19.99,19.99
INV101269,10847.0,2023-04-13 16:05:58,Yoga Mat,Fitness,1,24.99,24.99
INV101270,10715.0,2023-04-13 18:02:28,Yoga Mat,Fitness,2,24.99,49.98
INV101271,10392.0,2023-04-13 19:58:59,Smart Watch,Electronics,1,129.99,129.99
INV101272,10026.0,2023-04-13 21:55:29,Wireless Earbuds,Electronics,1,59.99,59.99
INV101273,10435.0,2023-04-13 23:51:59,Smart Watch,Electronics,1,129.99,129.99
INV101274,10173.0,2023-04-14 01:48:30,Running Shoes,Footwear,1,89.99,89.99
INV101275,10300.0,2023-04-14 03:45:00,Smart Watch,Electronics,3,129.99,389.97
INV101276,10645.0,2023-04-14 05:41:30,Wireless Earbuds,Electronics,1,59.99,59.99
INV101277,10326.0,2023-04-14 07:38:01,Bluetooth Speaker,Electronics,1,45.0,45.0
INV101278,10410.0,2023-04-14 09:34:31,Stainless Steel Bottle,Fitness,2,19.99,39.98
INV101279,10118.0,2023-04-14 11:31:02,Yoga Mat,Fitness,5,24.99,124.94999999999999
INV101280,10836.0,2023-04-14 13:27:32,Running Shoes,Footwear,2,89.99,179.98
INV101281,10787.0,2023-04-14 15:24:02,Yoga Mat,Fitness,-1,24.99,24.99
INV101282,10724.0,2023-04-14 17:20:33,Leather Wallet,Accessories,1,29.99,29.99
INV101283,10225.0,2023-04-14 19:17:03,Stainless Steel Bottle,Fitness,3,19.99,59.97
INV101284,10532.0,2023-04-14 21:13:33,Sunglasses,Accessories,1,35.0,35.0
INV101285,10113.0,2023-04-14 23:10:04,Smart Watch,Electronics,2,129.99,259.98
INV101286,10140.0,2023-04-15 01:06:34,Denim Jacket,Apparel,1,74.99,74.99
INV101287,10559.0,2023-04-15 03:03:04,Wireless Earbuds,Electronics,1,59.99,59.99
INV101288,10001.0,2023-04-15 04:59:35,Yoga Mat,Fitness,3,24.99,74.97
INV101289,10090.0,2023-04-15 06:56:05,Smart Watch,Electronics,2,129.99,259.98
INV101290,10654.0,2023-04-15 08:52:35,Running Shoes,Footwear,2,89.99,179.98
INV101291,10320.0,2023-04-15 10:49:06,Yoga Mat,Fitness,1,24.99,24.99
INV101292,10550.0,2023-04-15 12:45:36,Sunglasses,Accessories,1,35.0,35.0
INV101293,10805.0,2023-04-15 14:42:06,Stainless Steel Bottle,Fitness,2,19.99,39.98
INV101294,10894.0,2023-04-15 16:38:37,Stainless Steel Bottle,Fitness,2,19.99,39.98
INV101295,10139.0,2023-04-15 18:35:07,Yoga Mat,Fitness,1,24.99,24.99
INV101296,10511.0,2023-04-15 20:31:38,Running Shoes,Footwear,1,89.99,89.99
INV101297,10868.0,2023-04-15 22:28:08,Stainless Steel Bottle,Fitness,1,19.99,19.99
INV101298,10845.0,2023-04-16 00:24:38,Stainless Steel Bottle,Fitness,10,19.99,199.89999999999998
INV101299,10259.0,2023-04-16 02:21:09,Sunglasses,Accessories,3,35.0,105.0
INV101300,10673.0,2023-04-16 04:17:39,Wireless Earbuds,Electronics,4,59.99,239.96
INV101301,10902.0,2023-04-16 06:14:09,Running Shoes,Footwear,1,89.99,89.99
INV101302,10690.0,2023-04-16 08:10:40,Running Shoes,Footwear,5,89.99,449.95
INV101303,10010.0,2023-04-16 10:07:10,Bluetooth Speaker,Electronics,1,45.0,45.0
INV101304,10261.0,2023-04-16 12:03:40,Bluetooth Speaker,Electronics,2,45.0,90.0
INV101305,10919.0,2023-04-16 14:00:11,Stainless Steel Bottle,Fitness,3,19.99,59.97
INV101306,10650.0,2023-04-16 15:56:41,Denim Jacket,Apparel,1,74.99,74.99
INV101307,10172.0,2023-04-16 17:53:11,Bluetooth Speaker,Electronics,1,45.0,45.0
INV101308,10898.0,2023-04-16 19:49:42,Stainless Steel Bottle,Fitness,1,19.99,19.99
INV101309,10013.0,2023-04-16 21:46:12,Backpack,Accessories,1,49.99,49.99
INV101310,10168.0,2023-04-16 23:42:42,Leather Wallet,Accessories,2,29.99,59.98
INV101311,10642.0,2023-04-17 01:39:13,Leather Wallet,Accessories,2,29.99,59.98
INV101312,10596.0,2023-04-17 03:35:43,Running Shoes,Footwear,3,89.99,269.96999999999997
INV101313,10321.0,2023-04-17 05:32:14,Denim Jacket,Apparel,2,74.99,149.98
INV101314,10319.0,2023-04-17 07:28:44,Sunglasses,Accessories,2,35.0,70.0
INV101315,10613.0,2023-04-17 09:25:14,Wireless Earbuds,Electronics,1,59.99,59.99
INV101316,10329.0,2023-04-17 11:21:45,Bluetooth Speaker,Electronics,1,45.0,45.0
INV101317,10785.0,2023-04-17 13:18:15,Backpack,Accessories,8,49.99,399.92
INV101318,10777.0,2023-04-17 15:14:45,Stainless Steel Bottle,Fitness,1,19.99,19.99
INV101319,10911.0,2023-04-17 17:11:16,Denim Jacket,Apparel,2,74.99,149.98
INV101320,10920.0,2023-04-17 19:07:46,Running Shoes,Footwear,1,89.99,89.99
INV101321,10550.0,2023-04-17 21:04:16,Bluetooth Speaker,Electronics,2,45.0,90.0
INV101322,10419.0,2023-04-17 23:00:47,Denim Jacket,Apparel,2,74.99,149.98
INV101323,10606.0,2023-04-18 00:57:17,Bluetooth Speaker,Electronics,1,45.0,45.0
INV101324,10095.0,2023-04-18 02:53:47,Wireless Earbuds,Electronics,1,59.99,59.99
INV101325,10817.0,2023-04-18 04:50:18,Wireless Earbuds,Electronics,2,59.99,119.98
INV101326,10581.0,2023-04-18 06:46:48,Sunglasses,Accessories,1,35.0,35.0
INV101327,10318.0,2023-04-18 08:43:18,Leather Wallet,Accessories,1,29.99,29.99
INV101328,10236.0,2023-04-18 10:39:49,Smart Watch,Electronics,2,129.99,259.98
INV101329,10946.0,2023-04-18 12:36:19,Smart Watch,Electronics,1,129.99,129.99
INV101330,10334.0,2023-04-18 14:32:50,Bluetooth Speaker,Electronics,3,45.0,135.0
INV101331,10885.0,2023-04-18 16:29:20,Sunglasses,Accessories,2,35.0,70.0
INV101332,10376.0,2023-04-18 18:25:50,Smart Watch,Electronics,1,129.99,129.99
INV101333,10459.0,2023-04-18 20:22:21,Running Shoes,Footwear,2,89.99,179.98
INV101334,10137.0,2023-04-18 22:18:51,Smart Watch,Electronics,2,129.99,259.98
INV101335,10930.0,2023-04-19 00:15:21,Yoga Mat,Fitness,1,24.99,24.99
INV101336,10588.0,2023-04-19 02:11:52,Stainless Steel Bottle,Fitness,1,19.99,19.99
INV101337,10547.0,2023-04-19 04:08:22,Sunglasses,Accessories,1,35.0,35.0
INV101338,10513.0,2023-04-19 06:04:52,Running Shoes,Footwear,1,89.99,89.99
INV101339,10296.0,2023-04-19 08:01:23,Denim Jacket,Apparel,1,74.99,74.99
INV101340,10320.0,2023-04-19 09:57:53,Running Shoes,Footwear,1,89.99,89.99
INV101341,10918.0,2023-04-19 11:54:23,Leather Wallet,Accessories,1,29.99,29.99
INV101342,10572.0,2023-04-19 13:50:54,Denim Jacket,Apparel,2,74.99,149.98
INV101343,10832.0,2023-04-19 15:47:24,Backpack,Accessories,2,49.99,99.98
INV101344,10349.0,2023-04-19 17:43:54,Stainless Steel Bottle,Fitness,2,19.99,39.98
INV101345,10840.0,2023-04-19 19:40:25,Stainless Steel Bottle,Fitness,3,19.99,59.97
INV101346,10779.0,2023-04-19 21:36:55,Stainless Steel Bottle,Fitness,3,19.99,59.97
INV101347,10873.0,2023-04-19 23:33:26,Stainless Steel Bottle,Fitness,2,19.99,39.98
INV101348,10229.0,2023-04-20 01:29:56,Bluetooth Speaker,Electronics,2,45.0,90.0
INV101349,10270.0,2023-04-20 03:26:26,Stainless Steel Bottle,Fitness,1,19.99,19.99
INV101350,10828.0,2023-04-20 05:22:57,Stainless Steel Bottle,Fitness,4,19.99,79.96
INV101351,10798.0,2023-04-20 07:19:27,Stainless Steel Bottle,Fitness,1,19.99,19.99
INV101352,10291.0,2023-04-20 09:15:57,Sunglasses,Accessories,1,35.0,35.0
INV101353,10725.0,2023-04-20 11:12:28,Bluetooth Speaker,Electronics,2,45.0,90.0
INV101354,10165.0,2023-04-20 13:08:58,Wireless Earbuds,Electronics,1,59.99,59.99
INV101355,10005.0,2023-04-20 15:05:28,Running Shoes,Footwear,1,89.99,89.99
INV101356,10851.0,2023-04-20 17:01:59,Running Shoes,Footwear,2,89.99,179.98
INV101357,10379.0,2023-04-20 18:58:29,Denim Jacket,Apparel,2,74.99,149.98
INV101358,10078.0,2023-04-20 20:54:59,Sunglasses,Accessories,2,35.0,70.0
INV101359,10410.0,2023-04-20 22:51:30,Yoga Mat,Fitness,3,24.99,74.97
INV101360,10574.0,2023-04-21 00:48:00,Running Shoes,Footwear,1,89.99,89.99
INV101361,10132.0,2023-04-21 02:44:30,Smart Watch,Electronics,1,129.99,129.99
INV101362,10601.0,2023-04-21 04:41:01,Yoga Mat,Fitness,2,24.99,49.98
INV101363,10749.0,2023-04-21 06:37:31,Stainless Steel Bottle,Fitness,1,19.99,19.99
INV101364,10042.0,2023-04-21 08:34:02,Stainless Steel Bottle,Fitness,2,19.99,39.98
INV101365,10089.0,2023-04-21 10:30:32,Bluetooth Speaker,Electronics,1,45.0,45.0
INV101366,10402.0,2023-04-21 12:27:02,Yoga Mat,Fitness,1,24.99,24.99
INV101367,10296.0,2023-04-21 14:23:33,Smart Watch,Electronics,2,129.99,259.98
INV101368,10840.0,2023-04-21 16:20:03,Bluetooth Speaker,Electronics,2,45.0,90.0
INV101369,10295.0,2023-04-21 18:16:33,Denim Jacket,Apparel,2,74.99,149.98
INV101370,10616.0,2023-04-21 20:13:04,Yoga Mat,Fitness,1,24.99,24.99
INV101371,10526.0,2023-04-21 22:09:34,Sunglasses,Accessories,1,35.0,35.0
INV101372,10800.0,2023-04-22 00:06:04,Stainless Steel Bottle,Fitness,1,19.99,19.99
INV101373,10691.0,2023-04-22 02:02:35,Stainless Steel Bottle,Fitness,1,19.99,19.99
INV101374,10637.0,2023-04-22 03:59:05,Leather Wallet,Accessories,1,29.99,29.99
INV101375,10422.0,2023-04-22 05:55:35,Bluetooth Speaker,Electronics,1,45.0,45.0
INV101376,10865.0,2023-04-22 07:52:06,Wireless Earbuds,Electronics,2,59.99,119.98
INV101377,10023.0,2023-04-22 09:48:36,Wireless Earbuds,Electronics,1,59.99,59.99
INV101378,10575.0,2023-04-22 11:45:07,Bluetooth Speaker,Electronics,2,45.0,90.0
INV101379,10143.0,2023-04-22 13:41:37,Sunglasses,Accessories,3,35.0,105.0
INV101380,10665.0,2023-04-22 15:38:07,Backpack,Accessories,1,49.99,49.99
INV101381,10145.0,2023-04-22 17:34:38,Bluetooth Speaker,Electronics,1,45.0,45.0
INV101382,10225.0,2023-04-22 19:31:08,Sunglasses,Accessories,1,35.0,35.0
INV101383,10503.0,2023-04-22 21:27:38,Denim Jacket,Apparel,2,74.99,149.98
INV101384,10821.0,2023-04-22 23:24:09,Stainless Steel Bottle,Fitness,1,19.99,19.99
INV101385,10616.0,2023-04-23 01:20:39,Smart Watch,Electronics,1,129.99,129.99
INV101386,10104.0,2023-04-23 03:17:09,Backpack,Accessories,2,49.99,99.98
INV101387,10947.0,2023-04-23 05:13:40,Yoga Mat,Fitness,1,24.99,24.99
INV101388,10039.0,2023-04-23 07:10:10,Backpack,Accessories,2,49.99,99.98
INV101389,10947.0,2023-04-23 09:06:40,Smart Watch,Electronics,2,129.99,259.98
INV101390,10198.0,2023-04-23 11:03:11,Leather Wallet,Accessories,2,29.99,59.98
INV101391,10646.0,2023-04-23 12:59:41,Stainless Steel Bottle,Fitness,1,19.99,19.99
INV101392,10579.0,2023-04-23 14:56:11,Wireless Earbuds,Electronics,4,59.99,239.96
INV101393,10391.0,2023-04-23 16:52:42,Sunglasses,Accessories,2,35.0,70.0
INV101394,10179.0,2023-04-23 18:49:12,Bluetooth Speaker,Electronics,1,45.0,45.0
INV101395,10554.0,2023-04-23 20:45:43,Bluetooth Speaker,Electronics,1,45.0,45.0
INV101396,10448.0,2023-04-23 22:42:13,Wireless Earbuds,Electronics,1,59.99,59.99
INV101397,10500.0,2023-04-24 00:38:43,Backpack,Accessories,3,49.99,149.97
INV101398,10015.0,2023-04-24 02:35:14,Stainless Steel Bottle,Fitness,3,19.99,59.97
INV101399,10623.0,2023-04-24 04:31:44,Running Shoes,Footwear,2,89.99,179.98
INV101400,10669.0,2023-04-24 06:28:14,Sunglasses,Accessories,3,35.0,105.0
INV101401,10289.0,2023-04-24 08:24:45,Denim Jacket,Apparel,1,74.99,74.99
INV101402,10478.0,2023-04-24 10:21:15,Smart Watch,Electronics,1,129.99,129.99
INV101403,10231.0,2023-04-24 12:17:45,Backpack,Accessories,4,49.99,199.96
INV101404,10923.0,2023-04-24 14:14:16,Yoga Mat,Fitness,3,24.99,74.97
INV101405,10420.0,2023-04-24 16:10:46,Leather Wallet,Accessories,1,29.99,29.99
INV101406,10157.0,2023-04-24 18:07:16,Bluetooth Speaker,Electronics,3,45.0,135.0
INV101407,10550.0,2023-04-24 20:03:47,Backpack,Accessories,5,49.99,249.95000000000002
INV101408,10441.0,2023-04-24 22:00:17,Leather Wallet,Accessories,3,29.99,89.97
INV101409,10097.0,2023-04-24 23:56:47,Smart Watch,Electronics,3,129.99,389.97
INV101410,10411.0,2023-04-25 01:53:18,Bluetooth Speaker,Electronics,3,45.0,135.0
INV101411,10289.0,2023-04-25 03:49:48,Bluetooth Speaker,Electronics,1,45.0,45.0
INV101412,10254.0,2023-04-25 05:46:19,Running Shoes,Footwear,3,89.99,269.96999999999997
INV101413,10196.0,2023-04-25 07:42:49,Backpack,Accessories,1,49.99,49.99
INV101414,10598.0,2023-04-25 09:39:19,Stainless Steel Bottle,Fitness,4,19.99,79.96
INV101415,10834.0,2023-04-25 11:35:50,Wireless Earbuds,Electronics,1,59.99,59.99
INV101416,10522.0,2023-04-25 13:32:20,Wireless Earbuds,Electronics,2,59.99,119.98
INV101417,10517.0,2023-04-25 15:28:50,Denim Jacket,Apparel,1,74.99,74.99
INV101418,10635.0,2023-04-25 17:25:21,Yoga Mat,Fitness,1,24.99,24.99
INV101419,10842.0,2023-04-25 19:21:51,Leather Wallet,Accessories,1,29.99,29.99
INV101420,10865.0,2023-04-25 21:18:21,Backpack,Accessories,8,49.99,399.92
INV101421,10118.0,2023-04-25 23:14:52,Sunglasses,Accessories,5,35.0,175.0
INV101422,10806.0,2023-04-26 01:11:22,Yoga Mat,Fitness,1,24.99,24.99
INV101423,10909.0,2023-04-26 03:07:52,Running Shoes,Footwear,10,89.99,899.9
INV101424,10159.0,2023-04-26 05:04:23,Bluetooth Speaker,Electronics,3,45.0,135.0
INV101425,10815.0,2023-04-26 07:00:53,Stainless Steel Bottle,Fitness,2,19.99,39.98
INV101426,10228.0,2023-04-26 08:57:23,Backpack,Accessories,1,49.99,49.99
INV101427,10877.0,2023-04-26 10:53:54,Yoga Mat,Fitness,4,24.99,99.96
INV101428,10216.0,2023-04-26 12:50:24,Yoga Mat,Fitness,2,24.99,49.98
INV101429,10948.0,2023-04-26 14:46:55,Stainless Steel Bottle,Fitness,3,19.99,59.97
INV101430,10696.0,2023-04-26 16:43:25,Denim Jacket,Apparel,3,74.99,224.96999999999997
INV101431,10015.0,2023-04-26 18:39:55,Leather Wallet,Accessories,3,29.99,89.97
INV101432,10157.0,2023-04-26 20:36:26,Leather Wallet,Accessories,2,29.99,59.98
INV101433,10648.0,2023-04-26 22:32:56,Yoga Mat,Fitness,1,24.99,24.99
INV101434,10261.0,2023-04-27 00:29:26,Smart Watch,Electronics,1,129.99,129.99
INV101435,10157.0,2023-04-27 02:25:57,Yoga Mat,Fitness,1,24.99,24.99
INV101436,10047.0,2023-04-27 04:22:27,Yoga Mat,Fitness,1,24.99,24.99
INV101437,10324.0,2023-04-27 06:18:57,Stainless Steel Bottle,Fitness,2,19.99,39.98
INV101438,10844.0,2023-04-27 08:15:28,Bluetooth Speaker,Electronics,2,45.0,90.0
INV101439,10685.0,2023-04-27 10:11:58,Stainless Steel Bottle,Fitness,3,19.99,59.97
INV101440,10130.0,2023-04-27 12:08:28,Backpack,Accessories,1,49.99,49.99
INV101441,10411.0,2023-04-27 14:04:59,Yoga Mat,Fitness,2,24.99,49.98
INV101442,10095.0,2023-04-27 16:01:29,Leather Wallet,Accessories,1,29.99,29.99
INV101443,10627.0,2023-04-27 17:57:59,Sunglasses,Accessories,1,35.0,35.0
INV101444,10755.0,2023-04-27 19:54:30,Leather Wallet,Accessories,1,29.99,29.99
INV101445,10932.0,2023-04-27 21:51:00,Wireless Earbuds,Electronics,2,59.99,119.98
INV101446,10292.0,2023-04-27 23:47:31,Denim Jacket,Apparel,1,74.99,74.99
INV101447,10794.0,2023-04-28 01:44:01,Running Shoes,Footwear,2,89.99,179.98
INV101448,10811.0,2023-04-28 03:40:31,Backpack,Accessories,1,49.99,49.99
INV101449,10283.0,2023-04-28 05:37:02,Backpack,Accessories,4,49.99,199.96
INV101450,10069.0,2023-04-28 07:33:32,Denim Jacket,Apparel,3,74.99,224.96999999999997
INV101451,10660.0,2023-04-28 09:30:02,Sunglasses,Accessories,5,35.0,175.0
INV101452,10011.0,2023-04-28 11:26:33,Running Shoes,Footwear,4,89.99,359.96
INV101453,10254.0,2023-04-28 13:23:03,Bluetooth Speaker,Electronics,4,45.0,180.0
INV101454,10842.0,2023-04-28 15:19:33,Yoga Mat,Fitness,3,24.99,74.97
INV101455,10872.0,2023-04-28 17:16:04,Running Shoes,Footwear,2,89.99,179.98
INV101456,10550.0,2023-04-28 19:12:34,Sunglasses,Accessories,1,35.0,35.0
INV101457,10134.0,2023-04-28 21:09:04,Smart Watch,Electronics,1,129.99,129.99
INV101458,10712.0,2023-04-28 23:05:35,Wireless Earbuds,Electronics,1,59.99,59.99
INV101459,10023.0,2023-04-29 01:02:05,Running Shoes,Footwear,2,89.99,179.98
INV101460,10815.0,2023-04-29 02:58:35,Running Shoes,Footwear,2,89.99,179.98
INV101461,10346.0,2023-04-29 04:55:06,Wireless Earbuds,Electronics,3,59.99,179.97
INV101462,10302.0,2023-04-29 06:51:36,Yoga Mat,Fitness,5,24.99,124.94999999999999
INV101463,10363.0,2023-04-29 08:48:07,Running Shoes,Footwear,1,89.99,89.99
INV101464,10396.0,2023-04-29 10:44:37,Wireless Earbuds,Electronics,2,59.99,119.98
INV101465,10218.0,2023-04-29 12:41:07,Wireless Earbuds,Electronics,5,59.99,299.95
INV101466,10141.0,2023-04-29 14:37:38,Wireless Earbuds,Electronics,1,59.99,59.99
INV101467,10616.0,2023-04-29 16:34:08,Stainless Steel Bottle,Fitness,3,19.99,59.97
INV101468,10210.0,2023-04-29 18:30:38,Sunglasses,Accessories,1,35.0,35.0
INV101469,10623.0,2023-04-29 20:27:09,Stainless Steel Bottle,Fitness,2,19.99,39.98
INV101470,10616.0,2023-04-29 22:23:39,Smart Watch,Electronics,1,129.99,129.99
INV101471,10828.0,2023-04-30 00:20:09,Bluetooth Speaker,Electronics,4,45.0,180.0
INV101472,10683.0,2023-04-30 02:16:40,Stainless Steel Bottle,Fitness,2,19.99,39.98
INV101473,10460.0,2023-04-30 04:13:10,Stainless Steel Bottle,Fitness,1,19.99,19.99
INV101474,10356.0,2023-04-30 06:09:40,Sunglasses,Accessories,1,35.0,35.0
INV101475,10324.0,2023-04-30 08:06:11,Bluetooth Speaker,Electronics,1,45.0,45.0
INV101476,10133.0,2023-04-30 10:02:41,Denim Jacket,Apparel,5,74.99,374.95
INV101477,10888.0,2023-04-30 11:59:11,Wireless Earbuds,Electronics,3,59.99,179.97
INV101478,10805.0,2023-04-30 13:55:42,Backpack,Accessories,1,49.99,49.99
INV101479,10840.0,2023-04-30 15:52:12,Bluetooth Speaker,Electronics,1,45.0,45.0
INV101480,10127.0,2023-04-30 17:48:43,Smart Watch,Electronics,2,129.99,259.98
INV101481,10106.0,2023-04-30 19:45:13,Yoga Mat,Fitness,2,24.99,49.98
INV101482,10604.0,2023-04-30 21:41:43,Smart Watch,Electronics,3,129.99,389.97
INV101483,10799.0,2023-04-30 23:38:14,Wireless Earbuds,Electronics,1,59.99,59.99
INV101484,10378.0,2023-05-01 01:34:44,Bluetooth Speaker,Electronics,2,45.0,90.0
INV101485,10905.0,2023-05-01 03:31:14,Smart Watch,Electronics,2,129.99,259.98
INV101486,10051.0,2023-05-01 05:27:45,Smart Watch,Electronics,5,129.99,649.95
INV101487,10029.0,2023-05-01 07:24:15,Denim Jacket,Apparel,4,74.99,299.96
INV101488,10462.0,2023-05-01 09:20:45,Denim Jacket,Apparel,3,74.99,224.96999999999997
INV101489,10296.0,2023-05-01 11:17:16,Bluetooth Speaker,Electronics,2,45.0,90.0
INV101490,10297.0,2023-05-01 13:13:46,Wireless Earbuds,Electronics,1,59.99,59.99
INV101491,10726.0,2023-05-01 15:10:16,Stainless Steel Bottle,Fitness,3,19.99,59.97
INV101492,10779.0,2023-05-01 17:06:47,Leather Wallet,Accessories,1,29.99,29.99
INV101493,10407.0,2023-05-01 19:03:17,Running Shoes,Footwear,1,89.99,89.99
INV101494,10769.0,2023-05-01 20:59:47,Backpack,Accessories,1,49.99,49.99
INV101495,,2023-05-01 22:56:18,Running Shoes,Footwear,3,89.99,269.96999999999997
INV101496,10613.0,2023-05-02 00:52:48,Sunglasses,Accessories,1,35.0,35.0
INV101497,10405.0,2023-05-02 02:49:19,Denim Jacket,Apparel,1,74.99,74.99
INV101498,10346.0,2023-05-02 04:45:49,Bluetooth Speaker,Electronics,1,45.0,45.0
INV101499,10622.0,2023-05-02 06:42:19,Running Shoes,Footwear,1,89.99,89.99
INV101500,10420.0,2023-05-02 08:38:50,Wireless Earbuds,Electronics,1,59.99,59.99
INV101501,10182.0,2023-05-02 10:35:20,Backpack,Accessories,3,49.99,149.97
INV101502,10825.0,2023-05-02 12:31:50,Running Shoes,Footwear,3,89.99,269.96999999999997
INV101503,10001.0,2023-05-02 14:28:21,Backpack,Accessories,1,49.99,49.99
INV101504,10831.0,2023-05-02 16:24:51,Yoga Mat,Fitness,4,24.99,99.96
INV101505,10950.0,2023-05-02 18:21:21,Wireless Earbuds,Electronics,3,59.99,179.97
INV101506,10567.0,2023-05-02 20:17:52,Leather Wallet,Accessories,1,29.99,29.99
INV101507,10371.0,2023-05-02 22:14:22,Smart Watch,Electronics,2,129.99,259.98
INV101508,10936.0,2023-05-03 00:10:52,Backpack,Accessories,5,49.99,249.95000000000002
INV101509,10911.0,2023-05-03 02:07:23,Wireless Earbuds,Electronics,1,59.99,59.99
INV101510,10661.0,2023-05-03 04:03:53,Backpack,Accessories,1,49.99,49.99
INV101511,10431.0,2023-05-03 06:00:24,Backpack,Accessories,5,49.99,249.95000000000002
INV101512,10309.0,2023-05-03 07:56:54,Stainless Steel Bottle,Fitness,2,19.99,39.98
INV101513,10137.0,2023-05-03 09:53:24,Stainless Steel Bottle,Fitness,1,19.99,19.99
INV101514,10202.0,2023-05-03 11:49:55,Wireless Earbuds,Electronics,2,59.99,119.98
INV101515,10436.0,2023-05-03 13:46:25,Stainless Steel Bottle,Fitness,2,19.99,39.98
INV101516,10313.0,2023-05-03 15:42:55,Sunglasses,Accessories,3,35.0,105.0
INV101517,10117.0,2023-05-03 17:39:26,Leather Wallet,Accessories,2,29.99,59.98
INV101518,10666.0,2023-05-03 19:35:56,Bluetooth Speaker,Electronics,1,45.0,45.0
INV101519,10937.0,2023-05-03 21:32:26,Wireless Earbuds,Electronics,2,59.99,119.98
INV101520,10803.0,2023-05-03 23:28:57,Wireless Earbuds,Electronics,2,59.99,119.98
INV101521,10575.0,2023-05-04 01:25:27,Sunglasses,Accessories,1,35.0,35.0
INV101522,10244.0,2023-05-04 03:21:57,Denim Jacket,Apparel,2,74.99,149.98
INV101523,10537.0,2023-05-04 05:18:28,Denim Jacket,Apparel,3,74.99,224.96999999999997
INV101524,10602.0,2023-05-04 07:14:58,Stainless Steel Bottle,Fitness,1,19.99,19.99
INV101525,10075.0,2023-05-04 09:11:28,Bluetooth Speaker,Electronics,2,45.0,90.0
INV101526,,2023-05-04 11:07:59,Stainless Steel Bottle,Fitness,1,19.99,19.99
INV101527,10386.0,2023-05-04 13:04:29,Yoga Mat,Fitness,1,24.99,24.99
INV101528,10903.0,2023-05-04 15:01:00,Yoga Mat,Fitness,1,24.99,24.99
INV101529,10210.0,2023-05-04 16:57:30,Smart Watch,Electronics,1,129.99,129.99
INV101530,10475.0,2023-05-04 18:54:00,Yoga Mat,Fitness,3,24.99,74.97
INV101531,10418.0,2023-05-04 20:50:31,Denim Jacket,Apparel,1,74.99,74.99
INV101532,10347.0,2023-05-04 22:47:01,Leather Wallet,Accessories,2,29.99,59.98
INV101533,10529.0,2023-05-05 00:43:31,Yoga Mat,Fitness,1,24.99,24.99
INV101534,10640.0,2023-05-05 02:40:02,Stainless Steel Bottle,Fitness,5,19.99,99.94999999999999
INV101535,10939.0,2023-05-05 04:36:32,Backpack,Accessories,2,49.99,99.98
INV101536,10876.0,2023-05-05 06:33:02,Wireless Earbuds,Electronics,2,59.99,119.98
INV101537,10763.0,2023-05-05 08:29:33,Leather Wallet,Accessories,1,29.99,29.99
INV101538,10179.0,2023-05-05 10:26:03,Leather Wallet,Accessories,1,29.99,29.99
INV101539,10182.0,2023-05-05 12:22:33,Stainless Steel Bottle,Fitness,1,19.99,19.99
INV101540,10664.0,2023-05-05 14:19:04,Wireless Earbuds,Electronics,4,59.99,239.96
INV101541,10025.0,2023-05-05 16:15:34,Denim Jacket,Apparel,1,74.99,74.99
INV101542,10180.0,2023-05-05 18:12:04,Leather Wallet,Accessories,2,29.99,59.98
INV101543,10710.0,2023-05-05 20:08:35,Smart Watch,Electronics,2,129.99,259.98
INV101544,10501.0,2023-05-05 22:05:05,Stainless Steel Bottle,Fitness,1,19.99,19.99
INV101545,10856.0,2023-05-06 00:01:36,Leather Wallet,Accessories,2,29.99,59.98
INV101546,10161.0,2023-05-06 01:58:06,Bluetooth Speaker,Electronics,2,45.0,90.0
INV101547,10177.0,2023-05-06 03:54:36,Wireless Earbuds,Electronics,2,59.99,119.98
INV101548,10285.0,2023-05-06 05:51:07,Yoga Mat,Fitness,1,24.99,24.99
INV101549,10063.0,2023-05-06 07:47:37,Leather Wallet,Accessories,1,29.99,29.99
INV101550,10662.0,2023-05-06 09:44:07,Stainless Steel Bottle,Fitness,1,19.99,19.99
INV101551,10666.0,2023-05-06 11:40:38,Yoga Mat,Fitness,3,24.99,74.97
INV101552,10156.0,2023-05-06 13:37:08,Smart Watch,Electronics,2,129.99,259.98
INV101553,10882.0,2023-05-06 15:33:38,Yoga Mat,Fitness,1,24.99,24.99
INV101554,10469.0,2023-05-06 17:30:09,Bluetooth Speaker,Electronics,5,45.0,225.0
INV101555,10049.0,2023-05-06 19:26:39,Denim Jacket,Apparel,1,74.99,74.99
INV101556,10849.0,2023-05-06 21:23:09,Leather Wallet,Accessories,3,29.99,89.97
INV101557,10084.0,2023-05-06 23:19:40,Running Shoes,Footwear,10,89.99,899.9
INV101558,10361.0,2023-05-07 01:16:10,Running Shoes,Footwear,4,89.99,359.96
INV101559,10689.0,2023-05-07 03:12:40,Yoga Mat,Fitness,3,24.99,74.97
INV101560,10148.0,2023-05-07 05:09:11,Sunglasses,Accessories,1,35.0,35.0
INV101561,10630.0,2023-05-07 07:05:41,Wireless Earbuds,Electronics,1,59.99,59.99
INV101562,10342.0,2023-05-07 09:02:12,Running Shoes,Footwear,2,89.99,179.98
INV101563,10476.0,2023-05-07 10:58:42,Sunglasses,Accessories,1,35.0,35.0
INV101564,10063.0,2023-05-07 12:55:12,Running Shoes,Footwear,1,89.99,89.99
INV101565,10701.0,2023-05-07 14:51:43,Sunglasses,Accessories,3,35.0,105.0
INV101566,10360.0,2023-05-07 16:48:13,Wireless Earbuds,Electronics,1,59.99,59.99
INV101567,10561.0,2023-05-07 18:44:43,Backpack,Accessories,4,49.99,199.96
INV101568,10327.0,2023-05-07 20:41:14,Running Shoes,Footwear,3,89.99,269.96999999999997
INV101569,10769.0,2023-05-07 22:37:44,Bluetooth Speaker,Electronics,3,45.0,135.0
INV101570,10736.0,2023-05-08 00:34:14,Leather Wallet,Accessories,3,29.99,89.97
INV101571,10141.0,2023-05-08 02:30:45,Sunglasses,Accessories,4,35.0,140.0
INV101572,10215.0,2023-05-08 04:27:15,Leather Wallet,Accessories,3,29.99,89.97
INV101573,10435.0,2023-05-08 06:23:45,Stainless Steel Bottle,Fitness,2,19.99,39.98
INV101574,10891.0,2023-05-08 08:20:16,Stainless Steel Bottle,Fitness,1,19.99,19.99
INV101575,10723.0,2023-05-08 10:16:46,Wireless Earbuds,Electronics,4,59.99,239.96
INV101576,10318.0,2023-05-08 12:13:16,Sunglasses,Accessories,3,35.0,105.0
INV101577,10032.0,2023-05-08 14:09:47,Smart Watch,Electronics,1,129.99,129.99
INV101578,10670.0,2023-05-08 16:06:17,Stainless Steel Bottle,Fitness,1,19.99,19.99
INV101579,10285.0,2023-05-08 18:02:48,Wireless Earbuds,Electronics,2,59.99,119.98
INV101580,10305.0,2023-05-08 19:59:18,Stainless Steel Bottle,Fitness,1,19.99,19.99
INV101581,10429.0,2023-05-08 21:55:48,Stainless Steel Bottle,Fitness,4,19.99,79.96
INV101582,10477.0,2023-05-08 23:52:19,Smart Watch,Electronics,5,129.99,649.95
INV101583,10286.0,2023-05-09 01:48:49,Running Shoes,Footwear,1,89.99,89.99
INV101584,10144.0,2023-05-09 03:45:19,Yoga Mat,Fitness,2,24.99,49.98
INV101585,10424.0,2023-05-09 05:41:50,Backpack,Accessories,1,49.99,49.99
INV101586,10019.0,2023-05-09 07:38:20,Stainless Steel Bottle,Fitness,2,19.99,39.98
INV101587,10018.0,2023-05-09 09:34:50,Stainless Steel Bottle,Fitness,1,19.99,19.99
INV101588,10769.0,2023-05-09 11:31:21,Bluetooth Speaker,Electronics,2,45.0,90.0
INV101589,10590.0,2023-05-09 13:27:51,Backpack,Accessories,1,49.99,49.99
INV101590,10371.0,2023-05-09 15:24:21,Smart Watch,Electronics,1,129.99,129.99
INV101591,10175.0,2023-05-09 17:20:52,Leather Wallet,Accessories,1,29.99,29.99
INV101592,10194.0,2023-05-09 19:17:22,Sunglasses,Accessories,1,35.0,35.0
INV101593,10502.0,2023-05-09 21:13:52,Stainless Steel Bottle,Fitness,2,19.99,39.98
INV101594,10113.0,2023-05-09 23:10:23,Yoga Mat,Fitness,1,24.99,24.99
INV101595,10114.0,2023-05-10 01:06:53,Sunglasses,Accessories,2,35.0,70.0
INV101596,10222.0,2023-05-10 03:03:24,Backpack,Accessories,4,49.99,199.96
INV101597,10678.0,2023-05-10 04:59:54,Sunglasses,Accessories,3,35.0,105.0
INV101598,10947.0,2023-05-10 06:56:24,Running Shoes,Footwear,4,89.99,359.96
INV101599,10831.0,2023-05-10 08:52:55,Stainless Steel Bottle,Fitness,4,19.99,79.96
INV101600,10644.0,2023-05-10 10:49:25,Sunglasses,Accessories,1,35.0,35.0
INV101601,10897.0,2023-05-10 12:45:55,Leather Wallet,Accessories,1,29.99,29.99
INV101602,10264.0,2023-05-10 14:42:26,Leather Wallet,Accessories,2,29.99,59.98
INV101603,10925.0,2023-05-10 16:38:56,Stainless Steel Bottle,Fitness,4,19.99,79.96
INV101604,10055.0,2023-05-10 18:35:26,Denim Jacket,Apparel,5,74.99,374.95
INV101605,10871.0,2023-05-10 20:31:57,Leather Wallet,Accessories,1,29.99,29.99
INV101606,10643.0,2023-05-10 22:28:27,Sunglasses,Accessories,1,35.0,35.0
INV101607,10800.0,2023-05-11 00:24:57,Wireless Earbuds,Electronics,1,59.99,59.99
INV101608,10778.0,2023-05-11 02:21:28,Leather Wallet,Accessories,3,29.99,89.97
INV101609,10458.0,2023-05-11 04:17:58,Backpack,Accessories,2,49.99,99.98
INV101610,10878.0,2023-05-11 06:14:28,Denim Jacket,Apparel,1,74.99,74.99
INV101611,10162.0,2023-05-11 08:10:59,Sunglasses,Accessories,1,35.0,35.0
INV101612,10380.0,2023-05-11 10:07:29,Smart Watch,Electronics,2,129.99,259.98
INV101613,10087.0,2023-05-11 12:04:00,Bluetooth Speaker,Electronics,3,45.0,135.0
INV101614,10055.0,2023-05-11 14:00:30,Smart Watch,Electronics,1,129.99,129.99
INV101615,10476.0,2023-05-11 15:57:00,Running Shoes,Footwear,4,89.99,359.96
INV101616,10800.0,2023-05-11 17:53:31,Bluetooth Speaker,Electronics,2,45.0,90.0
INV101617,10178.0,2023-05-11 19:50:01,Running Shoes,Footwear,3,89.99,269.96999999999997
INV101618,10391.0,2023-05-11 21:46:31,Bluetooth Speaker,Electronics,3,45.0,135.0
INV101619,10349.0,2023-05-11 23:43:02,Bluetooth Speaker,Electronics,1,45.0,45.0
INV101620,10008.0,2023-05-12 01:39:32,Wireless Earbuds,Electronics,1,59.99,59.99
INV101621,10833.0,2023-05-12 03:36:02,Yoga Mat,Fitness,2,24.99,49.98
INV101622,10313.0,2023-05-12 05:32:33,Backpack,Accessories,1,49.99,49.99
INV101623,10759.0,2023-05-12 07:29:03,Smart Watch,Electronics,3,129.99,389.97
INV101624,10835.0,2023-05-12 09:25:33,Leather Wallet,Accessories,2,29.99,59.98
INV101625,10443.0,2023-05-12 11:22:04,Sunglasses,Accessories,3,35.0,105.0
INV101626,10767.0,2023-05-12 13:18:34,Denim Jacket,Apparel,1,74.99,74.99
INV101627,10328.0,2023-05-12 15:15:05,Backpack,Accessories,1,49.99,49.99
INV101628,10054.0,2023-05-12 17:11:35,Running Shoes,Footwear,2,89.99,179.98
INV101629,10761.0,2023-05-12 19:08:05,Wireless Earbuds,Electronics,1,59.99,59.99
INV101630,10239.0,2023-05-12 21:04:36,Running Shoes,Footwear,2,89.99,179.98
INV101631,10229.0,2023-05-12 23:01:06,Yoga Mat,Fitness,3,24.99,74.97
INV101632,10579.0,2023-05-13 00:57:36,Denim Jacket,Apparel,1,74.99,74.99
INV101633,10051.0,2023-05-13 02:54:07,Wireless Earbuds,Electronics,3,59.99,179.97
INV101634,10609.0,2023-05-13 04:50:37,Running Shoes,Footwear,1,89.99,89.99
INV101635,10604.0,2023-05-13 06:47:07,Yoga Mat,Fitness,1,24.99,24.99
INV101636,10264.0,2023-05-13 08:43:38,Sunglasses,Accessories,5,35.0,175.0
INV101637,10418.0,2023-05-13 10:40:08,Sunglasses,Accessories,8,35.0,280.0
INV101638,10803.0,2023-05-13 12:36:38,Running Shoes,Footwear,2,89.99,179.98
INV101639,10096.0,2023-05-13 14:33:09,Backpack,Accessories,4,49.99,199.96
INV101640,10088.0,2023-05-13 16:29:39,Denim Jacket,Apparel,2,74.99,149.98
INV101641,10078.0,2023-05-13 18:26:09,Stainless Steel Bottle,Fitness,1,19.99,19.99
INV101642,10288.0,2023-05-13 20:22:40,Backpack,Accessories,1,49.99,49.99
INV101643,10120.0,2023-05-13 22:19:10,Sunglasses,Accessories,4,35.0,140.0
INV101644,10814.0,2023-05-14 00:15:41,Denim Jacket,Apparel,1,74.99,74.99
INV101645,10491.0,2023-05-14 02:12:11,Yoga Mat,Fitness,2,24.99,49.98
INV101646,10912.0,2023-05-14 04:08:41,Wireless Earbuds,Electronics,2,59.99,119.98
INV101647,10452.0,2023-05-14 06:05:12,Bluetooth Speaker,Electronics,2,45.0,90.0
INV101648,10500.0,2023-05-14 08:01:42,Running Shoes,Footwear,1,89.99,89.99
INV101649,10165.0,2023-05-14 09:58:12,Smart Watch,Electronics,1,129.99,129.99
INV101650,10182.0,2023-05-14 11:54:43,Denim Jacket,Apparel,1,74.99,74.99
INV101651,10469.0,2023-05-14 13:51:13,Leather Wallet,Accessories,2,29.99,59.98
INV101652,10910.0,2023-05-14 15:47:43,Yoga Mat,Fitness,2,24.99,49.98
INV101653,10735.0,2023-05-14 17:44:14,Stainless Steel Bottle,Fitness,2,19.99,39.98
INV101654,10823.0,2023-05-14 19:40:44,Bluetooth Speaker,Electronics,2,45.0,90.0
INV101655,10944.0,2023-05-14 21:37:14,Leather Wallet,Accessories,1,29.99,29.99
INV101656,10007.0,2023-05-14 23:33:45,Stainless Steel Bottle,Fitness,4,19.99,79.96
INV101657,10330.0,2023-05-15 01:30:15,Smart Watch,Electronics,2,129.99,259.98
INV101658,10775.0,2023-05-15 03:26:45,Sunglasses,Accessories,1,35.0,35.0
INV101659,10673.0,2023-05-15 05:23:16,Backpack,Accessories,1,49.99,49.99
INV101660,10151.0,2023-05-15 07:19:46,Running Shoes,Footwear,3,89.99,269.96999999999997
INV101661,10085.0,2023-05-15 09:16:17,Wireless Earbuds,Electronics,4,59.99,239.96
INV101662,10147.0,2023-05-15 11:12:47,Stainless Steel Bottle,Fitness,1,19.99,19.99
INV101663,10624.0,2023-05-15 13:09:17,Bluetooth Speaker,Electronics,2,45.0,90.0
INV101664,10381.0,2023-05-15 15:05:48,Denim Jacket,Apparel,1,74.99,74.99
INV101665,10915.0,2023-05-15 17:02:18,Sunglasses,Accessories,1,35.0,35.0
INV101666,10548.0,2023-05-15 18:58:48,Denim Jacket,Apparel,2,74.99,149.98
INV101667,10285.0,2023-05-15 20:55:19,Bluetooth Speaker,Electronics,2,45.0,90.0
INV101668,10700.0,2023-05-15 22:51:49,Denim Jacket,Apparel,3,74.99,224.96999999999997
INV101669,10082.0,2023-05-16 00:48:19,Stainless Steel Bottle,Fitness,1,19.99,19.99
INV101670,10514.0,2023-05-16 02:44:50,Yoga Mat,Fitness,1,24.99,24.99
INV101671,10897.0,2023-05-16 04:41:20,Denim Jacket,Apparel,1,74.99,74.99
INV101672,10815.0,2023-05-16 06:37:50,Backpack,Accessories,1,49.99,49.99
INV101673,10709.0,2023-05-16 08:34:21,Smart Watch,Electronics,1,129.99,129.99
INV101674,10916.0,2023-05-16 10:30:51,Wireless Earbuds,Electronics,1,59.99,59.99
INV101675,10523.0,2023-05-16 12:27:21,Stainless Steel Bottle,Fitness,1,19.99,19.99
INV101676,10746.0,2023-05-16 14:23:52,Leather Wallet,Accessories,1,29.99,29.99
INV101677,10386.0,2023-05-16 16:20:22,Bluetooth Speaker,Electronics,2,45.0,90.0
INV101678,10707.0,2023-05-16 18:16:53,Sunglasses,Accessories,1,35.0,35.0
INV101679,10471.0,2023-05-16 20:13:23,Stainless Steel Bottle,Fitness,1,19.99,19.99
INV101680,10119.0,2023-05-16 22:09:53,Yoga Mat,Fitness,2,24.99,49.98
INV101681,10396.0,2023-05-17 00:06:24,Sunglasses,Accessories,1,35.0,35.0
INV101682,10532.0,2023-05-17 02:02:54,Backpack,Accessories,2,49.99,99.98
INV101683,10261.0,2023-05-17 03:59:24,Bluetooth Speaker,Electronics,1,45.0,45.0
INV101684,10805.0,2023-05-17 05:55:55,Sunglasses,Accessories,1,35.0,35.0
INV101685,10934.0,2023-05-17 07:52:25,Denim Jacket,Apparel,1,74.99,74.99
INV101686,10256.0,2023-05-17 09:48:55,Stainless Steel Bottle,Fitness,1,19.99,19.99
INV101687,10734.0,2023-05-17 11:45:26,Smart Watch,Electronics,2,129.99,259.98
INV101688,10905.0,2023-05-17 13:41:56,Bluetooth Speaker,Electronics,4,45.0,180.0
INV101689,10226.0,2023-05-17 15:38:26,Running Shoes,Footwear,1,89.99,89.99
INV101690,10053.0,2023-05-17 17:34:57,Backpack,Accessories,-1,49.99,49.99
INV101691,10940.0,2023-05-17 19:31:27,Wireless Earbuds,Electronics,2,59.99,119.98
INV101692,10867.0,2023-05-17 21:27:57,Bluetooth Speaker,Electronics,1,45.0,45.0
INV101693,10500.0,2023-05-17 23:24:28,Yoga Mat,Fitness,3,24.99,74.97
INV101694,10506.0,2023-05-18 01:20:58,Stainless Steel Bottle,Fitness,1,19.99,19.99
INV101695,10854.0,2023-05-18 03:17:29,Denim Jacket,Apparel,5,74.99,374.95
INV101696,10364.0,2023-05-18 05:13:59,Wireless Earbuds,Electronics,1,59.99,59.99
INV101697,10280.0,2023-05-18 07:10:29,Wireless Earbuds,Electronics,1,59.99,59.99
INV101698,10593.0,2023-05-18 09:07:00,Backpack,Accessories,4,49.99,199.96
INV101699,10714.0,2023-05-18 11:03:30,Sunglasses,Accessories,2,35.0,70.0
INV101700,10158.0,2023-05-18 13:00:00,Yoga Mat,Fitness,2,24.99,49.98
INV101701,10632.0,2023-05-18 14:56:31,Sunglasses,Accessories,2,35.0,70.0
INV101702,10059.0,2023-05-18 16:53:01,Denim Jacket,Apparel,2,74.99,149.98
INV101703,10727.0,2023-05-18 18:49:31,Wireless Earbuds,Electronics,1,59.99,59.99
INV101704,10128.0,2023-05-18 20:46:02,Yoga Mat,Fitness,2,24.99,49.98
INV101705,10736.0,2023-05-18 22:42:32,Yoga Mat,Fitness,1,24.99,24.99
INV101706,10721.0,2023-05-19 00:39:02,Leather Wallet,Accessories,3,29.99,89.97
INV101707,10882.0,2023-05-19 02:35:33,Stainless Steel Bottle,Fitness,8,19.99,159.92
INV101708,10115.0,2023-05-19 04:32:03,Wireless Earbuds,Electronics,1,59.99,59.99
INV101709,10209.0,2023-05-19 06:28:33,Wireless Earbuds,Electronics,1,59.99,59.99
INV101710,10526.0,2023-05-19 08:25:04,Yoga Mat,Fitness,1,24.99,24.99
INV101711,10521.0,2023-05-19 10:21:34,Sunglasses,Accessories,1,35.0,35.0
INV101712,10552.0,2023-05-19 12:18:05,Wireless Earbuds,Electronics,4,59.99,239.96
INV101713,10237.0,2023-05-19 14:14:35,Yoga Mat,Fitness,1,24.99,24.99
INV101714,10281.0,2023-05-19 16:11:05,Wireless Earbuds,Electronics,1,59.99,59.99
INV101715,10359.0,2023-05-19 18:07:36,Yoga Mat,Fitness,3,24.99,74.97
INV101716,10201.0,2023-05-19 20:04:06,Leather Wallet,Accessories,4,29.99,119.96
INV101717,10758.0,2023-05-19 22:00:36,Stainless Steel Bottle,Fitness,2,19.99,39.98
INV101718,10278.0,2023-05-19 23:57:07,Yoga Mat,Fitness,2,24.99,49.98
INV101719,10235.0,2023-05-20 01:53:37,Wireless Earbuds,Electronics,2,59.99,119.98
INV101720,10494.0,2023-05-20 03:50:07,Denim Jacket,Apparel,5,74.99,374.95
INV101721,10004.0,2023-05-20 05:46:38,Stainless Steel Bottle,Fitness,2,19.99,39.98
INV101722,10666.0,2023-05-20 07:43:08,Leather Wallet,Accessories,2,29.99,59.98
INV101723,10442.0,2023-05-20 09:39:38,Yoga Mat,Fitness,1,24.99,24.99
INV101724,10029.0,2023-05-20 11:36:09,Denim Jacket,Apparel,1,74.99,74.99
INV101725,10109.0,2023-05-20 13:32:39,Yoga Mat,Fitness,2,24.99,49.98
INV101726,10610.0,2023-05-20 15:29:09,Sunglasses,Accessories,4,35.0,140.0
INV101727,10727.0,2023-05-20 17:25:40,Wireless Earbuds,Electronics,3,59.99,179.97
INV101728,10805.0,2023-05-20 19:22:10,Bluetooth Speaker,Electronics,8,45.0,360.0
INV101729,10075.0,2023-05-20 21:18:41,Backpack,Accessories,2,49.99,99.98
INV101730,10838.0,2023-05-20 23:15:11,Smart Watch,Electronics,3,129.99,389.97
INV101731,10146.0,2023-05-21 01:11:41,Sunglasses,Accessories,3,35.0,105.0
INV101732,10128.0,2023-05-21 03:08:12,Denim Jacket,Apparel,2,74.99,149.98
INV101733,10853.0,2023-05-21 05:04:42,Sunglasses,Accessories,1,35.0,35.0
INV101734,10042.0,2023-05-21 07:01:12,Running Shoes,Footwear,1,89.99,89.99
INV101735,10356.0,2023-05-21 08:57:43,Yoga Mat,Fitness,3,24.99,74.97
INV101736,10041.0,2023-05-21 10:54:13,Yoga Mat,Fitness,1,24.99,24.99
INV101737,10934.0,2023-05-21 12:50:43,Smart Watch,Electronics,4,129.99,519.96
INV101738,10034.0,2023-05-21 14:47:14,Smart Watch,Electronics,1,129.99,129.99
INV101739,10017.0,2023-05-21 16:43:44,Running Shoes,Footwear,2,89.99,179.98
INV101740,10677.0,2023-05-21 18:40:14,Wireless Earbuds,Electronics,2,59.99,119.98
INV101741,10153.0,2023-05-21 20:36:45,Backpack,Accessories,2,49.99,99.98
INV101742,10378.0,2023-05-21 22:33:15,Bluetooth Speaker,Electronics,1,45.0,45.0
INV101743,10588.0,2023-05-22 00:29:45,Bluetooth Speaker,Electronics,4,45.0,180.0
INV101744,10599.0,2023-05-22 02:26:16,Leather Wallet,Accessories,2,29.99,59.98
INV101745,10629.0,2023-05-22 04:22:46,Leather Wallet,Accessories,1,29.99,29.99
INV101746,10874.0,2023-05-22 06:19:17,Wireless Earbuds,Electronics,2,59.99,119.98
INV101747,10342.0,2023-05-22 08:15:47,Leather Wallet,Accessories,1,29.99,29.99
INV101748,10027.0,2023-05-22 10:12:17,Leather Wallet,Accessories,1,29.99,29.99
INV101749,10825.0,2023-05-22 12:08:48,Running Shoes,Footwear,1,89.99,89.99
INV101750,10287.0,2023-05-22 14:05:18,Running Shoes,Footwear,3,89.99,269.96999999999997
INV101751,10646.0,2023-05-22 16:01:48,Leather Wallet,Accessories,2,29.99,59.98
INV101752,10731.0,2023-05-22 17:58:19,Sunglasses,Accessories,2,35.0,70.0
INV101753,10168.0,2023-05-22 19:54:49,Stainless Steel Bottle,Fitness,1,19.99,19.99
INV101754,10610.0,2023-05-22 21:51:19,Stainless Steel Bottle,Fitness,1,19.99,19.99
INV101755,10268.0,2023-05-22 23:47:50,Wireless Earbuds,Electronics,5,59.99,299.95
INV101756,10749.0,2023-05-23 01:44:20,Bluetooth Speaker,Electronics,2,45.0,90.0
INV101757,10821.0,2023-05-23 03:40:50,Smart Watch,Electronics,4,129.99,519.96
INV101758,10455.0,2023-05-23 05:37:21,Wireless Earbuds,Electronics,1,59.99,59.99
INV101759,10906.0,2023-05-23 07:33:51,Leather Wallet,Accessories,1,29.99,29.99
INV101760,10685.0,2023-05-23 09:30:22,Running Shoes,Footwear,3,89.99,269.96999999999997
INV101761,10401.0,2023-05-23 11:26:52,Yoga Mat,Fitness,2,24.99,49.98
INV101762,10922.0,2023-05-23 13:23:22,Sunglasses,Accessories,1,35.0,35.0
INV101763,10476.0,2023-05-23 15:19:53,Denim Jacket,Apparel,1,74.99,74.99
INV101764,10702.0,2023-05-23 17:16:23,Running Shoes,Footwear,3,89.99,269.96999999999997
INV101765,10634.0,2023-05-23 19:12:53,Stainless Steel Bottle,Fitness,1,19.99,19.99
INV101766,10558.0,2023-05-23 21:09:24,Running Shoes,Footwear,2,89.99,179.98
INV101767,10576.0,2023-05-23 23:05:54,Sunglasses,Accessories,1,35.0,35.0
INV101768,10130.0,2023-05-24 01:02:24,Smart Watch,Electronics,1,129.99,129.99
INV101769,10822.0,2023-05-24 02:58:55,Leather Wallet,Accessories,10,29.99,299.9
INV101770,10363.0,2023-05-24 04:55:25,Yoga Mat,Fitness,1,24.99,24.99
INV101771,10705.0,2023-05-24 06:51:55,Stainless Steel Bottle,Fitness,2,19.99,39.98
INV101772,10819.0,2023-05-24 08:48:26,Stainless Steel Bottle,Fitness,3,19.99,59.97
INV101773,10693.0,2023-05-24 10:44:56,Backpack,Accessories,1,49.99,49.99
INV101774,10292.0,2023-05-24 12:41:26,Bluetooth Speaker,Electronics,1,45.0,45.0
INV101775,10371.0,2023-05-24 14:37:57,Smart Watch,Electronics,2,129.99,259.98
INV101776,10794.0,2023-05-24 16:34:27,Stainless Steel Bottle,Fitness,1,19.99,19.99
INV101777,10029.0,2023-05-24 18:30:58,Bluetooth Speaker,Electronics,1,45.0,45.0
INV101778,10149.0,2023-05-24 20:27:28,Stainless Steel Bottle,Fitness,1,19.99,19.99
INV101779,10779.0,2023-05-24 22:23:58,Leather Wallet,Accessories,2,29.99,59.98
INV101780,10296.0,2023-05-25 00:20:29,Bluetooth Speaker,Electronics,2,45.0,90.0
INV101781,10011.0,2023-05-25 02:16:59,Sunglasses,Accessories,2,35.0,70.0
INV101782,10512.0,2023-05-25 04:13:29,Backpack,Accessories,1,49.99,49.99
INV101783,10676.0,2023-05-25 06:10:00,Leather Wallet,Accessories,2,29.99,59.98
INV101784,10113.0,2023-05-25 08:06:30,Sunglasses,Accessories,5,35.0,175.0
INV101785,10187.0,2023-05-25 10:03:00,Yoga Mat,Fitness,2,24.99,49.98
INV101786,10807.0,2023-05-25 11:59:31,Smart Watch,Electronics,2,129.99,259.98
INV101787,10744.0,2023-05-25 13:56:01,Smart Watch,Electronics,2,129.99,259.98
INV101788,10227.0,2023-05-25 15:52:31,Denim Jacket,Apparel,3,74.99,224.96999999999997
INV101789,10310.0,2023-05-25 17:49:02,Denim Jacket,Apparel,4,74.99,299.96
INV101790,10098.0,2023-05-25 19:45:32,Bluetooth Speaker,Electronics,1,45.0,45.0
INV101791,10055.0,2023-05-25 21:42:02,Smart Watch,Electronics,1,129.99,129.99
INV101792,10623.0,2023-05-25 23:38:33,Bluetooth Speaker,Electronics,1,45.0,45.0
INV101793,10664.0,2023-05-26 01:35:03,Denim Jacket,Apparel,1,74.99,74.99
INV101794,10758.0,2023-05-26 03:31:34,Yoga Mat,Fitness,1,24.99,24.99
INV101795,10406.0,2023-05-26 05:28:04,Stainless Steel Bottle,Fitness,3,19.99,59.97
INV101796,10069.0,2023-05-26 07:24:34,Sunglasses,Accessories,1,35.0,35.0
INV101797,10312.0,2023-05-26 09:21:05,Running Shoes,Footwear,2,89.99,179.98
INV101798,10289.0,2023-05-26 11:17:35,Bluetooth Speaker,Electronics,2,45.0,90.0
INV101799,10762.0,2023-05-26 13:14:05,Yoga Mat,Fitness,1,24.99,24.99
INV101800,10548.0,2023-05-26 15:10:36,Sunglasses,Accessories,4,35.0,140.0
INV101801,10751.0,2023-05-26 17:07:06,Smart Watch,Electronics,3,129.99,389.97
INV101802,10148.0,2023-05-26 19:03:36,Stainless Steel Bottle,Fitness,1,19.99,19.99
INV101803,10467.0,2023-05-26 21:00:07,Sunglasses,Accessories,1,35.0,35.0
INV101804,10739.0,2023-05-26 22:56:37,Backpack,Accessories,1,49.99,49.99
INV101805,10244.0,2023-05-27 00:53:07,Denim Jacket,Apparel,2,74.99,149.98
INV101806,10491.0,2023-05-27 02:49:38,Sunglasses,Accessories,1,35.0,35.0
INV101807,10849.0,2023-05-27 04:46:08,Running Shoes,Footwear,2,89.99,179.98
INV101808,10507.0,2023-05-27 06:42:38,Yoga Mat,Fitness,3,24.99,74.97
INV101809,10365.0,2023-05-27 08:39:09,Stainless Steel Bottle,Fitness,1,19.99,19.99
INV101810,10482.0,2023-05-27 10:35:39,Leather Wallet,Accessories,3,29.99,89.97
INV101811,10201.0,2023-05-27 12:32:10,Sunglasses,Accessories,1,35.0,35.0
INV101812,10154.0,2023-05-27 14:28:40,Wireless Earbuds,Electronics,4,59.99,239.96
INV101813,10450.0,2023-05-27 16:25:10,Running Shoes,Footwear,1,89.99,89.99
INV101814,10501.0,2023-05-27 18:21:41,Running Shoes,Footwear,2,89.99,179.98
INV101815,10073.0,2023-05-27 20:18:11,Wireless Earbuds,Electronics,1,59.99,59.99
INV101816,10713.0,2023-05-27 22:14:41,Backpack,Accessories,3,49.99,149.97
INV101817,10296.0,2023-05-28 00:11:12,Leather Wallet,Accessories,2,29.99,59.98
INV101818,10017.0,2023-05-28 02:07:42,Denim Jacket,Apparel,1,74.99,74.99
INV101819,10641.0,2023-05-28 04:04:12,Yoga Mat,Fitness,2,24.99,49.98
INV101820,10217.0,2023-05-28 06:00:43,Stainless Steel Bottle,Fitness,1,19.99,19.99
INV101821,10061.0,2023-05-28 07:57:13,Yoga Mat,Fitness,2,24.99,49.98
INV101822,10939.0,2023-05-28 09:53:43,Leather Wallet,Accessories,4,29.99,119.96
INV101823,10616.0,2023-05-28 11:50:14,Yoga Mat,Fitness,1,24.99,24.99
INV101824,10042.0,2023-05-28 13:46:44,Wireless Earbuds,Electronics,1,59.99,59.99
INV101825,10025.0,2023-05-28 15:43:14,Running Shoes,Footwear,1,89.99,89.99
INV101826,10039.0,2023-05-28 17:39:45,Yoga Mat,Fitness,2,24.99,49.98
INV101827,10803.0,2023-05-28 19:36:15,Bluetooth Speaker,Electronics,1,45.0,45.0
INV101828,10131.0,2023-05-28 21:32:46,Sunglasses,Accessories,1,35.0,35.0
INV101829,10498.0,2023-05-28 23:29:16,Leather Wallet,Accessories,1,29.99,29.99
INV101830,10229.0,2023-05-29 01:25:46,Backpack,Accessories,1,49.99,49.99
INV101831,10108.0,2023-05-29 03:22:17,Bluetooth Speaker,Electronics,8,45.0,360.0
INV101832,10172.0,2023-05-29 05:18:47,Wireless Earbuds,Electronics,1,59.99,59.99
INV101833,10435.0,2023-05-29 07:15:17,Smart Watch,Electronics,2,129.99,259.98
INV101834,10478.0,2023-05-29 09:11:48,Wireless Earbuds,Electronics,3,59.99,179.97
INV101835,10102.0,2023-05-29 11:08:18,Backpack,Accessories,2,49.99,99.98
INV101836,10866.0,2023-05-29 13:04:48,Backpack,Accessories,1,49.99,49.99
INV101837,10524.0,2023-05-29 15:01:19,Bluetooth Speaker,Electronics,2,45.0,90.0
INV101838,10275.0,2023-05-29 16:57:49,Sunglasses,Accessories,4,35.0,140.0
INV101839,10613.0,2023-05-29 18:54:19,Leather Wallet,Accessories,1,29.99,29.99
INV101840,10044.0,2023-05-29 20:50:50,Denim Jacket,Apparel,1,74.99,74.99
INV101841,10817.0,2023-05-29 22:47:20,Running Shoes,Footwear,1,89.99,89.99
INV101842,10017.0,2023-05-30 00:43:50,Bluetooth Speaker,Electronics,1,45.0,45.0
INV101843,10330.0,2023-05-30 02:40:21,Backpack,Accessories,1,49.99,49.99
INV101844,10569.0,2023-05-30 04:36:51,Smart Watch,Electronics,2,129.99,259.98
INV101845,10823.0,2023-05-30 06:33:22,Stainless Steel Bottle,Fitness,1,19.99,19.99
INV101846,10497.0,2023-05-30 08:29:52,Backpack,Accessories,2,49.99,99.98
INV101847,10815.0,2023-05-30 10:26:22,Sunglasses,Accessories,2,35.0,70.0
INV101848,10012.0,2023-05-30 12:22:53,Sunglasses,Accessories,1,35.0,35.0
INV101849,10318.0,2023-05-30 14:19:23,Backpack,Accessories,2,49.99,99.98
INV101850,10592.0,2023-05-30 16:15:53,Sunglasses,Accessories,1,35.0,35.0
INV101851,10216.0,2023-05-30 18:12:24,Bluetooth Speaker,Electronics,5,45.0,225.0
INV101852,10339.0,2023-05-30 20:08:54,Backpack,Accessories,1,49.99,49.99
INV101853,10776.0,2023-05-30 22:05:24,Backpack,Accessories,2,49.99,99.98
INV101854,10661.0,2023-05-31 00:01:55,Leather Wallet,Accessories,3,29.99,89.97
INV101855,10081.0,2023-05-31 01:58:25,Running Shoes,Footwear,1,89.99,89.99
INV101856,10727.0,2023-05-31 03:54:55,Smart Watch,Electronics,1,129.99,129.99
INV101857,10485.0,2023-05-31 05:51:26,Sunglasses,Accessories,2,35.0,70.0
INV101858,10374.0,2023-05-31 07:47:56,Leather Wallet,Accessories,1,29.99,29.99
INV101859,10710.0,2023-05-31 09:44:26,Denim Jacket,Apparel,4,74.99,299.96
INV101860,10200.0,2023-05-31 11:40:57,Denim Jacket,Apparel,8,74.99,599.92
INV101861,10537.0,2023-05-31 13:37:27,Yoga Mat,Fitness,1,24.99,24.99
INV101862,10466.0,2023-05-31 15:33:58,Bluetooth Speaker,Electronics,1,45.0,45.0
INV101863,10089.0,2023-05-31 17:30:28,Bluetooth Speaker,Electronics,1,45.0,45.0
INV101864,10268.0,2023-05-31 19:26:58,Wireless Earbuds,Electronics,1,59.99,59.99
INV101865,10655.0,2023-05-31 21:23:29,Smart Watch,Electronics,3,129.99,389.97
INV101866,10571.0,2023-05-31 23:19:59,Backpack,Accessories,3,49.99,149.97
INV101867,10922.0,2023-06-01 01:16:29,Sunglasses,Accessories,1,35.0,35.0
INV101868,10489.0,2023-06-01 03:13:00,Smart Watch,Electronics,1,129.99,129.99
INV101869,10877.0,2023-06-01 05:09:30,Yoga Mat,Fitness,1,24.99,24.99
INV101870,10538.0,2023-06-01 07:06:00,Wireless Earbuds,Electronics,1,59.99,59.99
INV101871,10047.0,2023-06-01 09:02:31,Leather Wallet,Accessories,3,29.99,89.97
INV101872,10288.0,2023-06-01 10:59:01,Smart Watch,Electronics,1,129.99,129.99
INV101873,10778.0,2023-06-01 12:55:31,Leather Wallet,Accessories,3,29.99,89.97
INV101874,10016.0,2023-06-01 14:52:02,Denim Jacket,Apparel,2,74.99,149.98
INV101875,10711.0,2023-06-01 16:48:32,Sunglasses,Accessories,2,35.0,70.0
INV101876,10401.0,2023-06-01 18:45:03,Yoga Mat,Fitness,1,24.99,24.99
INV101877,10919.0,2023-06-01 20:41:33,Backpack,Accessories,2,49.99,99.98
INV101878,10794.0,2023-06-01 22:38:03,Sunglasses,Accessories,2,35.0,70.0
INV101879,10086.0,2023-06-02 00:34:34,Running Shoes,Footwear,3,89.99,269.96999999999997
INV101880,10250.0,2023-06-02 02:31:04,Bluetooth Speaker,Electronics,1,45.0,45.0
INV101881,10391.0,2023-06-02 04:27:34,Yoga Mat,Fitness,1,24.99,24.99
INV101882,10782.0,2023-06-02 06:24:05,Smart Watch,Electronics,2,129.99,259.98
INV101883,10335.0,2023-06-02 08:20:35,Sunglasses,Accessories,1,35.0,35.0
INV101884,10629.0,2023-06-02 10:17:05,Stainless Steel Bottle,Fitness,1,19.99,19.99
INV101885,10519.0,2023-06-02 12:13:36,Bluetooth Speaker,Electronics,5,45.0,225.0
INV101886,10137.0,2023-06-02 14:10:06,Bluetooth Speaker,Electronics,1,45.0,45.0
INV101887,10883.0,2023-06-02 16:06:36,Stainless Steel Bottle,Fitness,1,19.99,19.99
INV101888,10688.0,2023-06-02 18:03:07,Wireless Earbuds,Electronics,1,59.99,59.99
INV101889,10840.0,2023-06-02 19:59:37,Wireless Earbuds,Electronics,2,59.99,119.98
INV101890,10498.0,2023-06-02 21:56:07,Stainless Steel Bottle,Fitness,1,19.99,19.99
INV101891,10827.0,2023-06-02 23:52:38,Running Shoes,Footwear,2,89.99,179.98
INV101892,10727.0,2023-06-03 01:49:08,Denim Jacket,Apparel,1,74.99,74.99
INV101893,10477.0,2023-06-03 03:45:39,Stainless Steel Bottle,Fitness,1,19.99,19.99
INV101894,10594.0,2023-06-03 05:42:09,Denim Jacket,Apparel,2,74.99,149.98
INV101895,10223.0,2023-06-03 07:38:39,Sunglasses,Accessories,1,35.0,35.0
INV101896,10372.0,2023-06-03 09:35:10,Running Shoes,Footwear,5,89.99,449.95
INV101897,10935.0,2023-06-03 11:31:40,Yoga Mat,Fitness,1,24.99,24.99
INV101898,10402.0,2023-06-03 13:28:10,Denim Jacket,Apparel,1,74.99,74.99
INV101899,10443.0,2023-06-03 15:24:41,Bluetooth Speaker,Electronics,1,45.0,45.0
INV101900,10490.0,2023-06-03 17:21:11,Sunglasses,Accessories,1,35.0,35.0
INV101901,10615.0,2023-06-03 19:17:41,Bluetooth Speaker,Electronics,10,45.0,450.0
INV101902,10273.0,2023-06-03 21:14:12,Running Shoes,Footwear,4,89.99,359.96
INV101903,10526.0,2023-06-03 23:10:42,Denim Jacket,Apparel,1,74.99,74.99
INV101904,10159.0,2023-06-04 01:07:12,Leather Wallet,Accessories,2,29.99,59.98
INV101905,10152.0,2023-06-04 03:03:43,Running Shoes,Footwear,2,89.99,179.98
INV101906,10620.0,2023-06-04 05:00:13,Running Shoes,Footwear,1,89.99,89.99
INV101907,10188.0,2023-06-04 06:56:43,Leather Wallet,Accessories,1,29.99,29.99
INV101908,10813.0,2023-06-04 08:53:14,Sunglasses,Accessories,4,35.0,140.0
INV101909,10098.0,2023-06-04 10:49:44,Denim Jacket,Apparel,5,74.99,374.95
INV101910,10131.0,2023-06-04 12:46:15,Denim Jacket,Apparel,10,74.99,749.9
INV101911,10805.0,2023-06-04 14:42:45,Bluetooth Speaker,Electronics,3,45.0,135.0
INV101912,10171.0,2023-06-04 16:39:15,Running Shoes,Footwear,2,89.99,179.98
INV101913,10936.0,2023-06-04 18:35:46,Running Shoes,Footwear,1,89.99,89.99
INV101914,10183.0,2023-06-04 20:32:16,Backpack,Accessories,1,49.99,49.99
INV101915,10364.0,2023-06-04 22:28:46,Yoga Mat,Fitness,1,24.99,24.99
INV101916,10039.0,2023-06-05 00:25:17,Running Shoes,Footwear,2,89.99,179.98
INV101917,10527.0,2023-06-05 02:21:47,Smart Watch,Electronics,3,129.99,389.97
INV101918,10888.0,2023-06-05 04:18:17,Yoga Mat,Fitness,3,24.99,74.97
INV101919,10497.0,2023-06-05 06:14:48,Smart Watch,Electronics,4,129.99,519.96
INV101920,10516.0,2023-06-05 08:11:18,Denim Jacket,Apparel,4,74.99,299.96
INV101921,10349.0,2023-06-05 10:07:48,Yoga Mat,Fitness,10,24.99,249.89999999999998
INV101922,10921.0,2023-06-05 12:04:19,Running Shoes,Footwear,1,89.99,89.99
INV101923,10397.0,2023-06-05 14:00:49,Leather Wallet,Accessories,3,29.99,89.97
INV101924,10722.0,2023-06-05 15:57:19,Bluetooth Speaker,Electronics,2,45.0,90.0
INV101925,10161.0,2023-06-05 17:53:50,Smart Watch,Electronics,1,129.99,129.99
INV101926,10016.0,2023-06-05 19:50:20,Yoga Mat,Fitness,8,24.99,199.92
INV101927,10493.0,2023-06-05 21:46:51,Running Shoes,Footwear,4,89.99,359.96
INV101928,10426.0,2023-06-05 23:43:21,Yoga Mat,Fitness,1,24.99,24.99
INV101929,10108.0,2023-06-06 01:39:51,Running Shoes,Footwear,1,89.99,89.99
INV101930,10894.0,2023-06-06 03:36:22,Running Shoes,Footwear,2,89.99,179.98
INV101931,10450.0,2023-06-06 05:32:52,Running Shoes,Footwear,2,89.99,179.98
INV101932,10311.0,2023-06-06 07:29:22,Backpack,Accessories,4,49.99,199.96
INV101933,10739.0,2023-06-06 09:25:53,Bluetooth Speaker,Electronics,1,45.0,45.0
INV101934,10170.0,2023-06-06 11:22:23,Leather Wallet,Accessories,1,29.99,29.99
INV101935,10546.0,2023-06-06 13:18:53,Leather Wallet,Accessories,1,29.99,29.99
INV101936,10414.0,2023-06-06 15:15:24,Yoga Mat,Fitness,1,24.99,24.99
INV101937,10251.0,2023-06-06 17:11:54,Yoga Mat,Fitness,1,24.99,24.99
INV101938,10759.0,2023-06-06 19:08:24,Running Shoes,Footwear,4,89.99,359.96
INV101939,10781.0,2023-06-06 21:04:55,Backpack,Accessories,1,49.99,49.99
INV101940,10141.0,2023-06-06 23:01:25,Running Shoes,Footwear,1,89.99,89.99
INV101941,10274.0,2023-06-07 00:57:55,Backpack,Accessories,1,49.99,49.99
INV101942,10416.0,2023-06-07 02:54:26,Running Shoes,Footwear,1,89.99,89.99
INV101943,10608.0,2023-06-07 04:50:56,Smart Watch,Electronics,3,129.99,389.97
INV101944,10739.0,2023-06-07 06:47:27,Smart Watch,Electronics,2,129.99,259.98
INV101945,10891.0,2023-06-07 08:43:57,Denim Jacket,Apparel,3,74.99,224.96999999999997
INV101946,10039.0,2023-06-07 10:40:27,Running Shoes,Footwear,1,89.99,89.99
INV101947,10814.0,2023-06-07 12:36:58,Bluetooth Speaker,Electronics,1,45.0,45.0
INV101948,10029.0,2023-06-07 14:33:28,Denim Jacket,Apparel,1,74.99,74.99
INV101949,10477.0,2023-06-07 16:29:58,Yoga Mat,Fitness,1,24.99,24.99
INV101950,10318.0,2023-06-07 18:26:29,Sunglasses,Accessories,3,35.0,105.0
INV101951,10245.0,2023-06-07 20:22:59,Running Shoes,Footwear,1,89.99,89.99
INV101952,10748.0,2023-06-07 22:19:29,Smart Watch,Electronics,2,129.99,259.98
INV101953,10697.0,2023-06-08 00:16:00,Sunglasses,Accessories,1,35.0,35.0
INV101954,10272.0,2023-06-08 02:12:30,Backpack,Accessories,2,49.99,99.98
INV101955,10440.0,2023-06-08 04:09:00,Sunglasses,Accessories,4,35.0,140.0
INV101956,10748.0,2023-06-08 06:05:31,Bluetooth Speaker,Electronics,2,45.0,90.0
INV101957,10239.0,2023-06-08 08:02:01,Running Shoes,Footwear,2,89.99,179.98
INV101958,10377.0,2023-06-08 09:58:31,Leather Wallet,Accessories,5,29.99,149.95
INV101959,10266.0,2023-06-08 11:55:02,Sunglasses,Accessories,2,35.0,70.0
INV101960,10926.0,2023-06-08 13:51:32,Leather Wallet,Accessories,1,29.99,29.99
INV101961,10921.0,2023-06-08 15:48:03,Backpack,Accessories,1,49.99,49.99
INV101962,10359.0,2023-06-08 17:44:33,Denim Jacket,Apparel,2,74.99,149.98
INV101963,10340.0,2023-06-08 19:41:03,Leather Wallet,Accessories,2,29.99,59.98
INV101964,10389.0,2023-06-08 21:37:34,Denim Jacket,Apparel,1,74.99,74.99
INV101965,10577.0,2023-06-08 23:34:04,Smart Watch,Electronics,1,129.99,129.99
INV101966,10689.0,2023-06-09 01:30:34,Running Shoes,Footwear,10,89.99,899.9
INV101967,10003.0,2023-06-09 03:27:05,Sunglasses,Accessories,1,35.0,35.0
INV101968,10429.0,2023-06-09 05:23:35,Smart Watch,Electronics,1,129.99,129.99
INV101969,10142.0,2023-06-09 07:20:05,Smart Watch,Electronics,1,129.99,129.99
INV101970,10376.0,2023-06-09 09:16:36,Stainless Steel Bottle,Fitness,3,19.99,59.97
INV101971,10670.0,2023-06-09 11:13:06,Wireless Earbuds,Electronics,1,59.99,59.99
INV101972,10324.0,2023-06-09 13:09:36,Bluetooth Speaker,Electronics,2,45.0,90.0
INV101973,10146.0,2023-06-09 15:06:07,Denim Jacket,Apparel,1,74.99,74.99
INV101974,10293.0,2023-06-09 17:02:37,Stainless Steel Bottle,Fitness,2,19.99,39.98
INV101975,10665.0,2023-06-09 18:59:07,Wireless Earbuds,Electronics,3,59.99,179.97
INV101976,10432.0,2023-06-09 20:55:38,Bluetooth Speaker,Electronics,1,45.0,45.0
INV101977,10705.0,2023-06-09 22:52:08,Denim Jacket,Apparel,2,74.99,149.98
INV101978,10949.0,2023-06-10 00:48:39,Running Shoes,Footwear,1,89.99,89.99
INV101979,10585.0,2023-06-10 02:45:09,Bluetooth Speaker,Electronics,1,45.0,45.0
INV101980,10399.0,2023-06-10 04:41:39,Sunglasses,Accessories,3,35.0,105.0
INV101981,10817.0,2023-06-10 06:38:10,Smart Watch,Electronics,1,129.99,129.99
INV101982,10889.0,2023-06-10 08:34:40,Wireless Earbuds,Electronics,2,59.99,119.98
INV101983,10344.0,2023-06-10 10:31:10,Wireless Earbuds,Electronics,1,59.99,59.99
INV101984,10140.0,2023-06-10 12:27:41,Wireless Earbuds,Electronics,1,59.99,59.99
INV101985,10187.0,2023-06-10 14:24:11,Denim Jacket,Apparel,1,74.99,74.99
INV101986,10805.0,2023-06-10 16:20:41,Sunglasses,Accessories,2,35.0,70.0
INV101987,10061.0,2023-06-10 18:17:12,Bluetooth Speaker,Electronics,1,45.0,45.0
INV101988,10939.0,2023-06-10 20:13:42,Smart Watch,Electronics,2,129.99,259.98
INV101989,10380.0,2023-06-10 22:10:12,Sunglasses,Accessories,1,35.0,35.0
INV101990,10710.0,2023-06-11 00:06:43,Stainless Steel Bottle,Fitness,1,19.99,19.99
INV101991,10807.0,2023-06-11 02:03:13,Running Shoes,Footwear,3,89.99,269.96999999999997
INV101992,10440.0,2023-06-11 03:59:43,Leather Wallet,Accessories,3,29.99,89.97
INV101993,10319.0,2023-06-11 05:56:14,Sunglasses,Accessories,1,35.0,35.0
INV101994,10302.0,2023-06-11 07:52:44,Stainless Steel Bottle,Fitness,2,19.99,39.98
INV101995,10344.0,2023-06-11 09:49:15,Smart Watch,Electronics,1,129.99,129.99
INV101996,10011.0,2023-06-11 11:45:45,Leather Wallet,Accessories,3,29.99,89.97
INV101997,10062.0,2023-06-11 13:42:15,Leather Wallet,Accessories,4,29.99,119.96
INV101998,10845.0,2023-06-11 15:38:46,Sunglasses,Accessories,3,35.0,105.0
INV101999,10226.0,2023-06-11 17:35:16,Wireless Earbuds,Electronics,3,59.99,179.97
INV102000,10153.0,2023-06-11 19:31:46,Yoga Mat,Fitness,1,24.99,24.99
INV102001,10711.0,2023-06-11 21:28:17,Smart Watch,Electronics,3,129.99,389.97
INV102002,10564.0,2023-06-11 23:24:47,Wireless Earbuds,Electronics,2,59.99,119.98
INV102003,10772.0,2023-06-12 01:21:17,Smart Watch,Electronics,1,129.99,129.99
INV102004,10571.0,2023-06-12 03:17:48,Yoga Mat,Fitness,1,24.99,24.99
INV102005,10584.0,2023-06-12 05:14:18,Running Shoes,Footwear,5,89.99,449.95
INV102006,10660.0,2023-06-12 07:10:48,Yoga Mat,Fitness,4,24.99,99.96
INV102007,10861.0,2023-06-12 09:07:19,Backpack,Accessories,1,49.99,49.99
INV102008,10575.0,2023-06-12 11:03:49,Sunglasses,Accessories,2,35.0,70.0
INV102009,10310.0,2023-06-12 13:00:20,Sunglasses,Accessories,3,35.0,105.0
INV102010,10885.0,2023-06-12 14:56:50,Stainless Steel Bottle,Fitness,1,19.99,19.99
INV102011,10243.0,2023-06-12 16:53:20,Wireless Earbuds,Electronics,1,59.99,59.99
INV102012,10493.0,2023-06-12 18:49:51,Stainless Steel Bottle,Fitness,2,19.99,39.98
INV102013,10366.0,2023-06-12 20:46:21,Backpack,Accessories,1,49.99,49.99
INV102014,10330.0,2023-06-12 22:42:51,Yoga Mat,Fitness,1,24.99,24.99
INV102015,10107.0,2023-06-13 00:39:22,Sunglasses,Accessories,2,35.0,70.0
INV102016,10226.0,2023-06-13 02:35:52,Denim Jacket,Apparel,4,74.99,299.96
INV102017,10825.0,2023-06-13 04:32:22,Yoga Mat,Fitness,2,24.99,49.98
INV102018,10218.0,2023-06-13 06:28:53,Yoga Mat,Fitness,3,24.99,74.97
INV102019,10937.0,2023-06-13 08:25:23,Backpack,Accessories,1,49.99,49.99
INV102020,10753.0,2023-06-13 10:21:53,Running Shoes,Footwear,1,89.99,89.99
INV102021,10506.0,2023-06-13 12:18:24,Smart Watch,Electronics,2,129.99,259.98
INV102022,10259.0,2023-06-13 14:14:54,Backpack,Accessories,1,49.99,49.99
INV102023,10888.0,2023-06-13 16:11:24,Smart Watch,Electronics,3,129.99,389.97
INV102024,10774.0,2023-06-13 18:07:55,Sunglasses,Accessories,1,35.0,35.0
INV102025,10517.0,2023-06-13 20:04:25,Backpack,Accessories,1,49.99,49.99
INV102026,10773.0,2023-06-13 22:00:56,Smart Watch,Electronics,1,129.99,129.99
INV102027,10054.0,2023-06-13 23:57:26,Stainless Steel Bottle,Fitness,4,19.99,79.96
INV102028,10047.0,2023-06-14 01:53:56,Backpack,Accessories,1,49.99,49.99
INV102029,10727.0,2023-06-14 03:50:27,Sunglasses,Accessories,1,35.0,35.0
INV102030,10689.0,2023-06-14 05:46:57,Backpack,Accessories,1,49.99,49.99
INV102031,10521.0,2023-06-14 07:43:27,Sunglasses,Accessories,3,35.0,105.0
INV102032,10099.0,2023-06-14 09:39:58,Backpack,Accessories,1,49.99,49.99
INV102033,10020.0,2023-06-14 11:36:28,Smart Watch,Electronics,1,129.99,129.99
INV102034,10890.0,2023-06-14 13:32:58,Running Shoes,Footwear,1,89.99,89.99
INV102035,10753.0,2023-06-14 15:29:29,Bluetooth Speaker,Electronics,2,45.0,90.0
INV102036,10573.0,2023-06-14 17:25:59,Smart Watch,Electronics,1,129.99,129.99
INV102037,10891.0,2023-06-14 19:22:29,Wireless Earbuds,Electronics,1,59.99,59.99
INV102038,10490.0,2023-06-14 21:19:00,Leather Wallet,Accessories,1,29.99,29.99
INV102039,10419.0,2023-06-14 23:15:30,Running Shoes,Footwear,2,89.99,179.98
INV102040,10690.0,2023-06-15 01:12:00,Stainless Steel Bottle,Fitness,2,19.99,39.98
INV102041,10850.0,2023-06-15 03:08:31,Yoga Mat,Fitness,2,24.99,49.98
INV102042,10062.0,2023-06-15 05:05:01,Smart Watch,Electronics,4,129.99,519.96
INV102043,10145.0,2023-06-15 07:01:32,Backpack,Accessories,5,49.99,249.95000000000002
INV102044,10216.0,2023-06-15 08:58:02,Smart Watch,Electronics,1,129.99,129.99
INV102045,10003.0,2023-06-15 10:54:32,Denim Jacket,Apparel,3,74.99,224.96999999999997
INV102046,10160.0,2023-06-15 12:51:03,Running Shoes,Footwear,2,89.99,179.98
INV102047,10739.0,2023-06-15 14:47:33,Bluetooth Speaker,Electronics,4,45.0,180.0
INV102048,10781.0,2023-06-15 16:44:03,Stainless Steel Bottle,Fitness,1,19.99,19.99
INV102049,10120.0,2023-06-15 18:40:34,Denim Jacket,Apparel,2,74.99,149.98
INV102050,10893.0,2023-06-15 20:37:04,Sunglasses,Accessories,1,35.0,35.0
INV102051,10089.0,2023-06-15 22:33:34,Denim Jacket,Apparel,3,74.99,224.96999999999997
INV102052,10329.0,2023-06-16 00:30:05,Smart Watch,Electronics,1,129.99,129.99
INV102053,10580.0,2023-06-16 02:26:35,Stainless Steel Bottle,Fitness,1,19.99,19.99
INV102054,10910.0,2023-06-16 04:23:05,Smart Watch,Electronics,1,129.99,129.99
INV102055,10357.0,2023-06-16 06:19:36,Sunglasses,Accessories,1,35.0,35.0
INV102056,10610.0,2023-06-16 08:16:06,Yoga Mat,Fitness,2,24.99,49.98
INV102057,10267.0,2023-06-16 10:12:36,Stainless Steel Bottle,Fitness,1,19.99,19.99
INV102058,10617.0,2023-06-16 12:09:07,Yoga Mat,Fitness,1,24.99,24.99
INV102059,10323.0,2023-06-16 14:05:37,Running Shoes,Footwear,4,89.99,359.96
INV102060,10635.0,2023-06-16 16:02:08,Running Shoes,Footwear,1,89.99,89.99
INV102061,10541.0,2023-06-16 17:58:38,Yoga Mat,Fitness,2,24.99,49.98
INV102062,10649.0,2023-06-16 19:55:08,Running Shoes,Footwear,1,89.99,89.99
INV102063,10195.0,2023-06-16 21:51:39,Stainless Steel Bottle,Fitness,1,19.99,19.99
INV102064,10921.0,2023-06-16 23:48:09,Backpack,Accessories,3,49.99,149.97
INV102065,10738.0,2023-06-17 01:44:39,Wireless Earbuds,Electronics,3,59.99,179.97
INV102066,10332.0,2023-06-17 03:41:10,Running Shoes,Footwear,1,89.99,89.99
INV102067,10170.0,2023-06-17 05:37:40,Running Shoes,Footwear,5,89.99,449.95
INV102068,10521.0,2023-06-17 07:34:10,Smart Watch,Electronics,4,129.99,519.96
INV102069,10463.0,2023-06-17 09:30:41,Yoga Mat,Fitness,5,24.99,124.94999999999999
INV102070,10040.0,2023-06-17 11:27:11,Leather Wallet,Accessories,1,29.99,29.99
INV102071,10537.0,2023-06-17 13:23:41,Bluetooth Speaker,Electronics,1,45.0,45.0
INV102072,10261.0,2023-06-17 15:20:12,Denim Jacket,Apparel,2,74.99,149.98
INV102073,10395.0,2023-06-17 17:16:42,Running Shoes,Footwear,2,89.99,179.98
INV102074,10226.0,2023-06-17 19:13:12,Denim Jacket,Apparel,1,74.99,74.99
INV102075,10124.0,2023-06-17 21:09:43,Stainless Steel Bottle,Fitness,3,19.99,59.97
INV102076,10038.0,2023-06-17 23:06:13,Leather Wallet,Accessories,1,29.99,29.99
INV102077,10328.0,2023-06-18 01:02:44,Bluetooth Speaker,Electronics,1,45.0,45.0
INV102078,10251.0,2023-06-18 02:59:14,Yoga Mat,Fitness,1,24.99,24.99
INV102079,10901.0,2023-06-18 04:55:44,Wireless Earbuds,Electronics,2,59.99,119.98
INV102080,10176.0,2023-06-18 06:52:15,Bluetooth Speaker,Electronics,1,45.0,45.0
INV102081,10602.0,2023-06-18 08:48:45,Bluetooth Speaker,Electronics,3,45.0,135.0
INV102082,10914.0,2023-06-18 10:45:15,Wireless Earbuds,Electronics,2,59.99,119.98
INV102083,10454.0,2023-06-18 12:41:46,Backpack,Accessories,3,49.99,149.97
INV102084,10037.0,2023-06-18 14:38:16,Yoga Mat,Fitness,8,24.99,199.92
INV102085,10316.0,2023-06-18 16:34:46,Smart Watch,Electronics,2,129.99,259.98
INV102086,10688.0,2023-06-18 18:31:17,Denim Jacket,Apparel,8,74.99,599.92
INV102087,10796.0,2023-06-18 20:27:47,Running Shoes,Footwear,1,89.99,89.99
INV102088,10593.0,2023-06-18 22:24:17,Bluetooth Speaker,Electronics,1,45.0,45.0
INV102089,10114.0,2023-06-19 00:20:48,Stainless Steel Bottle,Fitness,1,19.99,19.99
INV102090,10040.0,2023-06-19 02:17:18,Wireless Earbuds,Electronics,1,59.99,59.99
INV102091,10301.0,2023-06-19 04:13:48,Denim Jacket,Apparel,3,74.99,224.96999999999997
INV102092,10224.0,2023-06-19 06:10:19,Leather Wallet,Accessories,1,29.99,29.99
INV102093,10318.0,2023-06-19 08:06:49,Wireless Earbuds,Electronics,2,59.99,119.98
INV102094,10349.0,2023-06-19 10:03:20,Leather Wallet,Accessories,2,29.99,59.98
INV102095,10115.0,2023-06-19 11:59:50,Yoga Mat,Fitness,2,24.99,49.98
INV102096,10698.0,2023-06-19 13:56:20,Bluetooth Speaker,Electronics,1,45.0,45.0
INV102097,10323.0,2023-06-19 15:52:51,Stainless Steel Bottle,Fitness,3,19.99,59.97
INV102098,10568.0,2023-06-19 17:49:21,Running Shoes,Footwear,1,89.99,89.99
INV102099,10040.0,2023-06-19 19:45:51,Leather Wallet,Accessories,1,29.99,29.99
INV102100,10866.0,2023-06-19 21:42:22,Denim Jacket,Apparel,2,74.99,149.98
INV102101,10040.0,2023-06-19 23:38:52,Backpack,Accessories,2,49.99,99.98
INV102102,10859.0,2023-06-20 01:35:22,Yoga Mat,Fitness,1,24.99,24.99
INV102103,10749.0,2023-06-20 03:31:53,Backpack,Accessories,4,49.99,199.96
INV102104,10289.0,2023-06-20 05:28:23,Yoga Mat,Fitness,1,24.99,24.99
INV102105,10262.0,2023-06-20 07:24:53,Smart Watch,Electronics,1,129.99,129.99
INV102106,10216.0,2023-06-20 09:21:24,Denim Jacket,Apparel,1,74.99,74.99
INV102107,10147.0,2023-06-20 11:17:54,Backpack,Accessories,2,49.99,99.98
INV102108,10336.0,2023-06-20 13:14:24,Stainless Steel Bottle,Fitness,2,19.99,39.98
INV102109,10168.0,2023-06-20 15:10:55,Bluetooth Speaker,Electronics,1,45.0,45.0
INV102110,10092.0,2023-06-20 17:07:25,Wireless Earbuds,Electronics,1,59.99,59.99
INV102111,10353.0,2023-06-20 19:03:56,Running Shoes,Footwear,3,89.99,269.96999999999997
INV102112,10571.0,2023-06-20 21:00:26,Bluetooth Speaker,Electronics,1,45.0,45.0
INV102113,10571.0,2023-06-20 22:56:56,Bluetooth Speaker,Electronics,1,45.0,45.0
INV102114,10816.0,2023-06-21 00:53:27,Yoga Mat,Fitness,2,24.99,49.98
INV102115,10681.0,2023-06-21 02:49:57,Stainless Steel Bottle,Fitness,1,19.99,19.99
INV102116,10781.0,2023-06-21 04:46:27,Yoga Mat,Fitness,4,24.99,99.96
INV102117,10363.0,2023-06-21 06:42:58,Sunglasses,Accessories,1,35.0,35.0
INV102118,10557.0,2023-06-21 08:39:28,Leather Wallet,Accessories,2,29.99,59.98
INV102119,10345.0,2023-06-21 10:35:58,Running Shoes,Footwear,1,89.99,89.99
INV102120,10693.0,2023-06-21 12:32:29,Leather Wallet,Accessories,3,29.99,89.97
INV102121,10170.0,2023-06-21 14:28:59,Wireless Earbuds,Electronics,1,59.99,59.99
INV102122,10356.0,2023-06-21 16:25:29,Sunglasses,Accessories,2,35.0,70.0
INV102123,10191.0,2023-06-21 18:22:00,Denim Jacket,Apparel,2,74.99,149.98
INV102124,10667.0,2023-06-21 20:18:30,Wireless Earbuds,Electronics,1,59.99,59.99
INV102125,10422.0,2023-06-21 22:15:01,Wireless Earbuds,Electronics,1,59.99,59.99
INV102126,10700.0,2023-06-22 00:11:31,Smart Watch,Electronics,2,129.99,259.98
INV102127,10007.0,2023-06-22 02:08:01,Running Shoes,Footwear,4,89.99,359.96
INV102128,10133.0,2023-06-22 04:04:32,Yoga Mat,Fitness,1,24.99,24.99
INV102129,10747.0,2023-06-22 06:01:02,Stainless Steel Bottle,Fitness,1,19.99,19.99
INV102130,10557.0,2023-06-22 07:57:32,Leather Wallet,Accessories,3,29.99,89.97
INV102131,10826.0,2023-06-22 09:54:03,Wireless Earbuds,Electronics,1,59.99,59.99
INV102132,10761.0,2023-06-22 11:50:33,Leather Wallet,Accessories,8,29.99,239.92
INV102133,10031.0,2023-06-22 13:47:03,Leather Wallet,Accessories,2,29.99,59.98
INV102134,10535.0,2023-06-22 15:43:34,Denim Jacket,Apparel,2,74.99,149.98
INV102135,10426.0,2023-06-22 17:40:04,Running Shoes,Footwear,1,89.99,89.99
INV102136,10394.0,2023-06-22 19:36:34,Running Shoes,Footwear,1,89.99,89.99
INV102137,10672.0,2023-06-22 21:33:05,Backpack,Accessories,2,49.99,99.98
INV102138,10363.0,2023-06-22 23:29:35,Bluetooth Speaker,Electronics,4,45.0,180.0
INV102139,10437.0,2023-06-23 01:26:05,Running Shoes,Footwear,8,89.99,719.92
INV102140,10670.0,2023-06-23 03:22:36,Leather Wallet,Accessories,1,29.99,29.99
INV102141,10551.0,2023-06-23 05:19:06,Yoga Mat,Fitness,1,24.99,24.99
INV102142,10927.0,2023-06-23 07:15:37,Leather Wallet,Accessories,1,29.99,29.99
INV102143,10082.0,2023-06-23 09:12:07,Yoga Mat,Fitness,3,24.99,74.97
INV102144,10356.0,2023-06-23 11:08:37,Backpack,Accessories,1,49.99,49.99
INV102145,10258.0,2023-06-23 13:05:08,Yoga Mat,Fitness,1,24.99,24.99
INV102146,10718.0,2023-06-23 15:01:38,Running Shoes,Footwear,1,89.99,89.99
INV102147,10589.0,2023-06-23 16:58:08,Denim Jacket,Apparel,1,74.99,74.99
INV102148,10524.0,2023-06-23 18:54:39,Yoga Mat,Fitness,10,24.99,249.89999999999998
INV102149,10295.0,2023-06-23 20:51:09,Leather Wallet,Accessories,2,29.99,59.98
INV102150,10224.0,2023-06-23 22:47:39,Stainless Steel Bottle,Fitness,1,19.99,19.99
INV102151,10525.0,2023-06-24 00:44:10,Running Shoes,Footwear,1,89.99,89.99
INV102152,10046.0,2023-06-24 02:40:40,Stainless Steel Bottle,Fitness,1,19.99,19.99
INV102153,10667.0,2023-06-24 04:37:10,Sunglasses,Accessories,1,35.0,35.0
INV102154,10113.0,2023-06-24 06:33:41,Sunglasses,Accessories,1,35.0,35.0
INV102155,10233.0,2023-06-24 08:30:11,Leather Wallet,Accessories,2,29.99,59.98
INV102156,10017.0,2023-06-24 10:26:41,Sunglasses,Accessories,1,35.0,35.0
INV102157,10360.0,2023-06-24 12:23:12,Bluetooth Speaker,Electronics,1,45.0,45.0
INV102158,10223.0,2023-06-24 14:19:42,Backpack,Accessories,1,49.99,49.99
INV102159,10866.0,2023-06-24 16:16:13,Running Shoes,Footwear,3,89.99,269.96999999999997
INV102160,10700.0,2023-06-24 18:12:43,Stainless Steel Bottle,Fitness,2,19.99,39.98
INV102161,10448.0,2023-06-24 20:09:13,Leather Wallet,Accessories,2,29.99,59.98
INV102162,10856.0,2023-06-24 22:05:44,Bluetooth Speaker,Electronics,2,45.0,90.0
INV102163,10365.0,2023-06-25 00:02:14,Leather Wallet,Accessories,2,29.99,59.98
INV102164,10675.0,2023-06-25 01:58:44,Bluetooth Speaker,Electronics,1,45.0,45.0
INV102165,10326.0,2023-06-25 03:55:15,Sunglasses,Accessories,4,35.0,140.0
INV102166,10467.0,2023-06-25 05:51:45,Sunglasses,Accessories,1,35.0,35.0
INV102167,10414.0,2023-06-25 07:48:15,Yoga Mat,Fitness,1,24.99,24.99
INV102168,10455.0,2023-06-25 09:44:46,Smart Watch,Electronics,3,129.99,389.97
INV102169,10586.0,2023-06-25 11:41:16,Leather Wallet,Accessories,1,29.99,29.99
INV102170,10233.0,2023-06-25 13:37:46,Yoga Mat,Fitness,5,24.99,124.94999999999999
INV102171,10224.0,2023-06-25 15:34:17,Running Shoes,Footwear,1,89.99,89.99
INV102172,10831.0,2023-06-25 17:30:47,Yoga Mat,Fitness,4,24.99,99.96
INV102173,10412.0,2023-06-25 19:27:17,Wireless Earbuds,Electronics,3,59.99,179.97
INV102174,10572.0,2023-06-25 21:23:48,Sunglasses,Accessories,8,35.0,280.0
INV102175,10335.0,2023-06-25 23:20:18,Wireless Earbuds,Electronics,4,59.99,239.96
INV102176,10222.0,2023-06-26 01:16:49,Leather Wallet,Accessories,4,29.99,119.96
INV102177,10037.0,2023-06-26 03:13:19,Stainless Steel Bottle,Fitness,2,19.99,39.98
INV102178,10278.0,2023-06-26 05:09:49,Stainless Steel Bottle,Fitness,1,19.99,19.99
INV102179,10196.0,2023-06-26 07:06:20,Running Shoes,Footwear,1,89.99,89.99
INV102180,10916.0,2023-06-26 09:02:50,Yoga Mat,Fitness,2,24.99,49.98
INV102181,10864.0,2023-06-26 10:59:20,Stainless Steel Bottle,Fitness,5,19.99,99.94999999999999
INV102182,10484.0,2023-06-26 12:55:51,Bluetooth Speaker,Electronics,2,45.0,90.0
INV102183,10242.0,2023-06-26 14:52:21,Bluetooth Speaker,Electronics,4,45.0,180.0
INV102184,10324.0,2023-06-26 16:48:51,Running Shoes,Footwear,3,89.99,269.96999999999997
INV102185,10731.0,2023-06-26 18:45:22,Backpack,Accessories,1,49.99,49.99
INV102186,10192.0,2023-06-26 20:41:52,Sunglasses,Accessories,1,35.0,35.0
INV102187,10017.0,2023-06-26 22:38:22,Yoga Mat,Fitness,1,24.99,24.99
INV102188,10524.0,2023-06-27 00:34:53,Leather Wallet,Accessories,1,29.99,29.99
INV102189,10918.0,2023-06-27 02:31:23,Denim Jacket,Apparel,2,74.99,149.98
INV102190,10401.0,2023-06-27 04:27:53,Denim Jacket,Apparel,5,74.99,374.95
INV102191,10906.0,2023-06-27 06:24:24,Denim Jacket,Apparel,3,74.99,224.96999999999997
INV102192,10886.0,2023-06-27 08:20:54,Stainless Steel Bottle,Fitness,1,19.99,19.99
INV102193,10705.0,2023-06-27 10:17:25,Backpack,Accessories,1,49.99,49.99
INV102194,10022.0,2023-06-27 12:13:55,Backpack,Accessories,1,49.99,49.99
INV102195,10474.0,2023-06-27 14:10:25,Yoga Mat,Fitness,2,24.99,49.98
INV102196,10120.0,2023-06-27 16:06:56,Yoga Mat,Fitness,1,24.99,24.99
INV102197,10210.0,2023-06-27 18:03:26,Backpack,Accessories,1,49.99,49.99
INV102198,10306.0,2023-06-27 19:59:56,Running Shoes,Footwear,1,89.99,89.99
INV102199,10270.0,2023-06-27 21:56:27,Yoga Mat,Fitness,1,24.99,24.99
INV102200,10704.0,2023-06-27 23:52:57,Running Shoes,Footwear,4,89.99,359.96
INV102201,10687.0,2023-06-28 01:49:27,Wireless Earbuds,Electronics,1,59.99,59.99
INV102202,10285.0,2023-06-28 03:45:58,Bluetooth Speaker,Electronics,1,45.0,45.0
INV102203,10716.0,2023-06-28 05:42:28,Sunglasses,Accessories,1,35.0,35.0
INV102204,10676.0,2023-06-28 07:38:58,Yoga Mat,Fitness,1,24.99,24.99
INV102205,10763.0,2023-06-28 09:35:29,Backpack,Accessories,2,49.99,99.98
INV102206,10227.0,2023-06-28 11:31:59,Bluetooth Speaker,Electronics,2,45.0,90.0
INV102207,10948.0,2023-06-28 13:28:29,Bluetooth Speaker,Electronics,1,45.0,45.0
INV102208,10381.0,2023-06-28 15:25:00,Smart Watch,Electronics,2,129.99,259.98
INV102209,10460.0,2023-06-28 17:21:30,Backpack,Accessories,1,49.99,49.99
INV102210,10007.0,2023-06-28 19:18:01,Sunglasses,Accessories,2,35.0,70.0
INV102211,10029.0,2023-06-28 21:14:31,Backpack,Accessories,1,49.99,49.99
INV102212,10907.0,2023-06-28 23:11:01,Yoga Mat,Fitness,1,24.99,24.99
INV102213,10033.0,2023-06-29 01:07:32,Leather Wallet,Accessories,3,29.99,89.97
INV102214,10646.0,2023-06-29 03:04:02,Wireless Earbuds,Electronics,3,59.99,179.97
INV102215,10879.0,2023-06-29 05:00:32,Running Shoes,Footwear,2,89.99,179.98
INV102216,10079.0,2023-06-29 06:57:03,Leather Wallet,Accessories,1,29.99,29.99
INV102217,10928.0,2023-06-29 08:53:33,Wireless Earbuds,Electronics,1,59.99,59.99
INV102218,10947.0,2023-06-29 10:50:03,Leather Wallet,Accessories,10,29.99,299.9
INV102219,10459.0,2023-06-29 12:46:34,Running Shoes,Footwear,1,89.99,89.99
INV102220,10570.0,2023-06-29 14:43:04,Stainless Steel Bottle,Fitness,1,19.99,19.99
INV102221,10538.0,2023-06-29 16:39:34,Backpack,Accessories,1,49.99,49.99
INV102222,10482.0,2023-06-29 18:36:05,Leather Wallet,Accessories,1,29.99,29.99
INV102223,10430.0,2023-06-29 20:32:35,Yoga Mat,Fitness,1,24.99,24.99
INV102224,10738.0,2023-06-29 22:29:05,Sunglasses,Accessories,1,35.0,35.0
INV102225,10285.0,2023-06-30 00:25:36,Denim Jacket,Apparel,1,74.99,74.99
INV102226,,2023-06-30 02:22:06,Yoga Mat,Fitness,4,24.99,99.96
INV102227,10099.0,2023-06-30 04:18:37,Running Shoes,Footwear,1,89.99,89.99
INV102228,10397.0,2023-06-30 06:15:07,Sunglasses,Accessories,1,35.0,35.0
INV102229,10489.0,2023-06-30 08:11:37,Yoga Mat,Fitness,2,24.99,49.98
INV102230,10039.0,2023-06-30 10:08:08,Bluetooth Speaker,Electronics,2,45.0,90.0
INV102231,10271.0,2023-06-30 12:04:38,Backpack,Accessories,1,49.99,49.99
INV102232,10887.0,2023-06-30 14:01:08,Sunglasses,Accessories,3,35.0,105.0
INV102233,10797.0,2023-06-30 15:57:39,Bluetooth Speaker,Electronics,1,45.0,45.0
INV102234,10157.0,2023-06-30 17:54:09,Yoga Mat,Fitness,3,24.99,74.97
INV102235,10075.0,2023-06-30 19:50:39,Wireless Earbuds,Electronics,1,59.99,59.99
INV102236,10884.0,2023-06-30 21:47:10,Smart Watch,Electronics,1,129.99,129.99
INV102237,10800.0,2023-06-30 23:43:40,Wireless Earbuds,Electronics,4,59.99,239.96
INV102238,10130.0,2023-07-01 01:40:10,Backpack,Accessories,2,49.99,99.98
INV102239,10687.0,2023-07-01 03:36:41,Sunglasses,Accessories,1,35.0,35.0
INV102240,10084.0,2023-07-01 05:33:11,Sunglasses,Accessories,1,35.0,35.0
INV102241,10022.0,2023-07-01 07:29:41,Backpack,Accessories,1,49.99,49.99
INV102242,10459.0,2023-07-01 09:26:12,Bluetooth Speaker,Electronics,2,45.0,90.0
INV102243,10539.0,2023-07-01 11:22:42,Smart Watch,Electronics,1,129.99,129.99
INV102244,10707.0,2023-07-01 13:19:13,Yoga Mat,Fitness,1,24.99,24.99
INV102245,10849.0,2023-07-01 15:15:43,Running Shoes,Footwear,1,89.99,89.99
INV102246,10382.0,2023-07-01 17:12:13,Wireless Earbuds,Electronics,2,59.99,119.98
INV102247,10748.0,2023-07-01 19:08:44,Wireless Earbuds,Electronics,3,59.99,179.97
INV102248,10440.0,2023-07-01 21:05:14,Denim Jacket,Apparel,3,74.99,224.96999999999997
INV102249,10604.0,2023-07-01 23:01:44,Smart Watch,Electronics,1,129.99,129.99
INV102250,10021.0,2023-07-02 00:58:15,Running Shoes,Footwear,4,89.99,359.96
INV102251,10303.0,2023-07-02 02:54:45,Wireless Earbuds,Electronics,2,59.99,119.98
INV102252,10869.0,2023-07-02 04:51:15,Running Shoes,Footwear,4,89.99,359.96
INV102253,10084.0,2023-07-02 06:47:46,Yoga Mat,Fitness,1,24.99,24.99
INV102254,10774.0,2023-07-02 08:44:16,Sunglasses,Accessories,1,35.0,35.0
INV102255,10659.0,2023-07-02 10:40:46,Running Shoes,Footwear,3,89.99,269.96999999999997
INV102256,10453.0,2023-07-02 12:37:17,Wireless Earbuds,Electronics,1,59.99,59.99
INV102257,10387.0,2023-07-02 14:33:47,Bluetooth Speaker,Electronics,2,45.0,90.0
INV102258,10507.0,2023-07-02 16:30:18,Smart Watch,Electronics,3,129.99,389.97
INV102259,10257.0,2023-07-02 18:26:48,Backpack,Accessories,3,49.99,149.97
INV102260,10570.0,2023-07-02 20:23:18,Leather Wallet,Accessories,5,29.99,149.95
INV102261,10892.0,2023-07-02 22:19:49,Stainless Steel Bottle,Fitness,2,19.99,39.98
INV102262,10934.0,2023-07-03 00:16:19,Stainless Steel Bottle,Fitness,1,19.99,19.99
INV102263,10527.0,2023-07-03 02:12:49,Leather Wallet,Accessories,1,29.99,29.99
INV102264,10162.0,2023-07-03 04:09:20,Running Shoes,Footwear,1,89.99,89.99
INV102265,10163.0,2023-07-03 06:05:50,Smart Watch,Electronics,2,129.99,259.98
INV102266,10832.0,2023-07-03 08:02:20,Running Shoes,Footwear,1,89.99,89.99
INV102267,10793.0,2023-07-03 09:58:51,Backpack,Accessories,1,49.99,49.99
INV102268,10792.0,2023-07-03 11:55:21,Smart Watch,Electronics,2,129.99,259.98
INV102269,10524.0,2023-07-03 13:51:51,Leather Wallet,Accessories,3,29.99,89.97
INV102270,10786.0,2023-07-03 15:48:22,Running Shoes,Footwear,10,89.99,899.9
INV102271,10271.0,2023-07-03 17:44:52,Denim Jacket,Apparel,3,74.99,224.96999999999997
INV102272,10492.0,2023-07-03 19:41:22,Wireless Earbuds,Electronics,3,59.99,179.97
INV102273,10208.0,2023-07-03 21:37:53,Bluetooth Speaker,Electronics,2,45.0,90.0
INV102274,10539.0,2023-07-03 23:34:23,Sunglasses,Accessories,8,35.0,280.0
INV102275,10584.0,2023-07-04 01:30:54,Bluetooth Speaker,Electronics,2,45.0,90.0
INV102276,10060.0,2023-07-04 03:27:24,Backpack,Accessories,3,49.99,149.97
INV102277,10430.0,2023-07-04 05:23:54,Running Shoes,Footwear,5,89.99,449.95
INV102278,10657.0,2023-07-04 07:20:25,Yoga Mat,Fitness,4,24.99,99.96
INV102279,10605.0,2023-07-04 09:16:55,Smart Watch,Electronics,1,129.99,129.99
INV102280,10309.0,2023-07-04 11:13:25,Running Shoes,Footwear,1,89.99,89.99
INV102281,10520.0,2023-07-04 13:09:56,Smart Watch,Electronics,-1,129.99,129.99
INV102282,10591.0,2023-07-04 15:06:26,Sunglasses,Accessories,1,35.0,35.0
INV102283,10027.0,2023-07-04 17:02:56,Denim Jacket,Apparel,1,74.99,74.99
INV102284,10686.0,2023-07-04 18:59:27,Bluetooth Speaker,Electronics,1,45.0,45.0
INV102285,10562.0,2023-07-04 20:55:57,Wireless Earbuds,Electronics,1,59.99,59.99
INV102286,10199.0,2023-07-04 22:52:27,Sunglasses,Accessories,2,35.0,70.0
INV102287,10387.0,2023-07-05 00:48:58,Sunglasses,Accessories,2,35.0,70.0
INV102288,10349.0,2023-07-05 02:45:28,Bluetooth Speaker,Electronics,1,45.0,45.0
INV102289,10940.0,2023-07-05 04:41:58,Sunglasses,Accessories,2,35.0,70.0
INV102290,10693.0,2023-07-05 06:38:29,Yoga Mat,Fitness,2,24.99,49.98
INV102291,10536.0,2023-07-05 08:34:59,Yoga Mat,Fitness,2,24.99,49.98
INV102292,10828.0,2023-07-05 10:31:30,Stainless Steel Bottle,Fitness,4,19.99,79.96
INV102293,10378.0,2023-07-05 12:28:00,Stainless Steel Bottle,Fitness,1,19.99,19.99
INV102294,10899.0,2023-07-05 14:24:30,Yoga Mat,Fitness,1,24.99,24.99
INV102295,10916.0,2023-07-05 16:21:01,Leather Wallet,Accessories,1,29.99,29.99
INV102296,10558.0,2023-07-05 18:17:31,Denim Jacket,Apparel,1,74.99,74.99
INV102297,10527.0,2023-07-05 20:14:01,Smart Watch,Electronics,2,129.99,259.98
INV102298,10153.0,2023-07-05 22:10:32,Denim Jacket,Apparel,1,74.99,74.99
INV102299,10734.0,2023-07-06 00:07:02,Backpack,Accessories,1,49.99,49.99
INV102300,10206.0,2023-07-06 02:03:32,Sunglasses,Accessories,1,35.0,35.0
INV102301,10455.0,2023-07-06 04:00:03,Wireless Earbuds,Electronics,1,59.99,59.99
INV102302,10273.0,2023-07-06 05:56:33,Sunglasses,Accessories,2,35.0,70.0
INV102303,10894.0,2023-07-06 07:53:03,Denim Jacket,Apparel,2,74.99,149.98
INV102304,10236.0,2023-07-06 09:49:34,Yoga Mat,Fitness,1,24.99,24.99
INV102305,10852.0,2023-07-06 11:46:04,Bluetooth Speaker,Electronics,1,45.0,45.0
INV102306,10740.0,2023-07-06 13:42:34,Backpack,Accessories,1,49.99,49.99
INV102307,10521.0,2023-07-06 15:39:05,Yoga Mat,Fitness,1,24.99,24.99
INV102308,10678.0,2023-07-06 17:35:35,Denim Jacket,Apparel,4,74.99,299.96
INV102309,10944.0,2023-07-06 19:32:06,Bluetooth Speaker,Electronics,1,45.0,45.0
INV102310,10831.0,2023-07-06 21:28:36,Wireless Earbuds,Electronics,2,59.99,119.98
INV102311,10726.0,2023-07-06 23:25:06,Denim Jacket,Apparel,4,74.99,299.96
INV102312,10501.0,2023-07-07 01:21:37,Smart Watch,Electronics,1,129.99,129.99
INV102313,10117.0,2023-07-07 03:18:07,Running Shoes,Footwear,1,89.99,89.99
INV102314,10386.0,2023-07-07 05:14:37,Bluetooth Speaker,Electronics,5,45.0,225.0
INV102315,10344.0,2023-07-07 07:11:08,Denim Jacket,Apparel,3,74.99,224.96999999999997
INV102316,10584.0,2023-07-07 09:07:38,Yoga Mat,Fitness,1,24.99,24.99
INV102317,10395.0,2023-07-07 11:04:08,Smart Watch,Electronics,3,129.99,389.97
INV102318,10064.0,2023-07-07 13:00:39,Leather Wallet,Accessories,3,29.99,89.97
INV102319,10717.0,2023-07-07 14:57:09,Bluetooth Speaker,Electronics,1,45.0,45.0
INV102320,10721.0,2023-07-07 16:53:39,Smart Watch,Electronics,4,129.99,519.96
INV102321,10072.0,2023-07-07 18:50:10,Yoga Mat,Fitness,1,24.99,24.99
INV102322,,2023-07-07 20:46:40,Denim Jacket,Apparel,2,74.99,149.98
INV102323,10274.0,2023-07-07 22:43:10,Sunglasses,Accessories,10,35.0,350.0
INV102324,10320.0,2023-07-08 00:39:41,Wireless Earbuds,Electronics,3,59.99,179.97
INV102325,10338.0,2023-07-08 02:36:11,Sunglasses,Accessories,1,35.0,35.0
INV102326,10366.0,2023-07-08 04:32:42,Running Shoes,Footwear,1,89.99,89.99
INV102327,10495.0,2023-07-08 06:29:12,Smart Watch,Electronics,2,129.99,259.98
INV102328,10607.0,2023-07-08 08:25:42,Running Shoes,Footwear,2,89.99,179.98
INV102329,10166.0,2023-07-08 10:22:13,Wireless Earbuds,Electronics,2,59.99,119.98
INV102330,10544.0,2023-07-08 12:18:43,Smart Watch,Electronics,5,129.99,649.95
INV102331,10011.0,2023-07-08 14:15:13,Stainless Steel Bottle,Fitness,3,19.99,59.97
INV102332,10301.0,2023-07-08 16:11:44,Yoga Mat,Fitness,1,24.99,24.99
INV102333,10729.0,2023-07-08 18:08:14,Smart Watch,Electronics,1,129.99,129.99
INV102334,10801.0,2023-07-08 20:04:44,Yoga Mat,Fitness,1,24.99,24.99
INV102335,10102.0,2023-07-08 22:01:15,Sunglasses,Accessories,2,35.0,70.0
INV102336,10425.0,2023-07-08 23:57:45,Backpack,Accessories,2,49.99,99.98
INV102337,10392.0,2023-07-09 01:54:15,Bluetooth Speaker,Electronics,2,45.0,90.0
INV102338,10779.0,2023-07-09 03:50:46,Backpack,Accessories,1,49.99,49.99
INV102339,10214.0,2023-07-09 05:47:16,Denim Jacket,Apparel,1,74.99,74.99
INV102340,10691.0,2023-07-09 07:43:46,Bluetooth Speaker,Electronics,1,45.0,45.0
INV102341,10088.0,2023-07-09 09:40:17,Bluetooth Speaker,Electronics,2,45.0,90.0
INV102342,10553.0,2023-07-09 11:36:47,Leather Wallet,Accessories,1,29.99,29.99
INV102343,10401.0,2023-07-09 13:33:18,Bluetooth Speaker,Electronics,1,45.0,45.0
INV102344,10588.0,2023-07-09 15:29:48,Wireless Earbuds,Electronics,1,59.99,59.99
INV102345,10889.0,2023-07-09 17:26:18,Backpack,Accessories,2,49.99,99.98
INV102346,10046.0,2023-07-09 19:22:49,Sunglasses,Accessories,1,35.0,35.0
INV102347,10672.0,2023-07-09 21:19:19,Yoga Mat,Fitness,3,24.99,74.97
INV102348,10463.0,2023-07-09 23:15:49,Denim Jacket,Apparel,2,74.99,149.98
INV102349,10592.0,2023-07-10 01:12:20,Bluetooth Speaker,Electronics,2,45.0,90.0
INV102350,10310.0,2023-07-10 03:08:50,Denim Jacket,Apparel,2,74.99,149.98
INV102351,10086.0,2023-07-10 05:05:20,Sunglasses,Accessories,1,35.0,35.0
INV102352,10092.0,2023-07-10 07:01:51,Denim Jacket,Apparel,1,74.99,74.99
INV102353,10660.0,2023-07-10 08:58:21,Sunglasses,Accessories,5,35.0,175.0
INV102354,10673.0,2023-07-10 10:54:51,Bluetooth Speaker,Electronics,3,45.0,135.0
INV102355,10714.0,2023-07-10 12:51:22,Sunglasses,Accessories,5,35.0,175.0
INV102356,10936.0,2023-07-10 14:47:52,Bluetooth Speaker,Electronics,2,45.0,90.0
INV102357,10928.0,2023-07-10 16:44:22,Leather Wallet,Accessories,1,29.99,29.99
INV102358,10242.0,2023-07-10 18:40:53,Leather Wallet,Accessories,1,29.99,29.99
INV102359,10865.0,2023-07-10 20:37:23,Sunglasses,Accessories,2,35.0,70.0
INV102360,10002.0,2023-07-10 22:33:54,Leather Wallet,Accessories,1,29.99,29.99
INV102361,10225.0,2023-07-11 00:30:24,Yoga Mat,Fitness,1,24.99,24.99
INV102362,10801.0,2023-07-11 02:26:54,Yoga Mat,Fitness,3,24.99,74.97
INV102363,10745.0,2023-07-11 04:23:25,Leather Wallet,Accessories,1,29.99,29.99
INV102364,10926.0,2023-07-11 06:19:55,Leather Wallet,Accessories,1,29.99,29.99
INV102365,10929.0,2023-07-11 08:16:25,Stainless Steel Bottle,Fitness,3,19.99,59.97
INV102366,10589.0,2023-07-11 10:12:56,Stainless Steel Bottle,Fitness,3,19.99,59.97
INV102367,10116.0,2023-07-11 12:09:26,Bluetooth Speaker,Electronics,1,45.0,45.0
INV102368,10666.0,2023-07-11 14:05:56,Sunglasses,Accessories,3,35.0,105.0
INV102369,10918.0,2023-07-11 16:02:27,Running Shoes,Footwear,3,89.99,269.96999999999997
INV102370,10103.0,2023-07-11 17:58:57,Running Shoes,Footwear,1,89.99,89.99
INV102371,10194.0,2023-07-11 19:55:27,Leather Wallet,Accessories,1,29.99,29.99
INV102372,10166.0,2023-07-11 21:51:58,Denim Jacket,Apparel,1,74.99,74.99
INV102373,10871.0,2023-07-11 23:48:28,Leather Wallet,Accessories,2,29.99,59.98
INV102374,10090.0,2023-07-12 01:44:58,Stainless Steel Bottle,Fitness,1,19.99,19.99
INV102375,10686.0,2023-07-12 03:41:29,Bluetooth Speaker,Electronics,10,45.0,450.0
INV102376,10122.0,2023-07-12 05:37:59,Leather Wallet,Accessories,3,29.99,89.97
INV102377,10143.0,2023-07-12 07:34:30,Backpack,Accessories,3,49.99,149.97
INV102378,10106.0,2023-07-12 09:31:00,Denim Jacket,Apparel,5,74.99,374.95
INV102379,10887.0,2023-07-12 11:27:30,Backpack,Accessories,4,49.99,199.96
INV102380,10428.0,2023-07-12 13:24:01,Bluetooth Speaker,Electronics,1,45.0,45.0
INV102381,10305.0,2023-07-12 15:20:31,Bluetooth Speaker,Electronics,1,45.0,45.0
INV102382,10872.0,2023-07-12 17:17:01,Yoga Mat,Fitness,2,24.99,49.98
INV102383,10317.0,2023-07-12 19:13:32,Smart Watch,Electronics,1,129.99,129.99
INV102384,10635.0,2023-07-12 21:10:02,Backpack,Accessories,1,49.99,49.99
INV102385,10902.0,2023-07-12 23:06:32,Yoga Mat,Fitness,2,24.99,49.98
INV102386,10009.0,2023-07-13 01:03:03,Stainless Steel Bottle,Fitness,4,19.99,79.96
INV102387,10774.0,2023-07-13 02:59:33,Wireless Earbuds,Electronics,1,59.99,59.99
INV102388,10073.0,2023-07-13 04:56:03,Denim Jacket,Apparel,3,74.99,224.96999999999997
INV102389,10359.0,2023-07-13 06:52:34,Wireless Earbuds,Electronics,1,59.99,59.99
INV102390,10223.0,2023-07-13 08:49:04,Sunglasses,Accessories,2,35.0,70.0
INV102391,10416.0,2023-07-13 10:45:35,Stainless Steel Bottle,Fitness,1,19.99,19.99
INV102392,10553.0,2023-07-13 12:42:05,Stainless Steel Bottle,Fitness,4,19.99,79.96
INV102393,10370.0,2023-07-13 14:38:35,Wireless Earbuds,Electronics,1,59.99,59.99
INV102394,10716.0,2023-07-13 16:35:06,Backpack,Accessories,2,49.99,99.98
INV102395,10264.0,2023-07-13 18:31:36,Smart Watch,Electronics,1,129.99,129.99
INV102396,10840.0,2023-07-13 20:28:06,Backpack,Accessories,1,49.99,49.99
INV102397,10690.0,2023-07-13 22:24:37,Wireless Earbuds,Electronics,1,59.99,59.99
INV102398,10860.0,2023-07-14 00:21:07,Sunglasses,Accessories,1,35.0,35.0
INV102399,10318.0,2023-07-14 02:17:37,Backpack,Accessories,1,49.99,49.99
INV102400,10084.0,2023-07-14 04:14:08,Running Shoes,Footwear,1,89.99,89.99
INV102401,10318.0,2023-07-14 06:10:38,Backpack,Accessories,2,49.99,99.98
INV102402,10111.0,2023-07-14 08:07:08,Bluetooth Speaker,Electronics,2,45.0,90.0
INV102403,10251.0,2023-07-14 10:03:39,Yoga Mat,Fitness,1,24.99,24.99
INV102404,10383.0,2023-07-14 12:00:09,Denim Jacket,Apparel,2,74.99,149.98
INV102405,10007.0,2023-07-14 13:56:39,Backpack,Accessories,1,49.99,49.99
INV102406,10459.0,2023-07-14 15:53:10,Smart Watch,Electronics,2,129.99,259.98
INV102407,10084.0,2023-07-14 17:49:40,Smart Watch,Electronics,1,129.99,129.99
INV102408,10208.0,2023-07-14 19:46:11,Backpack,Accessories,2,49.99,99.98
INV102409,10900.0,2023-07-14 21:42:41,Leather Wallet,Accessories,1,29.99,29.99
INV102410,10390.0,2023-07-14 23:39:11,Stainless Steel Bottle,Fitness,8,19.99,159.92
INV102411,10314.0,2023-07-15 01:35:42,Backpack,Accessories,1,49.99,49.99
INV102412,10022.0,2023-07-15 03:32:12,Stainless Steel Bottle,Fitness,1,19.99,19.99
INV102413,10410.0,2023-07-15 05:28:42,Running Shoes,Footwear,1,89.99,89.99
INV102414,10895.0,2023-07-15 07:25:13,Wireless Earbuds,Electronics,4,59.99,239.96
INV102415,10515.0,2023-07-15 09:21:43,Running Shoes,Footwear,2,89.99,179.98
INV102416,10127.0,2023-07-15 11:18:13,Backpack,Accessories,2,49.99,99.98
INV102417,10809.0,2023-07-15 13:14:44,Smart Watch,Electronics,4,129.99,519.96
INV102418,10700.0,2023-07-15 15:11:14,Leather Wallet,Accessories,4,29.99,119.96
INV102419,10874.0,2023-07-15 17:07:44,Sunglasses,Accessories,2,35.0,70.0
INV102420,10014.0,2023-07-15 19:04:15,Stainless Steel Bottle,Fitness,1,19.99,19.99
INV102421,10012.0,2023-07-15 21:00:45,Yoga Mat,Fitness,3,24.99,74.97
INV102422,10087.0,2023-07-15 22:57:15,Stainless Steel Bottle,Fitness,1,19.99,19.99
INV102423,10524.0,2023-07-16 00:53:46,Bluetooth Speaker,Electronics,2,45.0,90.0
INV102424,10909.0,2023-07-16 02:50:16,Denim Jacket,Apparel,2,74.99,149.98
INV102425,10537.0,2023-07-16 04:46:47,Backpack,Accessories,3,49.99,149.97
INV102426,10301.0,2023-07-16 06:43:17,Running Shoes,Footwear,2,89.99,179.98
INV102427,10243.0,2023-07-16 08:39:47,Yoga Mat,Fitness,2,24.99,49.98
INV102428,10122.0,2023-07-16 10:36:18,Smart Watch,Electronics,5,129.99,649.95
INV102429,10147.0,2023-07-16 12:32:48,Smart Watch,Electronics,1,129.99,129.99
INV102430,10567.0,2023-07-16 14:29:18,Smart Watch,Electronics,1,129.99,129.99
INV102431,10750.0,2023-07-16 16:25:49,Sunglasses,Accessories,2,35.0,70.0
INV102432,10356.0,2023-07-16 18:22:19,Bluetooth Speaker,Electronics,5,45.0,225.0
INV102433,10685.0,2023-07-16 20:18:49,Smart Watch,Electronics,1,129.99,129.99
INV102434,10904.0,2023-07-16 22:15:20,Smart Watch,Electronics,1,129.99,129.99
INV102435,10733.0,2023-07-17 00:11:50,Backpack,Accessories,1,49.99,49.99
INV102436,10631.0,2023-07-17 02:08:20,Bluetooth Speaker,Electronics,1,45.0,45.0
INV102437,10309.0,2023-07-17 04:04:51,Leather Wallet,Accessories,4,29.99,119.96
INV102438,10695.0,2023-07-17 06:01:21,Leather Wallet,Accessories,2,29.99,59.98
INV102439,10288.0,2023-07-17 07:57:51,Bluetooth Speaker,Electronics,2,45.0,90.0
INV102440,10307.0,2023-07-17 09:54:22,Denim Jacket,Apparel,2,74.99,149.98
INV102441,10812.0,2023-07-17 11:50:52,Sunglasses,Accessories,3,35.0,105.0
INV102442,10594.0,2023-07-17 13:47:23,Yoga Mat,Fitness,1,24.99,24.99
INV102443,10914.0,2023-07-17 15:43:53,Stainless Steel Bottle,Fitness,1,19.99,19.99
INV102444,,2023-07-17 17:40:23,Backpack,Accessories,1,49.99,49.99
INV102445,10662.0,2023-07-17 19:36:54,Wireless Earbuds,Electronics,1,59.99,59.99
INV102446,10549.0,2023-07-17 21:33:24,Leather Wallet,Accessories,1,29.99,29.99
INV102447,10352.0,2023-07-17 23:29:54,Bluetooth Speaker,Electronics,1,45.0,45.0
INV102448,10312.0,2023-07-18 01:26:25,Yoga Mat,Fitness,1,24.99,24.99
INV102449,10873.0,2023-07-18 03:22:55,Bluetooth Speaker,Electronics,1,45.0,45.0
INV102450,10059.0,2023-07-18 05:19:25,Stainless Steel Bottle,Fitness,3,19.99,59.97
INV102451,10643.0,2023-07-18 07:15:56,Yoga Mat,Fitness,1,24.99,24.99
INV102452,10924.0,2023-07-18 09:12:26,Leather Wallet,Accessories,4,29.99,119.96
INV102453,10714.0,2023-07-18 11:08:56,Smart Watch,Electronics,1,129.99,129.99
INV102454,10755.0,2023-07-18 13:05:27,Bluetooth Speaker,Electronics,3,45.0,135.0
INV102455,10035.0,2023-07-18 15:01:57,Wireless Earbuds,Electronics,4,59.99,239.96
INV102456,10445.0,2023-07-18 16:58:27,Leather Wallet,Accessories,5,29.99,149.95
INV102457,10093.0,2023-07-18 18:54:58,Running Shoes,Footwear,3,89.99,269.96999999999997
INV102458,10950.0,2023-07-18 20:51:28,Wireless Earbuds,Electronics,1,59.99,59.99
INV102459,10207.0,2023-07-18 22:47:59,Denim Jacket,Apparel,1,74.99,74.99
INV102460,10353.0,2023-07-19 00:44:29,Sunglasses,Accessories,1,35.0,35.0
INV102461,10903.0,2023-07-19 02:40:59,Leather Wallet,Accessories,1,29.99,29.99
INV102462,10332.0,2023-07-19 04:37:30,Smart Watch,Electronics,1,129.99,129.99
INV102463,10817.0,2023-07-19 06:34:00,Leather Wallet,Accessories,3,29.99,89.97
INV102464,10862.0,2023-07-19 08:30:30,Stainless Steel Bottle,Fitness,2,19.99,39.98
INV102465,10725.0,2023-07-19 10:27:01,Yoga Mat,Fitness,2,24.99,49.98
INV102466,10159.0,2023-07-19 12:23:31,Bluetooth Speaker,Electronics,4,45.0,180.0
INV102467,10024.0,2023-07-19 14:20:01,Yoga Mat,Fitness,2,24.99,49.98
INV102468,10404.0,2023-07-19 16:16:32,Yoga Mat,Fitness,2,24.99,49.98
INV102469,10805.0,2023-07-19 18:13:02,Leather Wallet,Accessories,3,29.99,89.97
INV102470,10516.0,2023-07-19 20:09:32,Stainless Steel Bottle,Fitness,1,19.99,19.99
INV102471,10732.0,2023-07-19 22:06:03,Bluetooth Speaker,Electronics,1,45.0,45.0
INV102472,10364.0,2023-07-20 00:02:33,Bluetooth Speaker,Electronics,5,45.0,225.0
INV102473,10382.0,2023-07-20 01:59:03,Yoga Mat,Fitness,4,24.99,99.96
INV102474,10532.0,2023-07-20 03:55:34,Denim Jacket,Apparel,4,74.99,299.96
INV102475,10152.0,2023-07-20 05:52:04,Sunglasses,Accessories,1,35.0,35.0
INV102476,10562.0,2023-07-20 07:48:35,Stainless Steel Bottle,Fitness,3,19.99,59.97
INV102477,10689.0,2023-07-20 09:45:05,Denim Jacket,Apparel,1,74.99,74.99
INV102478,10947.0,2023-07-20 11:41:35,Backpack,Accessories,1,49.99,49.99
INV102479,10608.0,2023-07-20 13:38:06,Backpack,Accessories,1,49.99,49.99
INV102480,10617.0,2023-07-20 15:34:36,Wireless Earbuds,Electronics,1,59.99,59.99
INV102481,10420.0,2023-07-20 17:31:06,Yoga Mat,Fitness,1,24.99,24.99
INV102482,10250.0,2023-07-20 19:27:37,Bluetooth Speaker,Electronics,1,45.0,45.0
INV102483,10117.0,2023-07-20 21:24:07,Leather Wallet,Accessories,1,29.99,29.99
INV102484,10866.0,2023-07-20 23:20:37,Bluetooth Speaker,Electronics,1,45.0,45.0
INV102485,10512.0,2023-07-21 01:17:08,Bluetooth Speaker,Electronics,3,45.0,135.0
INV102486,10740.0,2023-07-21 03:13:38,Smart Watch,Electronics,2,129.99,259.98
INV102487,10578.0,2023-07-21 05:10:08,Bluetooth Speaker,Electronics,1,45.0,45.0
INV102488,10335.0,2023-07-21 07:06:39,Wireless Earbuds,Electronics,1,59.99,59.99
INV102489,10418.0,2023-07-21 09:03:09,Denim Jacket,Apparel,2,74.99,149.98
INV102490,10932.0,2023-07-21 10:59:39,Backpack,Accessories,2,49.99,99.98
INV102491,10774.0,2023-07-21 12:56:10,Bluetooth Speaker,Electronics,1,45.0,45.0
INV102492,,2023-07-21 14:52:40,Bluetooth Speaker,Electronics,2,45.0,90.0
INV102493,10938.0,2023-07-21 16:49:11,Smart Watch,Electronics,5,129.99,649.95
INV102494,10755.0,2023-07-21 18:45:41,Stainless Steel Bottle,Fitness,1,19.99,19.99
INV102495,10371.0,2023-07-21 20:42:11,Leather Wallet,Accessories,1,29.99,29.99
INV102496,10186.0,2023-07-21 22:38:42,Stainless Steel Bottle,Fitness,1,19.99,19.99
INV102497,10246.0,2023-07-22 00:35:12,Leather Wallet,Accessories,2,29.99,59.98
INV102498,10637.0,2023-07-22 02:31:42,Sunglasses,Accessories,1,35.0,35.0
INV102499,10268.0,2023-07-22 04:28:13,Bluetooth Speaker,Electronics,1,45.0,45.0
INV102500,10643.0,2023-07-22 06:24:43,Smart Watch,Electronics,1,129.99,129.99
INV102501,10237.0,2023-07-22 08:21:13,Running Shoes,Footwear,5,89.99,449.95
INV102502,10530.0,2023-07-22 10:17:44,Yoga Mat,Fitness,2,24.99,49.98
INV102503,10552.0,2023-07-22 12:14:14,Backpack,Accessories,2,49.99,99.98
INV102504,10021.0,2023-07-22 14:10:44,Denim Jacket,Apparel,3,74.99,224.96999999999997
INV102505,10911.0,2023-07-22 16:07:15,Backpack,Accessories,1,49.99,49.99
INV102506,10737.0,2023-07-22 18:03:45,Denim Jacket,Apparel,3,74.99,224.96999999999997
INV102507,10867.0,2023-07-22 20:00:16,Sunglasses,Accessories,2,35.0,70.0
INV102508,10794.0,2023-07-22 21:56:46,Stainless Steel Bottle,Fitness,1,19.99,19.99
INV102509,10520.0,2023-07-22 23:53:16,Wireless Earbuds,Electronics,3,59.99,179.97
INV102510,10100.0,2023-07-23 01:49:47,Bluetooth Speaker,Electronics,3,45.0,135.0
INV102511,10752.0,2023-07-23 03:46:17,Running Shoes,Footwear,3,89.99,269.96999999999997
INV102512,10478.0,2023-07-23 05:42:47,Denim Jacket,Apparel,1,74.99,74.99
INV102513,10599.0,2023-07-23 07:39:18,Yoga Mat,Fitness,5,24.99,124.94999999999999
INV102514,10298.0,2023-07-23 09:35:48,Denim Jacket,Apparel,5,74.99,374.95
INV102515,10940.0,2023-07-23 11:32:18,Wireless Earbuds,Electronics,1,59.99,59.99
INV102516,10526.0,2023-07-23 13:28:49,Backpack,Accessories,1,49.99,49.99
INV102517,10334.0,2023-07-23 15:25:19,Smart Watch,Electronics,1,129.99,129.99
INV102518,10002.0,2023-07-23 17:21:49,Backpack,Accessories,10,49.99,499.90000000000003
INV102519,10375.0,2023-07-23 19:18:20,Sunglasses,Accessories,2,35.0,70.0
INV102520,10293.0,2023-07-23 21:14:50,Smart Watch,Electronics,1,129.99,129.99
INV102521,10837.0,2023-07-23 23:11:20,Backpack,Accessories,1,49.99,49.99
INV102522,10934.0,2023-07-24 01:07:51,Yoga Mat,Fitness,1,24.99,24.99
INV102523,10553.0,2023-07-24 03:04:21,Backpack,Accessories,2,49.99,99.98
INV102524,10318.0,2023-07-24 05:00:52,Yoga Mat,Fitness,1,24.99,24.99
INV102525,10502.0,2023-07-24 06:57:22,Yoga Mat,Fitness,5,24.99,124.94999999999999
INV102526,10828.0,2023-07-24 08:53:52,Smart Watch,Electronics,2,129.99,259.98
INV102527,10381.0,2023-07-24 10:50:23,Stainless Steel Bottle,Fitness,3,19.99,59.97
INV102528,10623.0,2023-07-24 12:46:53,Leather Wallet,Accessories,1,29.99,29.99
INV102529,10014.0,2023-07-24 14:43:23,Bluetooth Speaker,Electronics,1,45.0,45.0
INV102530,10504.0,2023-07-24 16:39:54,Denim Jacket,Apparel,1,74.99,74.99
INV102531,10231.0,2023-07-24 18:36:24,Leather Wallet,Accessories,1,29.99,29.99
INV102532,10084.0,2023-07-24 20:32:54,Wireless Earbuds,Electronics,1,59.99,59.99
INV102533,10130.0,2023-07-24 22:29:25,Stainless Steel Bottle,Fitness,5,19.99,99.94999999999999
INV102534,10743.0,2023-07-25 00:25:55,Leather Wallet,Accessories,1,29.99,29.99
INV102535,10838.0,2023-07-25 02:22:25,Smart Watch,Electronics,1,129.99,129.99
INV102536,10145.0,2023-07-25 04:18:56,Wireless Earbuds,Electronics,1,59.99,59.99
INV102537,10891.0,2023-07-25 06:15:26,Running Shoes,Footwear,1,89.99,89.99
INV102538,10857.0,2023-07-25 08:11:56,Stainless Steel Bottle,Fitness,10,19.99,199.89999999999998
INV102539,10028.0,2023-07-25 10:08:27,Leather Wallet,Accessories,1,29.99,29.99
INV102540,10066.0,2023-07-25 12:04:57,Wireless Earbuds,Electronics,1,59.99,59.99
INV102541,10163.0,2023-07-25 14:01:28,Running Shoes,Footwear,2,89.99,179.98
INV102542,10229.0,2023-07-25 15:57:58,Backpack,Accessories,1,49.99,49.99
INV102543,10261.0,2023-07-25 17:54:28,Wireless Earbuds,Electronics,1,59.99,59.99
INV102544,10449.0,2023-07-25 19:50:59,Smart Watch,Electronics,1,129.99,129.99
INV102545,10424.0,2023-07-25 21:47:29,Backpack,Accessories,1,49.99,49.99
INV102546,10460.0,2023-07-25 23:43:59,Smart Watch,Electronics,1,129.99,129.99
INV102547,10676.0,2023-07-26 01:40:30,Leather Wallet,Accessories,1,29.99,29.99
INV102548,10301.0,2023-07-26 03:37:00,Bluetooth Speaker,Electronics,3,45.0,135.0
INV102549,10919.0,2023-07-26 05:33:30,Leather Wallet,Accessories,1,29.99,29.99
INV102550,10303.0,2023-07-26 07:30:01,Backpack,Accessories,3,49.99,149.97
INV102551,10287.0,2023-07-26 09:26:31,Yoga Mat,Fitness,3,24.99,74.97
INV102552,10395.0,2023-07-26 11:23:01,Leather Wallet,Accessories,2,29.99,59.98
INV102553,10010.0,2023-07-26 13:19:32,Backpack,Accessories,1,49.99,49.99
INV102554,10707.0,2023-07-26 15:16:02,Wireless Earbuds,Electronics,1,59.99,59.99
INV102555,10630.0,2023-07-26 17:12:32,Sunglasses,Accessories,2,35.0,70.0
INV102556,10270.0,2023-07-26 19:09:03,Leather Wallet,Accessories,2,29.99,59.98
INV102557,10592.0,2023-07-26 21:05:33,Wireless Earbuds,Electronics,2,59.99,119.98
INV102558,10605.0,2023-07-26 23:02:04,Smart Watch,Electronics,1,129.99,129.99
INV102559,10778.0,2023-07-27 00:58:34,Stainless Steel Bottle,Fitness,4,19.99,79.96
INV102560,10844.0,2023-07-27 02:55:04,Bluetooth Speaker,Electronics,1,45.0,45.0
INV102561,10862.0,2023-07-27 04:51:35,Smart Watch,Electronics,1,129.99,129.99
INV102562,10361.0,2023-07-27 06:48:05,Smart Watch,Electronics,1,129.99,129.99
INV102563,10257.0,2023-07-27 08:44:35,Backpack,Accessories,1,49.99,49.99
INV102564,10133.0,2023-07-27 10:41:06,Yoga Mat,Fitness,1,24.99,24.99
INV102565,10276.0,2023-07-27 12:37:36,Denim Jacket,Apparel,3,74.99,224.96999999999997
INV102566,10776.0,2023-07-27 14:34:06,Sunglasses,Accessories,3,35.0,105.0
INV102567,10683.0,2023-07-27 16:30:37,Yoga Mat,Fitness,4,24.99,99.96
INV102568,10513.0,2023-07-27 18:27:07,Backpack,Accessories,1,49.99,49.99
INV102569,10313.0,2023-07-27 20:23:37,Bluetooth Speaker,Electronics,2,45.0,90.0
INV102570,10576.0,2023-07-27 22:20:08,Sunglasses,Accessories,1,35.0,35.0
INV102571,10886.0,2023-07-28 00:16:38,Sunglasses,Accessories,1,35.0,35.0
INV102572,10284.0,2023-07-28 02:13:08,Backpack,Accessories,1,49.99,49.99
INV102573,10121.0,2023-07-28 04:09:39,Running Shoes,Footwear,1,89.99,89.99
INV102574,10107.0,2023-07-28 06:06:09,Smart Watch,Electronics,1,129.99,129.99
INV102575,10933.0,2023-07-28 08:02:40,Stainless Steel Bottle,Fitness,1,19.99,19.99
INV102576,10687.0,2023-07-28 09:59:10,Running Shoes,Footwear,2,89.99,179.98
INV102577,10204.0,2023-07-28 11:55:40,Backpack,Accessories,4,49.99,199.96
INV102578,10165.0,2023-07-28 13:52:11,Running Shoes,Footwear,1,89.99,89.99
INV102579,10305.0,2023-07-28 15:48:41,Stainless Steel Bottle,Fitness,8,19.99,159.92
INV102580,10497.0,2023-07-28 17:45:11,Backpack,Accessories,3,49.99,149.97
INV102581,10632.0,2023-07-28 19:41:42,Backpack,Accessories,2,49.99,99.98
INV102582,10556.0,2023-07-28 21:38:12,Sunglasses,Accessories,2,35.0,70.0
INV102583,10824.0,2023-07-28 23:34:42,Running Shoes,Footwear,1,89.99,89.99
INV102584,10156.0,2023-07-29 01:31:13,Wireless Earbuds,Electronics,3,59.99,179.97
INV102585,10367.0,2023-07-29 03:27:43,Leather Wallet,Accessories,2,29.99,59.98
INV102586,10719.0,2023-07-29 05:24:13,Backpack,Accessories,8,49.99,399.92
INV102587,10902.0,2023-07-29 07:20:44,Running Shoes,Footwear,2,89.99,179.98
INV102588,10620.0,2023-07-29 09:17:14,Denim Jacket,Apparel,3,74.99,224.96999999999997
INV102589,10251.0,2023-07-29 11:13:44,Bluetooth Speaker,Electronics,3,45.0,135.0
INV102590,10916.0,2023-07-29 13:10:15,Denim Jacket,Apparel,1,74.99,74.99
INV102591,10882.0,2023-07-29 15:06:45,Running Shoes,Footwear,1,89.99,89.99
INV102592,10334.0,2023-07-29 17:03:16,Smart Watch,Electronics,1,129.99,129.99
INV102593,10642.0,2023-07-29 18:59:46,Smart Watch,Electronics,1,129.99,129.99
INV102594,10511.0,2023-07-29 20:56:16,Running Shoes,Footwear,1,89.99,89.99
INV102595,10293.0,2023-07-29 22:52:47,Sunglasses,Accessories,4,35.0,140.0
INV102596,10020.0,2023-07-30 00:49:17,Sunglasses,Accessories,2,35.0,70.0
INV102597,10282.0,2023-07-30 02:45:47,Backpack,Accessories,5,49.99,249.95000000000002
INV102598,10797.0,2023-07-30 04:42:18,Stainless Steel Bottle,Fitness,3,19.99,59.97
INV102599,10001.0,2023-07-30 06:38:48,Leather Wallet,Accessories,2,29.99,59.98
INV102600,10119.0,2023-07-30 08:35:18,Backpack,Accessories,5,49.99,249.95000000000002
INV102601,10035.0,2023-07-30 10:31:49,Denim Jacket,Apparel,2,74.99,149.98
INV102602,10198.0,2023-07-30 12:28:19,Leather Wallet,Accessories,4,29.99,119.96
INV102603,10485.0,2023-07-30 14:24:49,Denim Jacket,Apparel,1,74.99,74.99
INV102604,10757.0,2023-07-30 16:21:20,Sunglasses,Accessories,1,35.0,35.0
INV102605,10059.0,2023-07-30 18:17:50,Running Shoes,Footwear,1,89.99,89.99
INV102606,10837.0,2023-07-30 20:14:20,Stainless Steel Bottle,Fitness,2,19.99,39.98
INV102607,10161.0,2023-07-30 22:10:51,Denim Jacket,Apparel,2,74.99,149.98
INV102608,10691.0,2023-07-31 00:07:21,Sunglasses,Accessories,1,35.0,35.0
INV102609,10206.0,2023-07-31 02:03:52,Stainless Steel Bottle,Fitness,1,19.99,19.99
INV102610,10012.0,2023-07-31 04:00:22,Backpack,Accessories,4,49.99,199.96
INV102611,10490.0,2023-07-31 05:56:52,Running Shoes,Footwear,2,89.99,179.98
INV102612,10276.0,2023-07-31 07:53:23,Bluetooth Speaker,Electronics,1,45.0,45.0
INV102613,10693.0,2023-07-31 09:49:53,Smart Watch,Electronics,2,129.99,259.98
INV102614,10242.0,2023-07-31 11:46:23,Yoga Mat,Fitness,3,24.99,74.97
INV102615,10216.0,2023-07-31 13:42:54,Stainless Steel Bottle,Fitness,5,19.99,99.94999999999999
INV102616,10251.0,2023-07-31 15:39:24,Bluetooth Speaker,Electronics,1,45.0,45.0
INV102617,10811.0,2023-07-31 17:35:54,Bluetooth Speaker,Electronics,1,45.0,45.0
INV102618,10126.0,2023-07-31 19:32:25,Stainless Steel Bottle,Fitness,1,19.99,19.99
INV102619,10217.0,2023-07-31 21:28:55,Bluetooth Speaker,Electronics,1,45.0,45.0
INV102620,10306.0,2023-07-31 23:25:25,Denim Jacket,Apparel,4,74.99,299.96
INV102621,10797.0,2023-08-01 01:21:56,Bluetooth Speaker,Electronics,1,45.0,45.0
INV102622,10185.0,2023-08-01 03:18:26,Sunglasses,Accessories,5,35.0,175.0
INV102623,10039.0,2023-08-01 05:14:56,Leather Wallet,Accessories,1,29.99,29.99
INV102624,10223.0,2023-08-01 07:11:27,Denim Jacket,Apparel,5,74.99,374.95
INV102625,10184.0,2023-08-01 09:07:57,Bluetooth Speaker,Electronics,1,45.0,45.0
INV102626,10495.0,2023-08-01 11:04:28,Backpack,Accessories,4,49.99,199.96
INV102627,10427.0,2023-08-01 13:00:58,Smart Watch,Electronics,4,129.99,519.96
INV102628,10178.0,2023-08-01 14:57:28,Running Shoes,Footwear,5,89.99,449.95
INV102629,10919.0,2023-08-01 16:53:59,Bluetooth Speaker,Electronics,1,45.0,45.0
INV102630,10428.0,2023-08-01 18:50:29,Wireless Earbuds,Electronics,1,59.99,59.99
INV102631,10294.0,2023-08-01 20:46:59,Smart Watch,Electronics,2,129.99,259.98
INV102632,10852.0,2023-08-01 22:43:30,Backpack,Accessories,1,49.99,49.99
INV102633,10151.0,2023-08-02 00:40:00,Sunglasses,Accessories,1,35.0,35.0
INV102634,10384.0,2023-08-02 02:36:30,Bluetooth Speaker,Electronics,1,45.0,45.0
INV102635,10638.0,2023-08-02 04:33:01,Sunglasses,Accessories,2,35.0,70.0
INV102636,10813.0,2023-08-02 06:29:31,Bluetooth Speaker,Electronics,2,45.0,90.0
INV102637,10308.0,2023-08-02 08:26:01,Yoga Mat,Fitness,1,24.99,24.99
INV102638,10336.0,2023-08-02 10:22:32,Leather Wallet,Accessories,1,29.99,29.99
INV102639,10946.0,2023-08-02 12:19:02,Sunglasses,Accessories,1,35.0,35.0
INV102640,10746.0,2023-08-02 14:15:33,Leather Wallet,Accessories,2,29.99,59.98
INV102641,10892.0,2023-08-02 16:12:03,Smart Watch,Electronics,1,129.99,129.99
INV102642,10375.0,2023-08-02 18:08:33,Yoga Mat,Fitness,1,24.99,24.99
INV102643,10008.0,2023-08-02 20:05:04,Running Shoes,Footwear,4,89.99,359.96
INV102644,10341.0,2023-08-02 22:01:34,Denim Jacket,Apparel,10,74.99,749.9
INV102645,10129.0,2023-08-02 23:58:04,Leather Wallet,Accessories,8,29.99,239.92
INV102646,10776.0,2023-08-03 01:54:35,Yoga Mat,Fitness,4,24.99,99.96
INV102647,10669.0,2023-08-03 03:51:05,Leather Wallet,Accessories,1,29.99,29.99
INV102648,10352.0,2023-08-03 05:47:35,Stainless Steel Bottle,Fitness,2,19.99,39.98
INV102649,10358.0,2023-08-03 07:44:06,Backpack,Accessories,1,49.99,49.99
INV102650,10517.0,2023-08-03 09:40:36,Running Shoes,Footwear,2,89.99,179.98
INV102651,10495.0,2023-08-03 11:37:06,Backpack,Accessories,1,49.99,49.99
INV102652,10086.0,2023-08-03 13:33:37,Bluetooth Speaker,Electronics,2,45.0,90.0
INV102653,10175.0,2023-08-03 15:30:07,Leather Wallet,Accessories,2,29.99,59.98
INV102654,10802.0,2023-08-03 17:26:37,Bluetooth Speaker,Electronics,1,45.0,45.0
INV102655,10193.0,2023-08-03 19:23:08,Wireless Earbuds,Electronics,3,59.99,179.97
INV102656,10311.0,2023-08-03 21:19:38,Leather Wallet,Accessories,1,29.99,29.99
INV102657,10119.0,2023-08-03 23:16:09,Yoga Mat,Fitness,1,24.99,24.99
INV102658,10218.0,2023-08-04 01:12:39,Running Shoes,Footwear,1,89.99,89.99
INV102659,10427.0,2023-08-04 03:09:09,Bluetooth Speaker,Electronics,1,45.0,45.0
INV102660,10414.0,2023-08-04 05:05:40,Leather Wallet,Accessories,1,29.99,29.99
INV102661,10114.0,2023-08-04 07:02:10,Wireless Earbuds,Electronics,4,59.99,239.96
INV102662,10145.0,2023-08-04 08:58:40,Backpack,Accessories,1,49.99,49.99
INV102663,10538.0,2023-08-04 10:55:11,Yoga Mat,Fitness,1,24.99,24.99
INV102664,10648.0,2023-08-04 12:51:41,Stainless Steel Bottle,Fitness,1,19.99,19.99
INV102665,10303.0,2023-08-04 14:48:11,Leather Wallet,Accessories,2,29.99,59.98
INV102666,10744.0,2023-08-04 16:44:42,Stainless Steel Bottle,Fitness,3,19.99,59.97
INV102667,10881.0,2023-08-04 18:41:12,Smart Watch,Electronics,2,129.99,259.98
INV102668,10588.0,2023-08-04 20:37:42,Running Shoes,Footwear,2,89.99,179.98
INV102669,10840.0,2023-08-04 22:34:13,Leather Wallet,Accessories,4,29.99,119.96
INV102670,10345.0,2023-08-05 00:30:43,Sunglasses,Accessories,3,35.0,105.0
INV102671,10814.0,2023-08-05 02:27:13,Wireless Earbuds,Electronics,2,59.99,119.98
INV102672,10801.0,2023-08-05 04:23:44,Bluetooth Speaker,Electronics,1,45.0,45.0
INV102673,10001.0,2023-08-05 06:20:14,Sunglasses,Accessories,2,35.0,70.0
INV102674,10147.0,2023-08-05 08:16:45,Smart Watch,Electronics,2,129.99,259.98
INV102675,10287.0,2023-08-05 10:13:15,Running Shoes,Footwear,2,89.99,179.98
INV102676,10654.0,2023-08-05 12:09:45,Backpack,Accessories,3,49.99,149.97
INV102677,10053.0,2023-08-05 14:06:16,Yoga Mat,Fitness,2,24.99,49.98
INV102678,10304.0,2023-08-05 16:02:46,Stainless Steel Bottle,Fitness,3,19.99,59.97
INV102679,10069.0,2023-08-05 17:59:16,Smart Watch,Electronics,1,129.99,129.99
INV102680,10361.0,2023-08-05 19:55:47,Bluetooth Speaker,Electronics,1,45.0,45.0
INV102681,10602.0,2023-08-05 21:52:17,Yoga Mat,Fitness,1,24.99,24.99
INV102682,10220.0,2023-08-05 23:48:47,Backpack,Accessories,4,49.99,199.96
INV102683,10704.0,2023-08-06 01:45:18,Bluetooth Speaker,Electronics,3,45.0,135.0
INV102684,10575.0,2023-08-06 03:41:48,Wireless Earbuds,Electronics,2,59.99,119.98
INV102685,10585.0,2023-08-06 05:38:18,Stainless Steel Bottle,Fitness,2,19.99,39.98
INV102686,10161.0,2023-08-06 07:34:49,Sunglasses,Accessories,2,35.0,70.0
INV102687,10681.0,2023-08-06 09:31:19,Leather Wallet,Accessories,5,29.99,149.95
INV102688,10089.0,2023-08-06 11:27:49,Smart Watch,Electronics,3,129.99,389.97
INV102689,10688.0,2023-08-06 13:24:20,Leather Wallet,Accessories,2,29.99,59.98
INV102690,10781.0,2023-08-06 15:20:50,Yoga Mat,Fitness,2,24.99,49.98
INV102691,10585.0,2023-08-06 17:17:21,Leather Wallet,Accessories,1,29.99,29.99
INV102692,10757.0,2023-08-06 19:13:51,Sunglasses,Accessories,2,35.0,70.0
INV102693,10589.0,2023-08-06 21:10:21,Denim Jacket,Apparel,1,74.99,74.99
INV102694,10159.0,2023-08-06 23:06:52,Yoga Mat,Fitness,1,24.99,24.99
INV102695,10489.0,2023-08-07 01:03:22,Stainless Steel Bottle,Fitness,3,19.99,59.97
INV102696,10324.0,2023-08-07 02:59:52,Bluetooth Speaker,Electronics,2,45.0,90.0
INV102697,10610.0,2023-08-07 04:56:23,Stainless Steel Bottle,Fitness,5,19.99,99.94999999999999
INV102698,10381.0,2023-08-07 06:52:53,Leather Wallet,Accessories,1,29.99,29.99
INV102699,10102.0,2023-08-07 08:49:23,Running Shoes,Footwear,1,89.99,89.99
INV102700,10494.0,2023-08-07 10:45:54,Yoga Mat,Fitness,1,24.99,24.99
INV102701,10644.0,2023-08-07 12:42:24,Bluetooth Speaker,Electronics,1,45.0,45.0
INV102702,10614.0,2023-08-07 14:38:54,Backpack,Accessories,1,49.99,49.99
INV102703,10019.0,2023-08-07 16:35:25,Wireless Earbuds,Electronics,1,59.99,59.99
INV102704,10454.0,2023-08-07 18:31:55,Stainless Steel Bottle,Fitness,1,19.99,19.99
INV102705,10482.0,2023-08-07 20:28:25,Stainless Steel Bottle,Fitness,1,19.99,19.99
INV102706,10594.0,2023-08-07 22:24:56,Yoga Mat,Fitness,1,24.99,24.99
INV102707,10397.0,2023-08-08 00:21:26,Running Shoes,Footwear,2,89.99,179.98
INV102708,10279.0,2023-08-08 02:17:57,Leather Wallet,Accessories,1,29.99,29.99
INV102709,10851.0,2023-08-08 04:14:27,Leather Wallet,Accessories,2,29.99,59.98
INV102710,10365.0,2023-08-08 06:10:57,Yoga Mat,Fitness,3,24.99,74.97
INV102711,10331.0,2023-08-08 08:07:28,Stainless Steel Bottle,Fitness,1,19.99,19.99
INV102712,10641.0,2023-08-08 10:03:58,Bluetooth Speaker,Electronics,4,45.0,180.0
INV102713,10344.0,2023-08-08 12:00:28,Wireless Earbuds,Electronics,2,59.99,119.98
INV102714,10822.0,2023-08-08 13:56:59,Yoga Mat,Fitness,2,24.99,49.98
INV102715,10455.0,2023-08-08 15:53:29,Bluetooth Speaker,Electronics,1,45.0,45.0
INV102716,10601.0,2023-08-08 17:49:59,Bluetooth Speaker,Electronics,3,45.0,135.0
INV102717,10725.0,2023-08-08 19:46:30,Backpack,Accessories,3,49.99,149.97
INV102718,10655.0,2023-08-08 21:43:00,Sunglasses,Accessories,1,35.0,35.0
INV102719,10065.0,2023-08-08 23:39:30,Denim Jacket,Apparel,1,74.99,74.99
INV102720,10076.0,2023-08-09 01:36:01,Wireless Earbuds,Electronics,1,59.99,59.99
INV102721,10711.0,2023-08-09 03:32:31,Smart Watch,Electronics,2,129.99,259.98
INV102722,10143.0,2023-08-09 05:29:01,Running Shoes,Footwear,1,89.99,89.99
INV102723,10917.0,2023-08-09 07:25:32,Denim Jacket,Apparel,2,74.99,149.98
INV102724,10915.0,2023-08-09 09:22:02,Backpack,Accessories,1,49.99,49.99
INV102725,10828.0,2023-08-09 11:18:33,Wireless Earbuds,Electronics,3,59.99,179.97
INV102726,10605.0,2023-08-09 13:15:03,Leather Wallet,Accessories,1,29.99,29.99
INV102727,10473.0,2023-08-09 15:11:33,Denim Jacket,Apparel,1,74.99,74.99
INV102728,10417.0,2023-08-09 17:08:04,Leather Wallet,Accessories,2,29.99,59.98
INV102729,10305.0,2023-08-09 19:04:34,Running Shoes,Footwear,1,89.99,89.99
INV102730,10736.0,2023-08-09 21:01:04,Leather Wallet,Accessories,1,29.99,29.99
INV102731,10497.0,2023-08-09 22:57:35,Running Shoes,Footwear,1,89.99,89.99
INV102732,10291.0,2023-08-10 00:54:05,Wireless Earbuds,Electronics,2,59.99,119.98
INV102733,10940.0,2023-08-10 02:50:35,Stainless Steel Bottle,Fitness,4,19.99,79.96
INV102734,10102.0,2023-08-10 04:47:06,Running Shoes,Footwear,3,89.99,269.96999999999997
INV102735,10267.0,2023-08-10 06:43:36,Bluetooth Speaker,Electronics,1,45.0,45.0
INV102736,10867.0,2023-08-10 08:40:06,Smart Watch,Electronics,1,129.99,129.99
INV102737,10622.0,2023-08-10 10:36:37,Smart Watch,Electronics,2,129.99,259.98
INV102738,10842.0,2023-08-10 12:33:07,Yoga Mat,Fitness,2,24.99,49.98
INV102739,10942.0,2023-08-10 14:29:37,Smart Watch,Electronics,1,129.99,129.99
INV102740,10777.0,2023-08-10 16:26:08,Yoga Mat,Fitness,1,24.99,24.99
INV102741,10003.0,2023-08-10 18:22:38,Smart Watch,Electronics,1,129.99,129.99
INV102742,10085.0,2023-08-10 20:19:09,Running Shoes,Footwear,3,89.99,269.96999999999997
INV102743,10794.0,2023-08-10 22:15:39,Bluetooth Speaker,Electronics,1,45.0,45.0
INV102744,10328.0,2023-08-11 00:12:09,Stainless Steel Bottle,Fitness,3,19.99,59.97
INV102745,10816.0,2023-08-11 02:08:40,Leather Wallet,Accessories,1,29.99,29.99
INV102746,10450.0,2023-08-11 04:05:10,Backpack,Accessories,1,49.99,49.99
INV102747,10454.0,2023-08-11 06:01:40,Smart Watch,Electronics,1,129.99,129.99
INV102748,10924.0,2023-08-11 07:58:11,Stainless Steel Bottle,Fitness,1,19.99,19.99
INV102749,10629.0,2023-08-11 09:54:41,Stainless Steel Bottle,Fitness,1,19.99,19.99
INV102750,10221.0,2023-08-11 11:51:11,Running Shoes,Footwear,1,89.99,89.99
INV102751,10154.0,2023-08-11 13:47:42,Wireless Earbuds,Electronics,1,59.99,59.99
INV102752,10665.0,2023-08-11 15:44:12,Wireless Earbuds,Electronics,1,59.99,59.99
INV102753,10012.0,2023-08-11 17:40:42,Smart Watch,Electronics,1,129.99,129.99
INV102754,10133.0,2023-08-11 19:37:13,Backpack,Accessories,5,49.99,249.95000000000002
INV102755,10304.0,2023-08-11 21:33:43,Smart Watch,Electronics,2,129.99,259.98
INV102756,10293.0,2023-08-11 23:30:14,Smart Watch,Electronics,2,129.99,259.98
INV102757,10300.0,2023-08-12 01:26:44,Yoga Mat,Fitness,1,24.99,24.99
INV102758,10740.0,2023-08-12 03:23:14,Bluetooth Speaker,Electronics,1,45.0,45.0
INV102759,,2023-08-12 05:19:45,Bluetooth Speaker,Electronics,1,45.0,45.0
INV102760,10043.0,2023-08-12 07:16:15,Backpack,Accessories,2,49.99,99.98
INV102761,10944.0,2023-08-12 09:12:45,Yoga Mat,Fitness,1,24.99,24.99
INV102762,10343.0,2023-08-12 11:09:16,Stainless Steel Bottle,Fitness,1,19.99,19.99
INV102763,10326.0,2023-08-12 13:05:46,Yoga Mat,Fitness,3,24.99,74.97
INV102764,10814.0,2023-08-12 15:02:16,Smart Watch,Electronics,1,129.99,129.99
INV102765,10498.0,2023-08-12 16:58:47,Wireless Earbuds,Electronics,1,59.99,59.99
INV102766,10364.0,2023-08-12 18:55:17,Denim Jacket,Apparel,1,74.99,74.99
INV102767,10891.0,2023-08-12 20:51:47,Backpack,Accessories,2,49.99,99.98
INV102768,10427.0,2023-08-12 22:48:18,Stainless Steel Bottle,Fitness,3,19.99,59.97
INV102769,10021.0,2023-08-13 00:44:48,Running Shoes,Footwear,1,89.99,89.99
INV102770,10407.0,2023-08-13 02:41:18,Denim Jacket,Apparel,1,74.99,74.99
INV102771,10619.0,2023-08-13 04:37:49,Denim Jacket,Apparel,2,74.99,149.98
INV102772,10336.0,2023-08-13 06:34:19,Yoga Mat,Fitness,1,24.99,24.99
INV102773,10815.0,2023-08-13 08:30:50,Leather Wallet,Accessories,2,29.99,59.98
INV102774,10117.0,2023-08-13 10:27:20,Denim Jacket,Apparel,2,74.99,149.98
INV102775,10124.0,2023-08-13 12:23:50,Smart Watch,Electronics,1,129.99,129.99
INV102776,10399.0,2023-08-13 14:20:21,Sunglasses,Accessories,1,35.0,35.0
INV102777,10793.0,2023-08-13 16:16:51,Wireless Earbuds,Electronics,2,59.99,119.98
INV102778,10804.0,2023-08-13 18:13:21,Wireless Earbuds,Electronics,1,59.99,59.99
INV102779,10715.0,2023-08-13 20:09:52,Sunglasses,Accessories,1,35.0,35.0
INV102780,10051.0,2023-08-13 22:06:22,Bluetooth Speaker,Electronics,3,45.0,135.0
INV102781,10783.0,2023-08-14 00:02:52,Smart Watch,Electronics,1,129.99,129.99
INV102782,10324.0,2023-08-14 01:59:23,Running Shoes,Footwear,1,89.99,89.99
INV102783,10789.0,2023-08-14 03:55:53,Denim Jacket,Apparel,1,74.99,74.99
INV102784,10141.0,2023-08-14 05:52:23,Bluetooth Speaker,Electronics,2,45.0,90.0
INV102785,10470.0,2023-08-14 07:48:54,Smart Watch,Electronics,1,129.99,129.99
INV102786,10787.0,2023-08-14 09:45:24,Yoga Mat,Fitness,5,24.99,124.94999999999999
INV102787,10802.0,2023-08-14 11:41:54,Wireless Earbuds,Electronics,2,59.99,119.98
INV102788,10334.0,2023-08-14 13:38:25,Bluetooth Speaker,Electronics,1,45.0,45.0
INV102789,10893.0,2023-08-14 15:34:55,Backpack,Accessories,1,49.99,49.99
INV102790,10373.0,2023-08-14 17:31:26,Denim Jacket,Apparel,1,74.99,74.99
INV102791,10564.0,2023-08-14 19:27:56,Denim Jacket,Apparel,2,74.99,149.98
INV102792,10494.0,2023-08-14 21:24:26,Running Shoes,Footwear,3,89.99,269.96999999999997
INV102793,10539.0,2023-08-14 23:20:57,Leather Wallet,Accessories,2,29.99,59.98
INV102794,10669.0,2023-08-15 01:17:27,Backpack,Accessories,1,49.99,49.99
INV102795,10751.0,2023-08-15 03:13:57,Denim Jacket,Apparel,2,74.99,149.98
INV102796,10156.0,2023-08-15 05:10:28,Stainless Steel Bottle,Fitness,1,19.99,19.99
INV102797,10291.0,2023-08-15 07:06:58,Backpack,Accessories,3,49.99,149.97
INV102798,10648.0,2023-08-15 09:03:28,Denim Jacket,Apparel,2,74.99,149.98
INV102799,10144.0,2023-08-15 10:59:59,Sunglasses,Accessories,1,35.0,35.0
INV102800,10106.0,2023-08-15 12:56:29,Backpack,Accessories,1,49.99,49.99
INV102801,10420.0,2023-08-15 14:52:59,Smart Watch,Electronics,3,129.99,389.97
INV102802,10670.0,2023-08-15 16:49:30,Backpack,Accessories,3,49.99,149.97
INV102803,10658.0,2023-08-15 18:46:00,Running Shoes,Footwear,1,89.99,89.99
INV102804,10002.0,2023-08-15 20:42:30,Yoga Mat,Fitness,1,24.99,24.99
INV102805,10945.0,2023-08-15 22:39:01,Yoga Mat,Fitness,2,24.99,49.98
INV102806,10589.0,2023-08-16 00:35:31,Yoga Mat,Fitness,1,24.99,24.99
INV102807,10644.0,2023-08-16 02:32:02,Smart Watch,Electronics,1,129.99,129.99
INV102808,10090.0,2023-08-16 04:28:32,Bluetooth Speaker,Electronics,1,45.0,45.0
INV102809,10345.0,2023-08-16 06:25:02,Yoga Mat,Fitness,1,24.99,24.99
INV102810,10350.0,2023-08-16 08:21:33,Wireless Earbuds,Electronics,2,59.99,119.98
INV102811,10459.0,2023-08-16 10:18:03,Smart Watch,Electronics,10,129.99,1299.9
INV102812,10263.0,2023-08-16 12:14:33,Bluetooth Speaker,Electronics,2,45.0,90.0
INV102813,10351.0,2023-08-16 14:11:04,Wireless Earbuds,Electronics,1,59.99,59.99
INV102814,10108.0,2023-08-16 16:07:34,Wireless Earbuds,Electronics,2,59.99,119.98
INV102815,10586.0,2023-08-16 18:04:04,Wireless Earbuds,Electronics,1,59.99,59.99
INV102816,10039.0,2023-08-16 20:00:35,Stainless Steel Bottle,Fitness,1,19.99,19.99
INV102817,10909.0,2023-08-16 21:57:05,Running Shoes,Footwear,4,89.99,359.96
INV102818,10159.0,2023-08-16 23:53:35,Running Shoes,Footwear,1,89.99,89.99
INV102819,10583.0,2023-08-17 01:50:06,Smart Watch,Electronics,10,129.99,1299.9
INV102820,10312.0,2023-08-17 03:46:36,Wireless Earbuds,Electronics,1,59.99,59.99
INV102821,10241.0,2023-08-17 05:43:06,Sunglasses,Accessories,2,35.0,70.0
INV102822,10938.0,2023-08-17 07:39:37,Backpack,Accessories,1,49.99,49.99
INV102823,10445.0,2023-08-17 09:36:07,Bluetooth Speaker,Electronics,1,45.0,45.0
INV102824,10298.0,2023-08-17 11:32:38,Running Shoes,Footwear,1,89.99,89.99
INV102825,10036.0,2023-08-17 13:29:08,Yoga Mat,Fitness,3,24.99,74.97
INV102826,10084.0,2023-08-17 15:25:38,Smart Watch,Electronics,3,129.99,389.97
INV102827,10452.0,2023-08-17 17:22:09,Bluetooth Speaker,Electronics,3,45.0,135.0
INV102828,10886.0,2023-08-17 19:18:39,Smart Watch,Electronics,2,129.99,259.98
INV102829,10775.0,2023-08-17 21:15:09,Sunglasses,Accessories,3,35.0,105.0
INV102830,10822.0,2023-08-17 23:11:40,Stainless Steel Bottle,Fitness,1,19.99,19.99
INV102831,10385.0,2023-08-18 01:08:10,Stainless Steel Bottle,Fitness,1,19.99,19.99
INV102832,10172.0,2023-08-18 03:04:40,Wireless Earbuds,Electronics,2,59.99,119.98
INV102833,10376.0,2023-08-18 05:01:11,Stainless Steel Bottle,Fitness,2,19.99,39.98
INV102834,10685.0,2023-08-18 06:57:41,Smart Watch,Electronics,2,129.99,259.98
INV102835,10362.0,2023-08-18 08:54:11,Yoga Mat,Fitness,1,24.99,24.99
INV102836,10559.0,2023-08-18 10:50:42,Wireless Earbuds,Electronics,1,59.99,59.99
INV102837,10891.0,2023-08-18 12:47:12,Denim Jacket,Apparel,4,74.99,299.96
INV102838,10141.0,2023-08-18 14:43:42,Bluetooth Speaker,Electronics,2,45.0,90.0
INV102839,10887.0,2023-08-18 16:40:13,Sunglasses,Accessories,1,35.0,35.0
INV102840,10918.0,2023-08-18 18:36:43,Wireless Earbuds,Electronics,3,59.99,179.97
INV102841,10118.0,2023-08-18 20:33:14,Smart Watch,Electronics,4,129.99,519.96
INV102842,10277.0,2023-08-18 22:29:44,Bluetooth Speaker,Electronics,1,45.0,45.0
INV102843,10726.0,2023-08-19 00:26:14,Yoga Mat,Fitness,3,24.99,74.97
INV102844,10220.0,2023-08-19 02:22:45,Leather Wallet,Accessories,4,29.99,119.96
INV102845,10905.0,2023-08-19 04:19:15,Sunglasses,Accessories,4,35.0,140.0
INV102846,10026.0,2023-08-19 06:15:45,Smart Watch,Electronics,4,129.99,519.96
INV102847,10521.0,2023-08-19 08:12:16,Sunglasses,Accessories,2,35.0,70.0
INV102848,10783.0,2023-08-19 10:08:46,Running Shoes,Footwear,1,89.99,89.99
INV102849,10010.0,2023-08-19 12:05:16,Leather Wallet,Accessories,1,29.99,29.99
INV102850,10378.0,2023-08-19 14:01:47,Bluetooth Speaker,Electronics,1,45.0,45.0
INV102851,10633.0,2023-08-19 15:58:17,Stainless Steel Bottle,Fitness,1,19.99,19.99
INV102852,10637.0,2023-08-19 17:54:47,Smart Watch,Electronics,1,129.99,129.99
INV102853,10682.0,2023-08-19 19:51:18,Sunglasses,Accessories,1,35.0,35.0
INV102854,10584.0,2023-08-19 21:47:48,Bluetooth Speaker,Electronics,1,45.0,45.0
INV102855,10152.0,2023-08-19 23:44:18,Stainless Steel Bottle,Fitness,1,19.99,19.99
INV102856,10720.0,2023-08-20 01:40:49,Yoga Mat,Fitness,3,24.99,74.97
INV102857,10049.0,2023-08-20 03:37:19,Yoga Mat,Fitness,1,24.99,24.99
INV102858,10154.0,2023-08-20 05:33:50,Sunglasses,Accessories,2,35.0,70.0
INV102859,10859.0,2023-08-20 07:30:20,Wireless Earbuds,Electronics,2,59.99,119.98
INV102860,10293.0,2023-08-20 09:26:50,Running Shoes,Footwear,1,89.99,89.99
INV102861,10580.0,2023-08-20 11:23:21,Wireless Earbuds,Electronics,5,59.99,299.95
INV102862,10050.0,2023-08-20 13:19:51,Running Shoes,Footwear,2,89.99,179.98
INV102863,10664.0,2023-08-20 15:16:21,Smart Watch,Electronics,1,129.99,129.99
INV102864,10531.0,2023-08-20 17:12:52,Denim Jacket,Apparel,1,74.99,74.99
INV102865,10612.0,2023-08-20 19:09:22,Sunglasses,Accessories,1,35.0,35.0
INV102866,10060.0,2023-08-20 21:05:52,Backpack,Accessories,1,49.99,49.99
INV102867,10167.0,2023-08-20 23:02:23,Sunglasses,Accessories,1,35.0,35.0
INV102868,10202.0,2023-08-21 00:58:53,Leather Wallet,Accessories,2,29.99,59.98
INV102869,10857.0,2023-08-21 02:55:23,Stainless Steel Bottle,Fitness,4,19.99,79.96
INV102870,10146.0,2023-08-21 04:51:54,Leather Wallet,Accessories,2,29.99,59.98
INV102871,10915.0,2023-08-21 06:48:24,Yoga Mat,Fitness,1,24.99,24.99
INV102872,10676.0,2023-08-21 08:44:54,Running Shoes,Footwear,1,89.99,89.99
INV102873,10439.0,2023-08-21 10:41:25,Stainless Steel Bottle,Fitness,1,19.99,19.99
INV102874,10242.0,2023-08-21 12:37:55,Yoga Mat,Fitness,1,24.99,24.99
INV102875,10581.0,2023-08-21 14:34:26,Stainless Steel Bottle,Fitness,1,19.99,19.99
INV102876,10687.0,2023-08-21 16:30:56,Wireless Earbuds,Electronics,3,59.99,179.97
INV102877,10561.0,2023-08-21 18:27:26,Yoga Mat,Fitness,1,24.99,24.99
INV102878,10483.0,2023-08-21 20:23:57,Wireless Earbuds,Electronics,3,59.99,179.97
INV102879,10108.0,2023-08-21 22:20:27,Wireless Earbuds,Electronics,1,59.99,59.99
INV102880,10226.0,2023-08-22 00:16:57,Stainless Steel Bottle,Fitness,5,19.99,99.94999999999999
INV102881,10673.0,2023-08-22 02:13:28,Bluetooth Speaker,Electronics,2,45.0,90.0
INV102882,10631.0,2023-08-22 04:09:58,Leather Wallet,Accessories,2,29.99,59.98
INV102883,10661.0,2023-08-22 06:06:28,Yoga Mat,Fitness,1,24.99,24.99
INV102884,10662.0,2023-08-22 08:02:59,Backpack,Accessories,3,49.99,149.97
INV102885,10432.0,2023-08-22 09:59:29,Bluetooth Speaker,Electronics,3,45.0,135.0
INV102886,10805.0,2023-08-22 11:55:59,Leather Wallet,Accessories,2,29.99,59.98
INV102887,10655.0,2023-08-22 13:52:30,Yoga Mat,Fitness,2,24.99,49.98
INV102888,10419.0,2023-08-22 15:49:00,Running Shoes,Footwear,2,89.99,179.98
INV102889,10455.0,2023-08-22 17:45:31,Leather Wallet,Accessories,1,29.99,29.99
INV102890,10160.0,2023-08-22 19:42:01,Backpack,Accessories,2,49.99,99.98
INV102891,10523.0,2023-08-22 21:38:31,Sunglasses,Accessories,3,35.0,105.0
INV102892,10650.0,2023-08-22 23:35:02,Smart Watch,Electronics,1,129.99,129.99
INV102893,10590.0,2023-08-23 01:31:32,Wireless Earbuds,Electronics,1,59.99,59.99
INV102894,10077.0,2023-08-23 03:28:02,Smart Watch,Electronics,1,129.99,129.99
INV102895,10509.0,2023-08-23 05:24:33,Bluetooth Speaker,Electronics,2,45.0,90.0
INV102896,10441.0,2023-08-23 07:21:03,Sunglasses,Accessories,1,35.0,35.0
INV102897,10254.0,2023-08-23 09:17:33,Wireless Earbuds,Electronics,1,59.99,59.99
INV102898,10921.0,2023-08-23 11:14:04,Yoga Mat,Fitness,1,24.99,24.99
INV102899,10770.0,2023-08-23 13:10:34,Bluetooth Speaker,Electronics,3,45.0,135.0
INV102900,10320.0,2023-08-23 15:07:04,Backpack,Accessories,1,49.99,49.99
INV102901,10803.0,2023-08-23 17:03:35,Stainless Steel Bottle,Fitness,2,19.99,39.98
INV102902,10263.0,2023-08-23 19:00:05,Yoga Mat,Fitness,1,24.99,24.99
INV102903,10597.0,2023-08-23 20:56:35,Leather Wallet,Accessories,3,29.99,89.97
INV102904,10658.0,2023-08-23 22:53:06,Stainless Steel Bottle,Fitness,5,19.99,99.94999999999999
INV102905,10835.0,2023-08-24 00:49:36,Bluetooth Speaker,Electronics,1,45.0,45.0
INV102906,10554.0,2023-08-24 02:46:07,Leather Wallet,Accessories,1,29.99,29.99
INV102907,10374.0,2023-08-24 04:42:37,Backpack,Accessories,3,49.99,149.97
INV102908,10637.0,2023-08-24 06:39:07,Smart Watch,Electronics,1,129.99,129.99
INV102909,10167.0,2023-08-24 08:35:38,Leather Wallet,Accessories,1,29.99,29.99
INV102910,10937.0,2023-08-24 10:32:08,Smart Watch,Electronics,3,129.99,389.97
INV102911,10753.0,2023-08-24 12:28:38,Wireless Earbuds,Electronics,8,59.99,479.92
INV102912,10459.0,2023-08-24 14:25:09,Running Shoes,Footwear,2,89.99,179.98
INV102913,10280.0,2023-08-24 16:21:39,Denim Jacket,Apparel,1,74.99,74.99
INV102914,10700.0,2023-08-24 18:18:09,Yoga Mat,Fitness,1,24.99,24.99
INV102915,10302.0,2023-08-24 20:14:40,Denim Jacket,Apparel,1,74.99,74.99
INV102916,10531.0,2023-08-24 22:11:10,Wireless Earbuds,Electronics,3,59.99,179.97
INV102917,10580.0,2023-08-25 00:07:40,Leather Wallet,Accessories,3,29.99,89.97
INV102918,10218.0,2023-08-25 02:04:11,Wireless Earbuds,Electronics,4,59.99,239.96
INV102919,10102.0,2023-08-25 04:00:41,Denim Jacket,Apparel,1,74.99,74.99
INV102920,10554.0,2023-08-25 05:57:11,Denim Jacket,Apparel,2,74.99,149.98
INV102921,10288.0,2023-08-25 07:53:42,Yoga Mat,Fitness,1,24.99,24.99
INV102922,10167.0,2023-08-25 09:50:12,Stainless Steel Bottle,Fitness,1,19.99,19.99
INV102923,10621.0,2023-08-25 11:46:43,Sunglasses,Accessories,3,35.0,105.0
INV102924,10036.0,2023-08-25 13:43:13,Wireless Earbuds,Electronics,1,59.99,59.99
INV102925,10744.0,2023-08-25 15:39:43,Running Shoes,Footwear,2,89.99,179.98
INV102926,10741.0,2023-08-25 17:36:14,Sunglasses,Accessories,2,35.0,70.0
INV102927,10353.0,2023-08-25 19:32:44,Wireless Earbuds,Electronics,5,59.99,299.95
INV102928,10676.0,2023-08-25 21:29:14,Backpack,Accessories,3,49.99,149.97
INV102929,10899.0,2023-08-25 23:25:45,Bluetooth Speaker,Electronics,3,45.0,135.0
INV102930,10073.0,2023-08-26 01:22:15,Bluetooth Speaker,Electronics,2,45.0,90.0
INV102931,10648.0,2023-08-26 03:18:45,Denim Jacket,Apparel,1,74.99,74.99
INV102932,10353.0,2023-08-26 05:15:16,Bluetooth Speaker,Electronics,1,45.0,45.0
INV102933,10891.0,2023-08-26 07:11:46,Smart Watch,Electronics,2,129.99,259.98
INV102934,10070.0,2023-08-26 09:08:16,Running Shoes,Footwear,2,89.99,179.98
INV102935,10425.0,2023-08-26 11:04:47,Bluetooth Speaker,Electronics,2,45.0,90.0
INV102936,10708.0,2023-08-26 13:01:17,Leather Wallet,Accessories,1,29.99,29.99
INV102937,10781.0,2023-08-26 14:57:47,Smart Watch,Electronics,1,129.99,129.99
INV102938,10561.0,2023-08-26 16:54:18,Sunglasses,Accessories,1,35.0,35.0
INV102939,10828.0,2023-08-26 18:50:48,Smart Watch,Electronics,2,129.99,259.98
INV102940,10642.0,2023-08-26 20:47:19,Wireless Earbuds,Electronics,2,59.99,119.98
INV102941,10517.0,2023-08-26 22:43:49,Denim Jacket,Apparel,2,74.99,149.98
INV102942,10428.0,2023-08-27 00:40:19,Yoga Mat,Fitness,1,24.99,24.99
INV102943,10539.0,2023-08-27 02:36:50,Yoga Mat,Fitness,1,24.99,24.99
INV102944,10160.0,2023-08-27 04:33:20,Backpack,Accessories,3,49.99,149.97
INV102945,10149.0,2023-08-27 06:29:50,Running Shoes,Footwear,3,89.99,269.96999999999997
INV102946,10776.0,2023-08-27 08:26:21,Wireless Earbuds,Electronics,1,59.99,59.99
INV102947,10230.0,2023-08-27 10:22:51,Yoga Mat,Fitness,2,24.99,49.98
INV102948,10712.0,2023-08-27 12:19:21,Denim Jacket,Apparel,1,74.99,74.99
INV102949,10562.0,2023-08-27 14:15:52,Sunglasses,Accessories,2,35.0,70.0
INV102950,10067.0,2023-08-27 16:12:22,Yoga Mat,Fitness,3,24.99,74.97
INV102951,10812.0,2023-08-27 18:08:52,Leather Wallet,Accessories,2,29.99,59.98
INV102952,10381.0,2023-08-27 20:05:23,Smart Watch,Electronics,2,129.99,259.98
INV102953,10058.0,2023-08-27 22:01:53,Yoga Mat,Fitness,1,24.99,24.99
INV102954,10259.0,2023-08-27 23:58:23,Wireless Earbuds,Electronics,2,59.99,119.98
INV102955,10342.0,2023-08-28 01:54:54,Bluetooth Speaker,Electronics,2,45.0,90.0
INV102956,10838.0,2023-08-28 03:51:24,Bluetooth Speaker,Electronics,2,45.0,90.0
INV102957,10130.0,2023-08-28 05:47:55,Sunglasses,Accessories,2,35.0,70.0
INV102958,10727.0,2023-08-28 07:44:25,Bluetooth Speaker,Electronics,1,45.0,45.0
INV102959,10172.0,2023-08-28 09:40:55,Sunglasses,Accessories,5,35.0,175.0
INV102960,10770.0,2023-08-28 11:37:26,Wireless Earbuds,Electronics,3,59.99,179.97
INV102961,10614.0,2023-08-28 13:33:56,Running Shoes,Footwear,1,89.99,89.99
INV102962,10209.0,2023-08-28 15:30:26,Bluetooth Speaker,Electronics,2,45.0,90.0
INV102963,10803.0,2023-08-28 17:26:57,Backpack,Accessories,1,49.99,49.99
INV102964,10354.0,2023-08-28 19:23:27,Denim Jacket,Apparel,1,74.99,74.99
INV102965,10471.0,2023-08-28 21:19:57,Smart Watch,Electronics,1,129.99,129.99
INV102966,10798.0,2023-08-28 23:16:28,Bluetooth Speaker,Electronics,2,45.0,90.0
INV102967,,2023-08-29 01:12:58,Sunglasses,Accessories,3,35.0,105.0
INV102968,10264.0,2023-08-29 03:09:28,Wireless Earbuds,Electronics,2,59.99,119.98
INV102969,10662.0,2023-08-29 05:05:59,Bluetooth Speaker,Electronics,2,45.0,90.0
INV102970,10812.0,2023-08-29 07:02:29,Yoga Mat,Fitness,1,24.99,24.99
INV102971,10442.0,2023-08-29 08:58:59,Bluetooth Speaker,Electronics,1,45.0,45.0
INV102972,10548.0,2023-08-29 10:55:30,Sunglasses,Accessories,1,35.0,35.0
INV102973,10453.0,2023-08-29 12:52:00,Leather Wallet,Accessories,3,29.99,89.97
INV102974,10845.0,2023-08-29 14:48:31,Leather Wallet,Accessories,4,29.99,119.96
INV102975,10477.0,2023-08-29 16:45:01,Bluetooth Speaker,Electronics,1,45.0,45.0
INV102976,10287.0,2023-08-29 18:41:31,Smart Watch,Electronics,2,129.99,259.98
INV102977,10303.0,2023-08-29 20:38:02,Wireless Earbuds,Electronics,4,59.99,239.96
INV102978,10311.0,2023-08-29 22:34:32,Backpack,Accessories,1,49.99,49.99
INV102979,10208.0,2023-08-30 00:31:02,Backpack,Accessories,3,49.99,149.97
INV102980,10618.0,2023-08-30 02:27:33,Bluetooth Speaker,Electronics,2,45.0,90.0
INV102981,10446.0,2023-08-30 04:24:03,Bluetooth Speaker,Electronics,2,45.0,90.0
INV102982,10670.0,2023-08-30 06:20:33,Leather Wallet,Accessories,1,29.99,29.99
INV102983,10633.0,2023-08-30 08:17:04,Sunglasses,Accessories,2,35.0,70.0
INV102984,10055.0,2023-08-30 10:13:34,Smart Watch,Electronics,3,129.99,389.97
INV102985,10912.0,2023-08-30 12:10:04,Bluetooth Speaker,Electronics,1,45.0,45.0
INV102986,10012.0,2023-08-30 14:06:35,Backpack,Accessories,2,49.99,99.98
INV102987,10657.0,2023-08-30 16:03:05,Wireless Earbuds,Electronics,1,59.99,59.99
INV102988,10400.0,2023-08-30 17:59:35,Running Shoes,Footwear,4,89.99,359.96
INV102989,10908.0,2023-08-30 19:56:06,Yoga Mat,Fitness,2,24.99,49.98
INV102990,10648.0,2023-08-30 21:52:36,Bluetooth Speaker,Electronics,3,45.0,135.0
INV102991,10515.0,2023-08-30 23:49:07,Sunglasses,Accessories,1,35.0,35.0
INV102992,10656.0,2023-08-31 01:45:37,Bluetooth Speaker,Electronics,1,45.0,45.0
INV102993,10542.0,2023-08-31 03:42:07,Sunglasses,Accessories,1,35.0,35.0
INV102994,10237.0,2023-08-31 05:38:38,Smart Watch,Electronics,1,129.99,129.99
INV102995,10279.0,2023-08-31 07:35:08,Running Shoes,Footwear,1,89.99,89.99
INV102996,10348.0,2023-08-31 09:31:38,Denim Jacket,Apparel,2,74.99,149.98
INV102997,10627.0,2023-08-31 11:28:09,Wireless Earbuds,Electronics,1,59.99,59.99
INV102998,10104.0,2023-08-31 13:24:39,Wireless Earbuds,Electronics,2,59.99,119.98
INV102999,10630.0,2023-08-31 15:21:09,Sunglasses,Accessories,1,35.0,35.0
INV103000,10517.0,2023-08-31 17:17:40,Leather Wallet,Accessories,2,29.99,59.98
INV103001,10872.0,2023-08-31 19:14:10,Sunglasses,Accessories,2,35.0,70.0
INV103002,10248.0,2023-08-31 21:10:40,Leather Wallet,Accessories,2,29.99,59.98
INV103003,10364.0,2023-08-31 23:07:11,Stainless Steel Bottle,Fitness,8,19.99,159.92
INV103004,10321.0,2023-09-01 01:03:41,Backpack,Accessories,1,49.99,49.99
INV103005,10633.0,2023-09-01 03:00:12,Wireless Earbuds,Electronics,1,59.99,59.99
INV103006,10286.0,2023-09-01 04:56:42,Smart Watch,Electronics,1,129.99,129.99
INV103007,10149.0,2023-09-01 06:53:12,Sunglasses,Accessories,1,35.0,35.0
INV103008,10084.0,2023-09-01 08:49:43,Smart Watch,Electronics,2,129.99,259.98
INV103009,10406.0,2023-09-01 10:46:13,Running Shoes,Footwear,1,89.99,89.99
INV103010,10456.0,2023-09-01 12:42:43,Smart Watch,Electronics,2,129.99,259.98
INV103011,10743.0,2023-09-01 14:39:14,Bluetooth Speaker,Electronics,1,45.0,45.0
INV103012,10800.0,2023-09-01 16:35:44,Backpack,Accessories,10,49.99,499.90000000000003
INV103013,10161.0,2023-09-01 18:32:14,Bluetooth Speaker,Electronics,4,45.0,180.0
INV103014,10784.0,2023-09-01 20:28:45,Yoga Mat,Fitness,1,24.99,24.99
INV103015,10460.0,2023-09-01 22:25:15,Sunglasses,Accessories,1,35.0,35.0
INV103016,10550.0,2023-09-02 00:21:45,Wireless Earbuds,Electronics,3,59.99,179.97
INV103017,10500.0,2023-09-02 02:18:16,Sunglasses,Accessories,10,35.0,350.0
INV103018,10738.0,2023-09-02 04:14:46,Backpack,Accessories,1,49.99,49.99
INV103019,10509.0,2023-09-02 06:11:16,Denim Jacket,Apparel,1,74.99,74.99
INV103020,10654.0,2023-09-02 08:07:47,Denim Jacket,Apparel,5,74.99,374.95
INV103021,10804.0,2023-09-02 10:04:17,Yoga Mat,Fitness,2,24.99,49.98
INV103022,10481.0,2023-09-02 12:00:48,Backpack,Accessories,1,49.99,49.99
INV103023,10663.0,2023-09-02 13:57:18,Stainless Steel Bottle,Fitness,2,19.99,39.98
INV103024,10114.0,2023-09-02 15:53:48,Stainless Steel Bottle,Fitness,5,19.99,99.94999999999999
INV103025,10749.0,2023-09-02 17:50:19,Stainless Steel Bottle,Fitness,3,19.99,59.97
INV103026,10578.0,2023-09-02 19:46:49,Wireless Earbuds,Electronics,2,59.99,119.98
INV103027,10361.0,2023-09-02 21:43:19,Wireless Earbuds,Electronics,2,59.99,119.98
INV103028,10341.0,2023-09-02 23:39:50,Stainless Steel Bottle,Fitness,1,19.99,19.99
INV103029,10770.0,2023-09-03 01:36:20,Denim Jacket,Apparel,3,74.99,224.96999999999997
INV103030,10761.0,2023-09-03 03:32:50,Backpack,Accessories,1,49.99,49.99
INV103031,10449.0,2023-09-03 05:29:21,Smart Watch,Electronics,4,129.99,519.96
INV103032,10843.0,2023-09-03 07:25:51,Backpack,Accessories,1,49.99,49.99
INV103033,10835.0,2023-09-03 09:22:21,Stainless Steel Bottle,Fitness,3,19.99,59.97
INV103034,10180.0,2023-09-03 11:18:52,Backpack,Accessories,1,49.99,49.99
INV103035,10702.0,2023-09-03 13:15:22,Running Shoes,Footwear,2,89.99,179.98
INV103036,10407.0,2023-09-03 15:11:52,Wireless Earbuds,Electronics,1,59.99,59.99
INV103037,10666.0,2023-09-03 17:08:23,Wireless Earbuds,Electronics,2,59.99,119.98
INV103038,10196.0,2023-09-03 19:04:53,Denim Jacket,Apparel,3,74.99,224.96999999999997
INV103039,10466.0,2023-09-03 21:01:24,Smart Watch,Electronics,2,129.99,259.98
INV103040,10311.0,2023-09-03 22:57:54,Stainless Steel Bottle,Fitness,2,19.99,39.98
INV103041,10262.0,2023-09-04 00:54:24,Sunglasses,Accessories,1,35.0,35.0
INV103042,10419.0,2023-09-04 02:50:55,Denim Jacket,Apparel,4,74.99,299.96
INV103043,10406.0,2023-09-04 04:47:25,Denim Jacket,Apparel,2,74.99,149.98
INV103044,10939.0,2023-09-04 06:43:55,Smart Watch,Electronics,2,129.99,259.98
INV103045,10143.0,2023-09-04 08:40:26,Bluetooth Speaker,Electronics,3,45.0,135.0
INV103046,10342.0,2023-09-04 10:36:56,Stainless Steel Bottle,Fitness,2,19.99,39.98
INV103047,10316.0,2023-09-04 12:33:26,Sunglasses,Accessories,1,35.0,35.0
INV103048,10101.0,2023-09-04 14:29:57,Wireless Earbuds,Electronics,2,59.99,119.98
INV103049,10244.0,2023-09-04 16:26:27,Smart Watch,Electronics,2,129.99,259.98
INV103050,10490.0,2023-09-04 18:22:57,Sunglasses,Accessories,3,35.0,105.0
INV103051,10012.0,2023-09-04 20:19:28,Running Shoes,Footwear,3,89.99,269.96999999999997
INV103052,10239.0,2023-09-04 22:15:58,Denim Jacket,Apparel,1,74.99,74.99
INV103053,10561.0,2023-09-05 00:12:28,Smart Watch,Electronics,1,129.99,129.99
INV103054,10042.0,2023-09-05 02:08:59,Wireless Earbuds,Electronics,1,59.99,59.99
INV103055,10678.0,2023-09-05 04:05:29,Backpack,Accessories,1,49.99,49.99
INV103056,10594.0,2023-09-05 06:02:00,Wireless Earbuds,Electronics,2,59.99,119.98
INV103057,10429.0,2023-09-05 07:58:30,Running Shoes,Footwear,4,89.99,359.96
INV103058,10803.0,2023-09-05 09:55:00,Smart Watch,Electronics,1,129.99,129.99
INV103059,10158.0,2023-09-05 11:51:31,Running Shoes,Footwear,1,89.99,89.99
INV103060,10216.0,2023-09-05 13:48:01,Stainless Steel Bottle,Fitness,4,19.99,79.96
INV103061,10670.0,2023-09-05 15:44:31,Stainless Steel Bottle,Fitness,3,19.99,59.97
INV103062,10462.0,2023-09-05 17:41:02,Backpack,Accessories,2,49.99,99.98
INV103063,10134.0,2023-09-05 19:37:32,Denim Jacket,Apparel,3,74.99,224.96999999999997
INV103064,10067.0,2023-09-05 21:34:02,Bluetooth Speaker,Electronics,2,45.0,90.0
INV103065,10848.0,2023-09-05 23:30:33,Leather Wallet,Accessories,1,29.99,29.99
INV103066,10007.0,2023-09-06 01:27:03,Sunglasses,Accessories,1,35.0,35.0
INV103067,10948.0,2023-09-06 03:23:33,Running Shoes,Footwear,1,89.99,89.99
INV103068,10526.0,2023-09-06 05:20:04,Sunglasses,Accessories,1,35.0,35.0
INV103069,10073.0,2023-09-06 07:16:34,Backpack,Accessories,4,49.99,199.96
INV103070,10399.0,2023-09-06 09:13:04,Sunglasses,Accessories,3,35.0,105.0
INV103071,10405.0,2023-09-06 11:09:35,Sunglasses,Accessories,1,35.0,35.0
INV103072,10675.0,2023-09-06 13:06:05,Wireless Earbuds,Electronics,1,59.99,59.99
INV103073,10578.0,2023-09-06 15:02:36,Smart Watch,Electronics,1,129.99,129.99
INV103074,10859.0,2023-09-06 16:59:06,Denim Jacket,Apparel,2,74.99,149.98
INV103075,10130.0,2023-09-06 18:55:36,Leather Wallet,Accessories,3,29.99,89.97
INV103076,10931.0,2023-09-06 20:52:07,Smart Watch,Electronics,1,129.99,129.99
INV103077,10466.0,2023-09-06 22:48:37,Wireless Earbuds,Electronics,1,59.99,59.99
INV103078,10206.0,2023-09-07 00:45:07,Sunglasses,Accessories,2,35.0,70.0
INV103079,10788.0,2023-09-07 02:41:38,Leather Wallet,Accessories,2,29.99,59.98
INV103080,10768.0,2023-09-07 04:38:08,Wireless Earbuds,Electronics,1,59.99,59.99
INV103081,10266.0,2023-09-07 06:34:38,Wireless Earbuds,Electronics,2,59.99,119.98
INV103082,10537.0,2023-09-07 08:31:09,Wireless Earbuds,Electronics,2,59.99,119.98
INV103083,10793.0,2023-09-07 10:27:39,Stainless Steel Bottle,Fitness,1,19.99,19.99
INV103084,10253.0,2023-09-07 12:24:09,Leather Wallet,Accessories,1,29.99,29.99
INV103085,10822.0,2023-09-07 14:20:40,Wireless Earbuds,Electronics,1,59.99,59.99
INV103086,10289.0,2023-09-07 16:17:10,Bluetooth Speaker,Electronics,4,45.0,180.0
INV103087,10164.0,2023-09-07 18:13:40,Sunglasses,Accessories,5,35.0,175.0
INV103088,10095.0,2023-09-07 20:10:11,Leather Wallet,Accessories,4,29.99,119.96
INV103089,10782.0,2023-09-07 22:06:41,Stainless Steel Bottle,Fitness,2,19.99,39.98
INV103090,10833.0,2023-09-08 00:03:12,Running Shoes,Footwear,2,89.99,179.98
INV103091,10110.0,2023-09-08 01:59:42,Running Shoes,Footwear,2,89.99,179.98
INV103092,10336.0,2023-09-08 03:56:12,Denim Jacket,Apparel,4,74.99,299.96
INV103093,10822.0,2023-09-08 05:52:43,Yoga Mat,Fitness,1,24.99,24.99
INV103094,10238.0,2023-09-08 07:49:13,Bluetooth Speaker,Electronics,2,45.0,90.0
INV103095,10381.0,2023-09-08 09:45:43,Running Shoes,Footwear,2,89.99,179.98
INV103096,10436.0,2023-09-08 11:42:14,Stainless Steel Bottle,Fitness,2,19.99,39.98
INV103097,10899.0,2023-09-08 13:38:44,Yoga Mat,Fitness,1,24.99,24.99
INV103098,10483.0,2023-09-08 15:35:14,Wireless Earbuds,Electronics,2,59.99,119.98
INV103099,10937.0,2023-09-08 17:31:45,Wireless Earbuds,Electronics,3,59.99,179.97
INV103100,10902.0,2023-09-08 19:28:15,Backpack,Accessories,1,49.99,49.99
INV103101,10025.0,2023-09-08 21:24:45,Sunglasses,Accessories,3,35.0,105.0
INV103102,10653.0,2023-09-08 23:21:16,Yoga Mat,Fitness,1,24.99,24.99
INV103103,10117.0,2023-09-09 01:17:46,Sunglasses,Accessories,4,35.0,140.0
INV103104,10482.0,2023-09-09 03:14:16,Stainless Steel Bottle,Fitness,2,19.99,39.98
INV103105,10392.0,2023-09-09 05:10:47,Bluetooth Speaker,Electronics,2,45.0,90.0
INV103106,10917.0,2023-09-09 07:07:17,Yoga Mat,Fitness,1,24.99,24.99
INV103107,10537.0,2023-09-09 09:03:48,Running Shoes,Footwear,1,89.99,89.99
INV103108,10079.0,2023-09-09 11:00:18,Bluetooth Speaker,Electronics,2,45.0,90.0
INV103109,10580.0,2023-09-09 12:56:48,Backpack,Accessories,1,49.99,49.99
INV103110,10173.0,2023-09-09 14:53:19,Sunglasses,Accessories,2,35.0,70.0
INV103111,10012.0,2023-09-09 16:49:49,Sunglasses,Accessories,1,35.0,35.0
INV103112,10800.0,2023-09-09 18:46:19,Bluetooth Speaker,Electronics,3,45.0,135.0
INV103113,10128.0,2023-09-09 20:42:50,Wireless Earbuds,Electronics,3,59.99,179.97
INV103114,10608.0,2023-09-09 22:39:20,Sunglasses,Accessories,1,35.0,35.0
INV103115,10092.0,2023-09-10 00:35:50,Backpack,Accessories,2,49.99,99.98
INV103116,10653.0,2023-09-10 02:32:21,Running Shoes,Footwear,3,89.99,269.96999999999997
INV103117,10543.0,2023-09-10 04:28:51,Leather Wallet,Accessories,2,29.99,59.98
INV103118,10846.0,2023-09-10 06:25:21,Running Shoes,Footwear,1,89.99,89.99
INV103119,10532.0,2023-09-10 08:21:52,Running Shoes,Footwear,2,89.99,179.98
INV103120,10658.0,2023-09-10 10:18:22,Sunglasses,Accessories,1,35.0,35.0
INV103121,10828.0,2023-09-10 12:14:52,Smart Watch,Electronics,1,129.99,129.99
INV103122,10447.0,2023-09-10 14:11:23,Wireless Earbuds,Electronics,1,59.99,59.99
INV103123,10390.0,2023-09-10 16:07:53,Sunglasses,Accessories,2,35.0,70.0
INV103124,10672.0,2023-09-10 18:04:24,Wireless Earbuds,Electronics,1,59.99,59.99
INV103125,10861.0,2023-09-10 20:00:54,Stainless Steel Bottle,Fitness,4,19.99,79.96
INV103126,10043.0,2023-09-10 21:57:24,Smart Watch,Electronics,1,129.99,129.99
INV103127,10254.0,2023-09-10 23:53:55,Sunglasses,Accessories,1,35.0,35.0
INV103128,10130.0,2023-09-11 01:50:25,Denim Jacket,Apparel,1,74.99,74.99
INV103129,10060.0,2023-09-11 03:46:55,Running Shoes,Footwear,1,89.99,89.99
INV103130,10663.0,2023-09-11 05:43:26,Stainless Steel Bottle,Fitness,2,19.99,39.98
INV103131,10467.0,2023-09-11 07:39:56,Smart Watch,Electronics,1,129.99,129.99
INV103132,10287.0,2023-09-11 09:36:26,Sunglasses,Accessories,1,35.0,35.0
INV103133,10517.0,2023-09-11 11:32:57,Backpack,Accessories,1,49.99,49.99
INV103134,10467.0,2023-09-11 13:29:27,Bluetooth Speaker,Electronics,1,45.0,45.0
INV103135,10930.0,2023-09-11 15:25:57,Bluetooth Speaker,Electronics,1,45.0,45.0
INV103136,10778.0,2023-09-11 17:22:28,Wireless Earbuds,Electronics,3,59.99,179.97
INV103137,10345.0,2023-09-11 19:18:58,Smart Watch,Electronics,2,129.99,259.98
INV103138,10642.0,2023-09-11 21:15:29,Running Shoes,Footwear,2,89.99,179.98
INV103139,10382.0,2023-09-11 23:11:59,Running Shoes,Footwear,2,89.99,179.98
INV103140,10779.0,2023-09-12 01:08:29,Leather Wallet,Accessories,2,29.99,59.98
INV103141,10690.0,2023-09-12 03:05:00,Bluetooth Speaker,Electronics,4,45.0,180.0
INV103142,10253.0,2023-09-12 05:01:30,Stainless Steel Bottle,Fitness,1,19.99,19.99
INV103143,10927.0,2023-09-12 06:58:00,Smart Watch,Electronics,1,129.99,129.99
INV103144,10056.0,2023-09-12 08:54:31,Running Shoes,Footwear,1,89.99,89.99
INV103145,10463.0,2023-09-12 10:51:01,Leather Wallet,Accessories,1,29.99,29.99
INV103146,10457.0,2023-09-12 12:47:31,Smart Watch,Electronics,1,129.99,129.99
INV103147,10083.0,2023-09-12 14:44:02,Yoga Mat,Fitness,2,24.99,49.98
INV103148,10905.0,2023-09-12 16:40:32,Running Shoes,Footwear,1,89.99,89.99
INV103149,10099.0,2023-09-12 18:37:02,Yoga Mat,Fitness,10,24.99,249.89999999999998
INV103150,10149.0,2023-09-12 20:33:33,Smart Watch,Electronics,1,129.99,129.99
INV103151,10329.0,2023-09-12 22:30:03,Running Shoes,Footwear,1,89.99,89.99
INV103152,10156.0,2023-09-13 00:26:33,Yoga Mat,Fitness,8,24.99,199.92
INV103153,10190.0,2023-09-13 02:23:04,Denim Jacket,Apparel,3,74.99,224.96999999999997
INV103154,10494.0,2023-09-13 04:19:34,Leather Wallet,Accessories,1,29.99,29.99
INV103155,10883.0,2023-09-13 06:16:05,Stainless Steel Bottle,Fitness,2,19.99,39.98
INV103156,10263.0,2023-09-13 08:12:35,Bluetooth Speaker,Electronics,3,45.0,135.0
INV103157,10080.0,2023-09-13 10:09:05,Leather Wallet,Accessories,1,29.99,29.99
INV103158,10400.0,2023-09-13 12:05:36,Yoga Mat,Fitness,1,24.99,24.99
INV103159,10764.0,2023-09-13 14:02:06,Running Shoes,Footwear,3,89.99,269.96999999999997
INV103160,10609.0,2023-09-13 15:58:36,Denim Jacket,Apparel,2,74.99,149.98
INV103161,10260.0,2023-09-13 17:55:07,Denim Jacket,Apparel,1,74.99,74.99
INV103162,10772.0,2023-09-13 19:51:37,Bluetooth Speaker,Electronics,2,45.0,90.0
INV103163,10615.0,2023-09-13 21:48:07,Denim Jacket,Apparel,1,74.99,74.99
INV103164,10552.0,2023-09-13 23:44:38,Leather Wallet,Accessories,4,29.99,119.96
INV103165,10785.0,2023-09-14 01:41:08,Sunglasses,Accessories,1,35.0,35.0
INV103166,10101.0,2023-09-14 03:37:38,Denim Jacket,Apparel,4,74.99,299.96
INV103167,10359.0,2023-09-14 05:34:09,Bluetooth Speaker,Electronics,2,45.0,90.0
INV103168,10380.0,2023-09-14 07:30:39,Denim Jacket,Apparel,1,74.99,74.99
INV103169,10820.0,2023-09-14 09:27:09,Denim Jacket,Apparel,1,74.99,74.99
INV103170,10221.0,2023-09-14 11:23:40,Backpack,Accessories,2,49.99,99.98
INV103171,10820.0,2023-09-14 13:20:10,Leather Wallet,Accessories,4,29.99,119.96
INV103172,10420.0,2023-09-14 15:16:41,Yoga Mat,Fitness,1,24.99,24.99
INV103173,10124.0,2023-09-14 17:13:11,Wireless Earbuds,Electronics,1,59.99,59.99
INV103174,10422.0,2023-09-14 19:09:41,Sunglasses,Accessories,2,35.0,70.0
INV103175,10231.0,2023-09-14 21:06:12,Denim Jacket,Apparel,3,74.99,224.96999999999997
INV103176,10690.0,2023-09-14 23:02:42,Stainless Steel Bottle,Fitness,1,19.99,19.99
INV103177,10063.0,2023-09-15 00:59:12,Denim Jacket,Apparel,2,74.99,149.98
INV103178,10485.0,2023-09-15 02:55:43,Backpack,Accessories,2,49.99,99.98
INV103179,10628.0,2023-09-15 04:52:13,Yoga Mat,Fitness,1,24.99,24.99
INV103180,10703.0,2023-09-15 06:48:43,Stainless Steel Bottle,Fitness,1,19.99,19.99
INV103181,10574.0,2023-09-15 08:45:14,Sunglasses,Accessories,1,35.0,35.0
INV103182,10768.0,2023-09-15 10:41:44,Stainless Steel Bottle,Fitness,3,19.99,59.97
INV103183,10483.0,2023-09-15 12:38:14,Leather Wallet,Accessories,2,29.99,59.98
INV103184,10519.0,2023-09-15 14:34:45,Bluetooth Speaker,Electronics,2,45.0,90.0
INV103185,10155.0,2023-09-15 16:31:15,Bluetooth Speaker,Electronics,1,45.0,45.0
INV103186,10092.0,2023-09-15 18:27:45,Sunglasses,Accessories,1,35.0,35.0
INV103187,10526.0,2023-09-15 20:24:16,Yoga Mat,Fitness,3,24.99,74.97
INV103188,10455.0,2023-09-15 22:20:46,Bluetooth Speaker,Electronics,1,45.0,45.0
INV103189,10741.0,2023-09-16 00:17:17,Smart Watch,Electronics,2,129.99,259.98
INV103190,10598.0,2023-09-16 02:13:47,Backpack,Accessories,2,49.99,99.98
INV103191,10645.0,2023-09-16 04:10:17,Sunglasses,Accessories,1,35.0,35.0
INV103192,10510.0,2023-09-16 06:06:48,Sunglasses,Accessories,1,35.0,35.0
INV103193,10183.0,2023-09-16 08:03:18,Wireless Earbuds,Electronics,1,59.99,59.99
INV103194,10386.0,2023-09-16 09:59:48,Wireless Earbuds,Electronics,1,59.99,59.99
INV103195,10574.0,2023-09-16 11:56:19,Leather Wallet,Accessories,3,29.99,89.97
INV103196,10731.0,2023-09-16 13:52:49,Leather Wallet,Accessories,1,29.99,29.99
INV103197,10405.0,2023-09-16 15:49:19,Wireless Earbuds,Electronics,1,59.99,59.99
INV103198,10246.0,2023-09-16 17:45:50,Bluetooth Speaker,Electronics,3,45.0,135.0
INV103199,10742.0,2023-09-16 19:42:20,Running Shoes,Footwear,1,89.99,89.99
INV103200,10591.0,2023-09-16 21:38:50,Sunglasses,Accessories,2,35.0,70.0
INV103201,10661.0,2023-09-16 23:35:21,Smart Watch,Electronics,1,129.99,129.99
INV103202,10650.0,2023-09-17 01:31:51,Sunglasses,Accessories,1,35.0,35.0
INV103203,10471.0,2023-09-17 03:28:21,Denim Jacket,Apparel,1,74.99,74.99
INV103204,10826.0,2023-09-17 05:24:52,Yoga Mat,Fitness,1,24.99,24.99
INV103205,10888.0,2023-09-17 07:21:22,Backpack,Accessories,3,49.99,149.97
INV103206,10423.0,2023-09-17 09:17:53,Running Shoes,Footwear,2,89.99,179.98
INV103207,10901.0,2023-09-17 11:14:23,Smart Watch,Electronics,1,129.99,129.99
INV103208,10065.0,2023-09-17 13:10:53,Denim Jacket,Apparel,1,74.99,74.99
INV103209,10013.0,2023-09-17 15:07:24,Leather Wallet,Accessories,1,29.99,29.99
INV103210,10213.0,2023-09-17 17:03:54,Smart Watch,Electronics,1,129.99,129.99
INV103211,10242.0,2023-09-17 19:00:24,Wireless Earbuds,Electronics,1,59.99,59.99
INV103212,10493.0,2023-09-17 20:56:55,Sunglasses,Accessories,2,35.0,70.0
INV103213,10213.0,2023-09-17 22:53:25,Smart Watch,Electronics,3,129.99,389.97
INV103214,10693.0,2023-09-18 00:49:55,Yoga Mat,Fitness,1,24.99,24.99
INV103215,10338.0,2023-09-18 02:46:26,Stainless Steel Bottle,Fitness,2,19.99,39.98
INV103216,10173.0,2023-09-18 04:42:56,Leather Wallet,Accessories,4,29.99,119.96
INV103217,10672.0,2023-09-18 06:39:26,Backpack,Accessories,1,49.99,49.99
INV103218,10164.0,2023-09-18 08:35:57,Backpack,Accessories,3,49.99,149.97
INV103219,10465.0,2023-09-18 10:32:27,Smart Watch,Electronics,3,129.99,389.97
INV103220,10497.0,2023-09-18 12:28:57,Stainless Steel Bottle,Fitness,1,19.99,19.99
INV103221,10700.0,2023-09-18 14:25:28,Sunglasses,Accessories,8,35.0,280.0
INV103222,10395.0,2023-09-18 16:21:58,Denim Jacket,Apparel,1,74.99,74.99
INV103223,10703.0,2023-09-18 18:18:29,Running Shoes,Footwear,1,89.99,89.99
INV103224,10917.0,2023-09-18 20:14:59,Sunglasses,Accessories,3,35.0,105.0
INV103225,10308.0,2023-09-18 22:11:29,Denim Jacket,Apparel,1,74.99,74.99
INV103226,10768.0,2023-09-19 00:08:00,Running Shoes,Footwear,1,89.99,89.99
INV103227,10183.0,2023-09-19 02:04:30,Stainless Steel Bottle,Fitness,-1,19.99,19.99
INV103228,10629.0,2023-09-19 04:01:00,Running Shoes,Footwear,3,89.99,269.96999999999997
INV103229,10794.0,2023-09-19 05:57:31,Sunglasses,Accessories,3,35.0,105.0
INV103230,10510.0,2023-09-19 07:54:01,Yoga Mat,Fitness,2,24.99,49.98
INV103231,10708.0,2023-09-19 09:50:31,Smart Watch,Electronics,5,129.99,649.95
INV103232,10546.0,2023-09-19 11:47:02,Denim Jacket,Apparel,1,74.99,74.99
INV103233,10564.0,2023-09-19 13:43:32,Yoga Mat,Fitness,1,24.99,24.99
INV103234,10624.0,2023-09-19 15:40:02,Denim Jacket,Apparel,2,74.99,149.98
INV103235,10764.0,2023-09-19 17:36:33,Smart Watch,Electronics,3,129.99,389.97
INV103236,10594.0,2023-09-19 19:33:03,Bluetooth Speaker,Electronics,1,45.0,45.0
INV103237,10744.0,2023-09-19 21:29:33,Running Shoes,Footwear,1,89.99,89.99
INV103238,10227.0,2023-09-19 23:26:04,Stainless Steel Bottle,Fitness,3,19.99,59.97
INV103239,10745.0,2023-09-20 01:22:34,Bluetooth Speaker,Electronics,5,45.0,225.0
INV103240,10733.0,2023-09-20 03:19:05,Bluetooth Speaker,Electronics,2,45.0,90.0
INV103241,10436.0,2023-09-20 05:15:35,Backpack,Accessories,1,49.99,49.99
INV103242,10925.0,2023-09-20 07:12:05,Wireless Earbuds,Electronics,10,59.99,599.9
INV103243,10422.0,2023-09-20 09:08:36,Sunglasses,Accessories,4,35.0,140.0
INV103244,10554.0,2023-09-20 11:05:06,Yoga Mat,Fitness,2,24.99,49.98
INV103245,10021.0,2023-09-20 13:01:36,Yoga Mat,Fitness,3,24.99,74.97
INV103246,10554.0,2023-09-20 14:58:07,Yoga Mat,Fitness,3,24.99,74.97
INV103247,10397.0,2023-09-20 16:54:37,Yoga Mat,Fitness,4,24.99,99.96
INV103248,10625.0,2023-09-20 18:51:07,Sunglasses,Accessories,3,35.0,105.0
INV103249,10105.0,2023-09-20 20:47:38,Bluetooth Speaker,Electronics,2,45.0,90.0
INV103250,10192.0,2023-09-20 22:44:08,Sunglasses,Accessories,2,35.0,70.0
INV103251,10017.0,2023-09-21 00:40:38,Yoga Mat,Fitness,1,24.99,24.99
INV103252,10120.0,2023-09-21 02:37:09,Wireless Earbuds,Electronics,2,59.99,119.98
INV103253,10393.0,2023-09-21 04:33:39,Leather Wallet,Accessories,3,29.99,89.97
INV103254,10425.0,2023-09-21 06:30:10,Smart Watch,Electronics,5,129.99,649.95
INV103255,10129.0,2023-09-21 08:26:40,Yoga Mat,Fitness,1,24.99,24.99
INV103256,10130.0,2023-09-21 10:23:10,Stainless Steel Bottle,Fitness,2,19.99,39.98
INV103257,10572.0,2023-09-21 12:19:41,Leather Wallet,Accessories,1,29.99,29.99
INV103258,10560.0,2023-09-21 14:16:11,Sunglasses,Accessories,2,35.0,70.0
INV103259,10029.0,2023-09-21 16:12:41,Stainless Steel Bottle,Fitness,2,19.99,39.98
INV103260,10097.0,2023-09-21 18:09:12,Stainless Steel Bottle,Fitness,1,19.99,19.99
INV103261,10010.0,2023-09-21 20:05:42,Denim Jacket,Apparel,2,74.99,149.98
INV103262,10242.0,2023-09-21 22:02:12,Stainless Steel Bottle,Fitness,1,19.99,19.99
INV103263,10826.0,2023-09-21 23:58:43,Yoga Mat,Fitness,1,24.99,24.99
INV103264,10232.0,2023-09-22 01:55:13,Denim Jacket,Apparel,3,74.99,224.96999999999997
INV103265,10789.0,2023-09-22 03:51:43,Backpack,Accessories,1,49.99,49.99
INV103266,10284.0,2023-09-22 05:48:14,Bluetooth Speaker,Electronics,1,45.0,45.0
INV103267,10715.0,2023-09-22 07:44:44,Stainless Steel Bottle,Fitness,1,19.99,19.99
INV103268,10759.0,2023-09-22 09:41:14,Wireless Earbuds,Electronics,1,59.99,59.99
INV103269,10802.0,2023-09-22 11:37:45,Smart Watch,Electronics,3,129.99,389.97
INV103270,10776.0,2023-09-22 13:34:15,Stainless Steel Bottle,Fitness,1,19.99,19.99
INV103271,10726.0,2023-09-22 15:30:46,Backpack,Accessories,4,49.99,199.96
INV103272,10200.0,2023-09-22 17:27:16,Running Shoes,Footwear,1,89.99,89.99
INV103273,10945.0,2023-09-22 19:23:46,Sunglasses,Accessories,1,35.0,35.0
INV103274,10079.0,2023-09-22 21:20:17,Sunglasses,Accessories,1,35.0,35.0
INV103275,10913.0,2023-09-22 23:16:47,Backpack,Accessories,2,49.99,99.98
INV103276,10855.0,2023-09-23 01:13:17,Running Shoes,Footwear,2,89.99,179.98
INV103277,10856.0,2023-09-23 03:09:48,Sunglasses,Accessories,4,35.0,140.0
INV103278,10173.0,2023-09-23 05:06:18,Sunglasses,Accessories,2,35.0,70.0
INV103279,10467.0,2023-09-23 07:02:48,Sunglasses,Accessories,1,35.0,35.0
INV103280,10581.0,2023-09-23 08:59:19,Backpack,Accessories,3,49.99,149.97
INV103281,10416.0,2023-09-23 10:55:49,Bluetooth Speaker,Electronics,5,45.0,225.0
INV103282,10940.0,2023-09-23 12:52:19,Smart Watch,Electronics,1,129.99,129.99
INV103283,10449.0,2023-09-23 14:48:50,Backpack,Accessories,1,49.99,49.99
INV103284,10087.0,2023-09-23 16:45:20,Running Shoes,Footwear,2,89.99,179.98
INV103285,10101.0,2023-09-23 18:41:50,Stainless Steel Bottle,Fitness,1,19.99,19.99
INV103286,10008.0,2023-09-23 20:38:21,Bluetooth Speaker,Electronics,8,45.0,360.0
INV103287,10845.0,2023-09-23 22:34:51,Bluetooth Speaker,Electronics,1,45.0,45.0
INV103288,10200.0,2023-09-24 00:31:22,Stainless Steel Bottle,Fitness,1,19.99,19.99
INV103289,10505.0,2023-09-24 02:27:52,Wireless Earbuds,Electronics,5,59.99,299.95
INV103290,10087.0,2023-09-24 04:24:22,Denim Jacket,Apparel,3,74.99,224.96999999999997
INV103291,10043.0,2023-09-24 06:20:53,Smart Watch,Electronics,1,129.99,129.99
INV103292,10385.0,2023-09-24 08:17:23,Smart Watch,Electronics,4,129.99,519.96
INV103293,10621.0,2023-09-24 10:13:53,Wireless Earbuds,Electronics,1,59.99,59.99
INV103294,10435.0,2023-09-24 12:10:24,Denim Jacket,Apparel,1,74.99,74.99
INV103295,10408.0,2023-09-24 14:06:54,Smart Watch,Electronics,4,129.99,519.96
INV103296,10483.0,2023-09-24 16:03:24,Running Shoes,Footwear,2,89.99,179.98
INV103297,10664.0,2023-09-24 17:59:55,Leather Wallet,Accessories,1,29.99,29.99
INV103298,10017.0,2023-09-24 19:56:25,Leather Wallet,Accessories,1,29.99,29.99
INV103299,10645.0,2023-09-24 21:52:55,Smart Watch,Electronics,2,129.99,259.98
INV103300,10148.0,2023-09-24 23:49:26,Yoga Mat,Fitness,1,24.99,24.99
INV103301,10277.0,2023-09-25 01:45:56,Smart Watch,Electronics,2,129.99,259.98
INV103302,,2023-09-25 03:42:26,Stainless Steel Bottle,Fitness,2,19.99,39.98
INV103303,10826.0,2023-09-25 05:38:57,Stainless Steel Bottle,Fitness,1,19.99,19.99
INV103304,10927.0,2023-09-25 07:35:27,Denim Jacket,Apparel,2,74.99,149.98
INV103305,10366.0,2023-09-25 09:31:58,Sunglasses,Accessories,4,35.0,140.0
INV103306,10228.0,2023-09-25 11:28:28,Bluetooth Speaker,Electronics,1,45.0,45.0
INV103307,10651.0,2023-09-25 13:24:58,Running Shoes,Footwear,1,89.99,89.99
INV103308,10436.0,2023-09-25 15:21:29,Wireless Earbuds,Electronics,1,59.99,59.99
INV103309,10399.0,2023-09-25 17:17:59,Smart Watch,Electronics,2,129.99,259.98
INV103310,10211.0,2023-09-25 19:14:29,Sunglasses,Accessories,4,35.0,140.0
INV103311,10391.0,2023-09-25 21:11:00,Sunglasses,Accessories,1,35.0,35.0
INV103312,10499.0,2023-09-25 23:07:30,Running Shoes,Footwear,1,89.99,89.99
INV103313,10540.0,2023-09-26 01:04:00,Wireless Earbuds,Electronics,1,59.99,59.99
INV103314,10563.0,2023-09-26 03:00:31,Stainless Steel Bottle,Fitness,2,19.99,39.98
INV103315,10491.0,2023-09-26 04:57:01,Backpack,Accessories,1,49.99,49.99
INV103316,10442.0,2023-09-26 06:53:31,Running Shoes,Footwear,3,89.99,269.96999999999997
INV103317,10261.0,2023-09-26 08:50:02,Sunglasses,Accessories,1,35.0,35.0
INV103318,10773.0,2023-09-26 10:46:32,Leather Wallet,Accessories,2,29.99,59.98
INV103319,10350.0,2023-09-26 12:43:02,Smart Watch,Electronics,2,129.99,259.98
INV103320,10352.0,2023-09-26 14:39:33,Denim Jacket,Apparel,2,74.99,149.98
INV103321,10520.0,2023-09-26 16:36:03,Leather Wallet,Accessories,1,29.99,29.99
INV103322,10320.0,2023-09-26 18:32:34,Sunglasses,Accessories,2,35.0,70.0
INV103323,10138.0,2023-09-26 20:29:04,Bluetooth Speaker,Electronics,1,45.0,45.0
INV103324,10550.0,2023-09-26 22:25:34,Yoga Mat,Fitness,1,24.99,24.99
INV103325,10623.0,2023-09-27 00:22:05,Wireless Earbuds,Electronics,2,59.99,119.98
INV103326,10368.0,2023-09-27 02:18:35,Stainless Steel Bottle,Fitness,2,19.99,39.98
INV103327,10220.0,2023-09-27 04:15:05,Smart Watch,Electronics,1,129.99,129.99
INV103328,10337.0,2023-09-27 06:11:36,Denim Jacket,Apparel,1,74.99,74.99
INV103329,10223.0,2023-09-27 08:08:06,Backpack,Accessories,3,49.99,149.97
INV103330,10648.0,2023-09-27 10:04:36,Stainless Steel Bottle,Fitness,3,19.99,59.97
INV103331,10768.0,2023-09-27 12:01:07,Smart Watch,Electronics,1,129.99,129.99
INV103332,10360.0,2023-09-27 13:57:37,Backpack,Accessories,2,49.99,99.98
INV103333,10921.0,2023-09-27 15:54:07,Denim Jacket,Apparel,1,74.99,74.99
INV103334,10329.0,2023-09-27 17:50:38,Sunglasses,Accessories,2,35.0,70.0
INV103335,10463.0,2023-09-27 19:47:08,Yoga Mat,Fitness,3,24.99,74.97
INV103336,10946.0,2023-09-27 21:43:38,Leather Wallet,Accessories,1,29.99,29.99
INV103337,10561.0,2023-09-27 23:40:09,Leather Wallet,Accessories,3,29.99,89.97
INV103338,10804.0,2023-09-28 01:36:39,Sunglasses,Accessories,1,35.0,35.0
INV103339,10382.0,2023-09-28 03:33:10,Stainless Steel Bottle,Fitness,2,19.99,39.98
INV103340,10836.0,2023-09-28 05:29:40,Sunglasses,Accessories,2,35.0,70.0
INV103341,10590.0,2023-09-28 07:26:10,Sunglasses,Accessories,4,35.0,140.0
INV103342,10617.0,2023-09-28 09:22:41,Smart Watch,Electronics,1,129.99,129.99
INV103343,10169.0,2023-09-28 11:19:11,Smart Watch,Electronics,1,129.99,129.99
INV103344,10217.0,2023-09-28 13:15:41,Denim Jacket,Apparel,1,74.99,74.99
INV103345,10378.0,2023-09-28 15:12:12,Yoga Mat,Fitness,8,24.99,199.92
INV103346,10119.0,2023-09-28 17:08:42,Smart Watch,Electronics,2,129.99,259.98
INV103347,10190.0,2023-09-28 19:05:12,Denim Jacket,Apparel,2,74.99,149.98
INV103348,10767.0,2023-09-28 21:01:43,Bluetooth Speaker,Electronics,1,45.0,45.0
INV103349,10370.0,2023-09-28 22:58:13,Sunglasses,Accessories,4,35.0,140.0
INV103350,10778.0,2023-09-29 00:54:43,Sunglasses,Accessories,3,35.0,105.0
INV103351,10149.0,2023-09-29 02:51:14,Stainless Steel Bottle,Fitness,2,19.99,39.98
INV103352,10676.0,2023-09-29 04:47:44,Bluetooth Speaker,Electronics,1,45.0,45.0
INV103353,10652.0,2023-09-29 06:44:14,Stainless Steel Bottle,Fitness,1,19.99,19.99
INV103354,10859.0,2023-09-29 08:40:45,Backpack,Accessories,2,49.99,99.98
INV103355,10488.0,2023-09-29 10:37:15,Denim Jacket,Apparel,2,74.99,149.98
INV103356,10770.0,2023-09-29 12:33:46,Denim Jacket,Apparel,1,74.99,74.99
INV103357,10374.0,2023-09-29 14:30:16,Sunglasses,Accessories,2,35.0,70.0
INV103358,10781.0,2023-09-29 16:26:46,Running Shoes,Footwear,1,89.99,89.99
INV103359,10693.0,2023-09-29 18:23:17,Backpack,Accessories,3,49.99,149.97
INV103360,10160.0,2023-09-29 20:19:47,Denim Jacket,Apparel,2,74.99,149.98
INV103361,10351.0,2023-09-29 22:16:17,Smart Watch,Electronics,1,129.99,129.99
INV103362,10912.0,2023-09-30 00:12:48,Sunglasses,Accessories,2,35.0,70.0
INV103363,10288.0,2023-09-30 02:09:18,Stainless Steel Bottle,Fitness,1,19.99,19.99
INV103364,10288.0,2023-09-30 04:05:48,Bluetooth Speaker,Electronics,1,45.0,45.0
INV103365,10892.0,2023-09-30 06:02:19,Stainless Steel Bottle,Fitness,3,19.99,59.97
INV103366,10226.0,2023-09-30 07:58:49,Leather Wallet,Accessories,1,29.99,29.99
INV103367,10523.0,2023-09-30 09:55:19,Running Shoes,Footwear,1,89.99,89.99
INV103368,10522.0,2023-09-30 11:51:50,Denim Jacket,Apparel,1,74.99,74.99
INV103369,10783.0,2023-09-30 13:48:20,Yoga Mat,Fitness,1,24.99,24.99
INV103370,10273.0,2023-09-30 15:44:50,Wireless Earbuds,Electronics,1,59.99,59.99
INV103371,10936.0,2023-09-30 17:41:21,Running Shoes,Footwear,1,89.99,89.99
INV103372,10402.0,2023-09-30 19:37:51,Sunglasses,Accessories,2,35.0,70.0
INV103373,10183.0,2023-09-30 21:34:22,Denim Jacket,Apparel,1,74.99,74.99
INV103374,10665.0,2023-09-30 23:30:52,Bluetooth Speaker,Electronics,2,45.0,90.0
INV103375,10488.0,2023-10-01 01:27:22,Denim Jacket,Apparel,1,74.99,74.99
INV103376,10827.0,2023-10-01 03:23:53,Wireless Earbuds,Electronics,1,59.99,59.99
INV103377,10846.0,2023-10-01 05:20:23,Bluetooth Speaker,Electronics,1,45.0,45.0
INV103378,10124.0,2023-10-01 07:16:53,Stainless Steel Bottle,Fitness,4,19.99,79.96
INV103379,10626.0,2023-10-01 09:13:24,Bluetooth Speaker,Electronics,2,45.0,90.0
INV103380,10790.0,2023-10-01 11:09:54,Running Shoes,Footwear,3,89.99,269.96999999999997
INV103381,10414.0,2023-10-01 13:06:24,Stainless Steel Bottle,Fitness,1,19.99,19.99
INV103382,10725.0,2023-10-01 15:02:55,Denim Jacket,Apparel,3,74.99,224.96999999999997
INV103383,10172.0,2023-10-01 16:59:25,Sunglasses,Accessories,1,35.0,35.0
INV103384,10288.0,2023-10-01 18:55:55,Backpack,Accessories,1,49.99,49.99
INV103385,10435.0,2023-10-01 20:52:26,Sunglasses,Accessories,2,35.0,70.0
INV103386,10686.0,2023-10-01 22:48:56,Denim Jacket,Apparel,1,74.99,74.99
INV103387,10113.0,2023-10-02 00:45:27,Wireless Earbuds,Electronics,8,59.99,479.92
INV103388,10888.0,2023-10-02 02:41:57,Backpack,Accessories,1,49.99,49.99
INV103389,10917.0,2023-10-02 04:38:27,Denim Jacket,Apparel,10,74.99,749.9
INV103390,10122.0,2023-10-02 06:34:58,Yoga Mat,Fitness,2,24.99,49.98
INV103391,10544.0,2023-10-02 08:31:28,Running Shoes,Footwear,2,89.99,179.98
INV103392,10222.0,2023-10-02 10:27:58,Yoga Mat,Fitness,1,24.99,24.99
INV103393,10631.0,2023-10-02 12:24:29,Stainless Steel Bottle,Fitness,1,19.99,19.99
INV103394,10039.0,2023-10-02 14:20:59,Leather Wallet,Accessories,4,29.99,119.96
INV103395,10497.0,2023-10-02 16:17:29,Denim Jacket,Apparel,1,74.99,74.99
INV103396,10780.0,2023-10-02 18:14:00,Smart Watch,Electronics,2,129.99,259.98
INV103397,10233.0,2023-10-02 20:10:30,Smart Watch,Electronics,10,129.99,1299.9
INV103398,10943.0,2023-10-02 22:07:00,Bluetooth Speaker,Electronics,1,45.0,45.0
INV103399,10530.0,2023-10-03 00:03:31,Sunglasses,Accessories,2,35.0,70.0
INV103400,10149.0,2023-10-03 02:00:01,Sunglasses,Accessories,2,35.0,70.0
INV103401,10397.0,2023-10-03 03:56:31,Sunglasses,Accessories,1,35.0,35.0
INV103402,10661.0,2023-10-03 05:53:02,Yoga Mat,Fitness,1,24.99,24.99
INV103403,10638.0,2023-10-03 07:49:32,Running Shoes,Footwear,1,89.99,89.99
INV103404,10904.0,2023-10-03 09:46:03,Denim Jacket,Apparel,1,74.99,74.99
INV103405,10302.0,2023-10-03 11:42:33,Wireless Earbuds,Electronics,2,59.99,119.98
INV103406,10360.0,2023-10-03 13:39:03,Bluetooth Speaker,Electronics,1,45.0,45.0
INV103407,10238.0,2023-10-03 15:35:34,Stainless Steel Bottle,Fitness,5,19.99,99.94999999999999
INV103408,10647.0,2023-10-03 17:32:04,Backpack,Accessories,1,49.99,49.99
INV103409,10663.0,2023-10-03 19:28:34,Stainless Steel Bottle,Fitness,2,19.99,39.98
INV103410,10236.0,2023-10-03 21:25:05,Denim Jacket,Apparel,2,74.99,149.98
INV103411,10736.0,2023-10-03 23:21:35,Leather Wallet,Accessories,1,29.99,29.99
INV103412,10203.0,2023-10-04 01:18:05,Sunglasses,Accessories,1,35.0,35.0
INV103413,10256.0,2023-10-04 03:14:36,Backpack,Accessories,3,49.99,149.97
INV103414,10598.0,2023-10-04 05:11:06,Yoga Mat,Fitness,4,24.99,99.96
INV103415,10662.0,2023-10-04 07:07:36,Denim Jacket,Apparel,1,74.99,74.99
INV103416,10235.0,2023-10-04 09:04:07,Leather Wallet,Accessories,1,29.99,29.99
INV103417,10345.0,2023-10-04 11:00:37,Yoga Mat,Fitness,1,24.99,24.99
INV103418,10534.0,2023-10-04 12:57:07,Leather Wallet,Accessories,1,29.99,29.99
INV103419,10860.0,2023-10-04 14:53:38,Sunglasses,Accessories,2,35.0,70.0
INV103420,10797.0,2023-10-04 16:50:08,Yoga Mat,Fitness,3,24.99,74.97
INV103421,10781.0,2023-10-04 18:46:39,Running Shoes,Footwear,1,89.99,89.99
INV103422,10466.0,2023-10-04 20:43:09,Smart Watch,Electronics,10,129.99,1299.9
INV103423,10770.0,2023-10-04 22:39:39,Stainless Steel Bottle,Fitness,1,19.99,19.99
INV103424,10541.0,2023-10-05 00:36:10,Running Shoes,Footwear,2,89.99,179.98
INV103425,10213.0,2023-10-05 02:32:40,Backpack,Accessories,1,49.99,49.99
INV103426,10463.0,2023-10-05 04:29:10,Bluetooth Speaker,Electronics,1,45.0,45.0
INV103427,10436.0,2023-10-05 06:25:41,Smart Watch,Electronics,1,129.99,129.99
INV103428,10283.0,2023-10-05 08:22:11,Running Shoes,Footwear,1,89.99,89.99
INV103429,10562.0,2023-10-05 10:18:41,Denim Jacket,Apparel,2,74.99,149.98
INV103430,10607.0,2023-10-05 12:15:12,Leather Wallet,Accessories,2,29.99,59.98
INV103431,10463.0,2023-10-05 14:11:42,Backpack,Accessories,1,49.99,49.99
INV103432,10407.0,2023-10-05 16:08:12,Denim Jacket,Apparel,3,74.99,224.96999999999997
INV103433,10088.0,2023-10-05 18:04:43,Smart Watch,Electronics,1,129.99,129.99
INV103434,10044.0,2023-10-05 20:01:13,Leather Wallet,Accessories,2,29.99,59.98
INV103435,10461.0,2023-10-05 21:57:43,Backpack,Accessories,1,49.99,49.99
INV103436,10278.0,2023-10-05 23:54:14,Bluetooth Speaker,Electronics,1,45.0,45.0
INV103437,10683.0,2023-10-06 01:50:44,Smart Watch,Electronics,1,129.99,129.99
INV103438,10421.0,2023-10-06 03:47:15,Backpack,Accessories,2,49.99,99.98
INV103439,10701.0,2023-10-06 05:43:45,Running Shoes,Footwear,2,89.99,179.98
INV103440,10353.0,2023-10-06 07:40:15,Backpack,Accessories,1,49.99,49.99
INV103441,10696.0,2023-10-06 09:36:46,Smart Watch,Electronics,1,129.99,129.99
INV103442,10515.0,2023-10-06 11:33:16,Sunglasses,Accessories,1,35.0,35.0
INV103443,10703.0,2023-10-06 13:29:46,Running Shoes,Footwear,2,89.99,179.98
INV103444,10630.0,2023-10-06 15:26:17,Denim Jacket,Apparel,2,74.99,149.98
INV103445,10019.0,2023-10-06 17:22:47,Smart Watch,Electronics,1,129.99,129.99
INV103446,10023.0,2023-10-06 19:19:17,Sunglasses,Accessories,1,35.0,35.0
INV103447,10413.0,2023-10-06 21:15:48,Wireless Earbuds,Electronics,3,59.99,179.97
INV103448,10030.0,2023-10-06 23:12:18,Bluetooth Speaker,Electronics,1,45.0,45.0
INV103449,10807.0,2023-10-07 01:08:48,Sunglasses,Accessories,1,35.0,35.0
INV103450,10108.0,2023-10-07 03:05:19,Wireless Earbuds,Electronics,1,59.99,59.99
INV103451,10367.0,2023-10-07 05:01:49,Stainless Steel Bottle,Fitness,1,19.99,19.99
INV103452,10281.0,2023-10-07 06:58:19,Leather Wallet,Accessories,2,29.99,59.98
INV103453,10128.0,2023-10-07 08:54:50,Sunglasses,Accessories,2,35.0,70.0
INV103454,10229.0,2023-10-07 10:51:20,Yoga Mat,Fitness,1,24.99,24.99
INV103455,10111.0,2023-10-07 12:47:51,Bluetooth Speaker,Electronics,2,45.0,90.0
INV103456,10136.0,2023-10-07 14:44:21,Sunglasses,Accessories,1,35.0,35.0
INV103457,10362.0,2023-10-07 16:40:51,Wireless Earbuds,Electronics,3,59.99,179.97
INV103458,10186.0,2023-10-07 18:37:22,Yoga Mat,Fitness,2,24.99,49.98
INV103459,10656.0,2023-10-07 20:33:52,Bluetooth Speaker,Electronics,2,45.0,90.0
INV103460,10584.0,2023-10-07 22:30:22,Yoga Mat,Fitness,1,24.99,24.99
INV103461,10129.0,2023-10-08 00:26:53,Running Shoes,Footwear,1,89.99,89.99
INV103462,10876.0,2023-10-08 02:23:23,Wireless Earbuds,Electronics,1,59.99,59.99
INV103463,10261.0,2023-10-08 04:19:53,Backpack,Accessories,2,49.99,99.98
INV103464,10515.0,2023-10-08 06:16:24,Running Shoes,Footwear,1,89.99,89.99
INV103465,10449.0,2023-10-08 08:12:54,Bluetooth Speaker,Electronics,5,45.0,225.0
INV103466,10900.0,2023-10-08 10:09:24,Bluetooth Speaker,Electronics,8,45.0,360.0
INV103467,10104.0,2023-10-08 12:05:55,Smart Watch,Electronics,2,129.99,259.98
INV103468,10483.0,2023-10-08 14:02:25,Wireless Earbuds,Electronics,5,59.99,299.95
INV103469,10224.0,2023-10-08 15:58:55,Stainless Steel Bottle,Fitness,1,19.99,19.99
INV103470,10832.0,2023-10-08 17:55:26,Stainless Steel Bottle,Fitness,1,19.99,19.99
INV103471,10874.0,2023-10-08 19:51:56,Bluetooth Speaker,Electronics,1,45.0,45.0
INV103472,10866.0,2023-10-08 21:48:27,Stainless Steel Bottle,Fitness,2,19.99,39.98
INV103473,10491.0,2023-10-08 23:44:57,Leather Wallet,Accessories,1,29.99,29.99
INV103474,10473.0,2023-10-09 01:41:27,Smart Watch,Electronics,5,129.99,649.95
INV103475,10010.0,2023-10-09 03:37:58,Bluetooth Speaker,Electronics,1,45.0,45.0
INV103476,10405.0,2023-10-09 05:34:28,Stainless Steel Bottle,Fitness,1,19.99,19.99
INV103477,10896.0,2023-10-09 07:30:58,Wireless Earbuds,Electronics,3,59.99,179.97
INV103478,10302.0,2023-10-09 09:27:29,Sunglasses,Accessories,1,35.0,35.0
INV103479,10231.0,2023-10-09 11:23:59,Backpack,Accessories,1,49.99,49.99
INV103480,10731.0,2023-10-09 13:20:29,Running Shoes,Footwear,2,89.99,179.98
INV103481,10923.0,2023-10-09 15:17:00,Running Shoes,Footwear,1,89.99,89.99
INV103482,10066.0,2023-10-09 17:13:30,Leather Wallet,Accessories,1,29.99,29.99
INV103483,10937.0,2023-10-09 19:10:00,Yoga Mat,Fitness,1,24.99,24.99
INV103484,10112.0,2023-10-09 21:06:31,Wireless Earbuds,Electronics,1,59.99,59.99
INV103485,10013.0,2023-10-09 23:03:01,Yoga Mat,Fitness,5,24.99,124.94999999999999
INV103486,10393.0,2023-10-10 00:59:31,Smart Watch,Electronics,3,129.99,389.97
INV103487,10500.0,2023-10-10 02:56:02,Backpack,Accessories,1,49.99,49.99
INV103488,10932.0,2023-10-10 04:52:32,Smart Watch,Electronics,1,129.99,129.99
INV103489,10598.0,2023-10-10 06:49:03,Bluetooth Speaker,Electronics,1,45.0,45.0
INV103490,10234.0,2023-10-10 08:45:33,Wireless Earbuds,Electronics,5,59.99,299.95
INV103491,10602.0,2023-10-10 10:42:03,Bluetooth Speaker,Electronics,1,45.0,45.0
INV103492,10314.0,2023-10-10 12:38:34,Denim Jacket,Apparel,1,74.99,74.99
INV103493,10566.0,2023-10-10 14:35:04,Stainless Steel Bottle,Fitness,2,19.99,39.98
INV103494,10012.0,2023-10-10 16:31:34,Running Shoes,Footwear,5,89.99,449.95
INV103495,10209.0,2023-10-10 18:28:05,Sunglasses,Accessories,1,35.0,35.0
INV103496,10014.0,2023-10-10 20:24:35,Bluetooth Speaker,Electronics,1,45.0,45.0
INV103497,10633.0,2023-10-10 22:21:05,Yoga Mat,Fitness,1,24.99,24.99
INV103498,10418.0,2023-10-11 00:17:36,Denim Jacket,Apparel,1,74.99,74.99
INV103499,10437.0,2023-10-11 02:14:06,Running Shoes,Footwear,2,89.99,179.98
INV103500,10377.0,2023-10-11 04:10:36,Bluetooth Speaker,Electronics,2,45.0,90.0
INV103501,10020.0,2023-10-11 06:07:07,Denim Jacket,Apparel,2,74.99,149.98
INV103502,10587.0,2023-10-11 08:03:37,Denim Jacket,Apparel,1,74.99,74.99
INV103503,10912.0,2023-10-11 10:00:08,Wireless Earbuds,Electronics,1,59.99,59.99
INV103504,10755.0,2023-10-11 11:56:38,Smart Watch,Electronics,1,129.99,129.99
INV103505,10735.0,2023-10-11 13:53:08,Denim Jacket,Apparel,1,74.99,74.99
INV103506,10070.0,2023-10-11 15:49:39,Leather Wallet,Accessories,3,29.99,89.97
INV103507,10824.0,2023-10-11 17:46:09,Smart Watch,Electronics,1,129.99,129.99
INV103508,10211.0,2023-10-11 19:42:39,Running Shoes,Footwear,1,89.99,89.99
INV103509,10101.0,2023-10-11 21:39:10,Running Shoes,Footwear,1,89.99,89.99
INV103510,10698.0,2023-10-11 23:35:40,Running Shoes,Footwear,1,89.99,89.99
INV103511,10132.0,2023-10-12 01:32:10,Running Shoes,Footwear,1,89.99,89.99
INV103512,10623.0,2023-10-12 03:28:41,Leather Wallet,Accessories,3,29.99,89.97
INV103513,10381.0,2023-10-12 05:25:11,Bluetooth Speaker,Electronics,1,45.0,45.0
INV103514,10132.0,2023-10-12 07:21:41,Backpack,Accessories,2,49.99,99.98
INV103515,10020.0,2023-10-12 09:18:12,Denim Jacket,Apparel,1,74.99,74.99
INV103516,10906.0,2023-10-12 11:14:42,Running Shoes,Footwear,1,89.99,89.99
INV103517,10536.0,2023-10-12 13:11:12,Smart Watch,Electronics,4,129.99,519.96
INV103518,10227.0,2023-10-12 15:07:43,Smart Watch,Electronics,1,129.99,129.99
INV103519,10154.0,2023-10-12 17:04:13,Denim Jacket,Apparel,2,74.99,149.98
INV103520,10805.0,2023-10-12 19:00:44,Bluetooth Speaker,Electronics,1,45.0,45.0
INV103521,10742.0,2023-10-12 20:57:14,Sunglasses,Accessories,2,35.0,70.0
INV103522,10469.0,2023-10-12 22:53:44,Sunglasses,Accessories,3,35.0,105.0
INV103523,10822.0,2023-10-13 00:50:15,Backpack,Accessories,4,49.99,199.96
INV103524,10871.0,2023-10-13 02:46:45,Bluetooth Speaker,Electronics,3,45.0,135.0
INV103525,10405.0,2023-10-13 04:43:15,Denim Jacket,Apparel,2,74.99,149.98
INV103526,10202.0,2023-10-13 06:39:46,Sunglasses,Accessories,1,35.0,35.0
INV103527,10038.0,2023-10-13 08:36:16,Sunglasses,Accessories,2,35.0,70.0
INV103528,10942.0,2023-10-13 10:32:46,Sunglasses,Accessories,2,35.0,70.0
INV103529,10772.0,2023-10-13 12:29:17,Yoga Mat,Fitness,1,24.99,24.99
INV103530,10188.0,2023-10-13 14:25:47,Leather Wallet,Accessories,1,29.99,29.99
INV103531,10057.0,2023-10-13 16:22:17,Denim Jacket,Apparel,3,74.99,224.96999999999997
INV103532,10941.0,2023-10-13 18:18:48,Stainless Steel Bottle,Fitness,1,19.99,19.99
INV103533,10020.0,2023-10-13 20:15:18,Wireless Earbuds,Electronics,1,59.99,59.99
INV103534,10273.0,2023-10-13 22:11:48,Wireless Earbuds,Electronics,4,59.99,239.96
INV103535,10119.0,2023-10-14 00:08:19,Bluetooth Speaker,Electronics,1,45.0,45.0
INV103536,10583.0,2023-10-14 02:04:49,Denim Jacket,Apparel,1,74.99,74.99
INV103537,10516.0,2023-10-14 04:01:20,Denim Jacket,Apparel,2,74.99,149.98
INV103538,10221.0,2023-10-14 05:57:50,Wireless Earbuds,Electronics,1,59.99,59.99
INV103539,10526.0,2023-10-14 07:54:20,Backpack,Accessories,2,49.99,99.98
INV103540,10515.0,2023-10-14 09:50:51,Wireless Earbuds,Electronics,1,59.99,59.99
INV103541,10728.0,2023-10-14 11:47:21,Denim Jacket,Apparel,1,74.99,74.99
INV103542,10741.0,2023-10-14 13:43:51,Sunglasses,Accessories,1,35.0,35.0
INV103543,10336.0,2023-10-14 15:40:22,Backpack,Accessories,5,49.99,249.95000000000002
INV103544,10698.0,2023-10-14 17:36:52,Running Shoes,Footwear,1,89.99,89.99
INV103545,10055.0,2023-10-14 19:33:22,Stainless Steel Bottle,Fitness,1,19.99,19.99
INV103546,10500.0,2023-10-14 21:29:53,Yoga Mat,Fitness,1,24.99,24.99
INV103547,10900.0,2023-10-14 23:26:23,Leather Wallet,Accessories,1,29.99,29.99
INV103548,10888.0,2023-10-15 01:22:53,Running Shoes,Footwear,1,89.99,89.99
INV103549,10766.0,2023-10-15 03:19:24,Smart Watch,Electronics,1,129.99,129.99
INV103550,10536.0,2023-10-15 05:15:54,Wireless Earbuds,Electronics,2,59.99,119.98
INV103551,10162.0,2023-10-15 07:12:24,Stainless Steel Bottle,Fitness,1,19.99,19.99
INV103552,10670.0,2023-10-15 09:08:55,Wireless Earbuds,Electronics,3,59.99,179.97
INV103553,10594.0,2023-10-15 11:05:25,Wireless Earbuds,Electronics,2,59.99,119.98
INV103554,10915.0,2023-10-15 13:01:56,Running Shoes,Footwear,1,89.99,89.99
INV103555,10159.0,2023-10-15 14:58:26,Sunglasses,Accessories,1,35.0,35.0
INV103556,10188.0,2023-10-15 16:54:56,Sunglasses,Accessories,2,35.0,70.0
INV103557,10060.0,2023-10-15 18:51:27,Yoga Mat,Fitness,2,24.99,49.98
INV103558,10915.0,2023-10-15 20:47:57,Backpack,Accessories,1,49.99,49.99
INV103559,10817.0,2023-10-15 22:44:27,Wireless Earbuds,Electronics,4,59.99,239.96
INV103560,10319.0,2023-10-16 00:40:58,Bluetooth Speaker,Electronics,1,45.0,45.0
INV103561,10878.0,2023-10-16 02:37:28,Sunglasses,Accessories,1,35.0,35.0
INV103562,10211.0,2023-10-16 04:33:58,Denim Jacket,Apparel,1,74.99,74.99
INV103563,10406.0,2023-10-16 06:30:29,Stainless Steel Bottle,Fitness,4,19.99,79.96
INV103564,10664.0,2023-10-16 08:26:59,Bluetooth Speaker,Electronics,2,45.0,90.0
INV103565,10109.0,2023-10-16 10:23:29,Running Shoes,Footwear,3,89.99,269.96999999999997
INV103566,10076.0,2023-10-16 12:20:00,Running Shoes,Footwear,1,89.99,89.99
INV103567,10542.0,2023-10-16 14:16:30,Yoga Mat,Fitness,1,24.99,24.99
INV103568,10314.0,2023-10-16 16:13:00,Yoga Mat,Fitness,1,24.99,24.99
INV103569,10117.0,2023-10-16 18:09:31,Backpack,Accessories,3,49.99,149.97
INV103570,10927.0,2023-10-16 20:06:01,Denim Jacket,Apparel,1,74.99,74.99
INV103571,10868.0,2023-10-16 22:02:32,Stainless Steel Bottle,Fitness,1,19.99,19.99
INV103572,10704.0,2023-10-16 23:59:02,Denim Jacket,Apparel,1,74.99,74.99
INV103573,10019.0,2023-10-17 01:55:32,Smart Watch,Electronics,3,129.99,389.97
INV103574,10432.0,2023-10-17 03:52:03,Yoga Mat,Fitness,1,24.99,24.99
INV103575,10685.0,2023-10-17 05:48:33,Backpack,Accessories,1,49.99,49.99
INV103576,10740.0,2023-10-17 07:45:03,Leather Wallet,Accessories,1,29.99,29.99
INV103577,10350.0,2023-10-17 09:41:34,Wireless Earbuds,Electronics,5,59.99,299.95
INV103578,10183.0,2023-10-17 11:38:04,Wireless Earbuds,Electronics,3,59.99,179.97
INV103579,10113.0,2023-10-17 13:34:34,Leather Wallet,Accessories,2,29.99,59.98
INV103580,10183.0,2023-10-17 15:31:05,Sunglasses,Accessories,1,35.0,35.0
INV103581,10481.0,2023-10-17 17:27:35,Denim Jacket,Apparel,1,74.99,74.99
INV103582,10146.0,2023-10-17 19:24:05,Leather Wallet,Accessories,4,29.99,119.96
INV103583,10831.0,2023-10-17 21:20:36,Backpack,Accessories,1,49.99,49.99
INV103584,10628.0,2023-10-17 23:17:06,Stainless Steel Bottle,Fitness,1,19.99,19.99
INV103585,10113.0,2023-10-18 01:13:36,Leather Wallet,Accessories,1,29.99,29.99
INV103586,10763.0,2023-10-18 03:10:07,Backpack,Accessories,4,49.99,199.96
INV103587,10476.0,2023-10-18 05:06:37,Yoga Mat,Fitness,1,24.99,24.99
INV103588,10763.0,2023-10-18 07:03:08,Bluetooth Speaker,Electronics,2,45.0,90.0
INV103589,10303.0,2023-10-18 08:59:38,Running Shoes,Footwear,3,89.99,269.96999999999997
INV103590,10825.0,2023-10-18 10:56:08,Running Shoes,Footwear,1,89.99,89.99
INV103591,10118.0,2023-10-18 12:52:39,Smart Watch,Electronics,1,129.99,129.99
INV103592,10813.0,2023-10-18 14:49:09,Denim Jacket,Apparel,10,74.99,749.9
INV103593,10161.0,2023-10-18 16:45:39,Stainless Steel Bottle,Fitness,5,19.99,99.94999999999999
INV103594,10401.0,2023-10-18 18:42:10,Bluetooth Speaker,Electronics,3,45.0,135.0
INV103595,10198.0,2023-10-18 20:38:40,Bluetooth Speaker,Electronics,2,45.0,90.0
INV103596,10260.0,2023-10-18 22:35:10,Yoga Mat,Fitness,1,24.99,24.99
INV103597,10660.0,2023-10-19 00:31:41,Leather Wallet,Accessories,4,29.99,119.96
INV103598,10752.0,2023-10-19 02:28:11,Denim Jacket,Apparel,1,74.99,74.99
INV103599,10047.0,2023-10-19 04:24:41,Wireless Earbuds,Electronics,3,59.99,179.97
INV103600,10399.0,2023-10-19 06:21:12,Bluetooth Speaker,Electronics,4,45.0,180.0
INV103601,10710.0,2023-10-19 08:17:42,Backpack,Accessories,2,49.99,99.98
INV103602,10559.0,2023-10-19 10:14:12,Wireless Earbuds,Electronics,3,59.99,179.97
INV103603,10078.0,2023-10-19 12:10:43,Smart Watch,Electronics,3,129.99,389.97
INV103604,10124.0,2023-10-19 14:07:13,Leather Wallet,Accessories,1,29.99,29.99
INV103605,10075.0,2023-10-19 16:03:44,Leather Wallet,Accessories,2,29.99,59.98
INV103606,10871.0,2023-10-19 18:00:14,Stainless Steel Bottle,Fitness,1,19.99,19.99
INV103607,10137.0,2023-10-19 19:56:44,Bluetooth Speaker,Electronics,2,45.0,90.0
INV103608,10602.0,2023-10-19 21:53:15,Yoga Mat,Fitness,1,24.99,24.99
INV103609,10400.0,2023-10-19 23:49:45,Sunglasses,Accessories,1,35.0,35.0
INV103610,10837.0,2023-10-20 01:46:15,Sunglasses,Accessories,3,35.0,105.0
INV103611,10505.0,2023-10-20 03:42:46,Running Shoes,Footwear,8,89.99,719.92
INV103612,10500.0,2023-10-20 05:39:16,Backpack,Accessories,1,49.99,49.99
INV103613,10573.0,2023-10-20 07:35:46,Wireless Earbuds,Electronics,2,59.99,119.98
INV103614,10138.0,2023-10-20 09:32:17,Smart Watch,Electronics,2,129.99,259.98
INV103615,10050.0,2023-10-20 11:28:47,Running Shoes,Footwear,5,89.99,449.95
INV103616,10771.0,2023-10-20 13:25:17,Leather Wallet,Accessories,1,29.99,29.99
INV103617,10619.0,2023-10-20 15:21:48,Wireless Earbuds,Electronics,2,59.99,119.98
INV103618,10625.0,2023-10-20 17:18:18,Denim Jacket,Apparel,4,74.99,299.96
INV103619,10862.0,2023-10-20 19:14:48,Bluetooth Speaker,Electronics,1,45.0,45.0
INV103620,10254.0,2023-10-20 21:11:19,Smart Watch,Electronics,4,129.99,519.96
INV103621,10630.0,2023-10-20 23:07:49,Denim Jacket,Apparel,4,74.99,299.96
INV103622,10710.0,2023-10-21 01:04:20,Yoga Mat,Fitness,4,24.99,99.96
INV103623,10849.0,2023-10-21 03:00:50,Bluetooth Speaker,Electronics,1,45.0,45.0
INV103624,10877.0,2023-10-21 04:57:20,Wireless Earbuds,Electronics,1,59.99,59.99
INV103625,10563.0,2023-10-21 06:53:51,Bluetooth Speaker,Electronics,4,45.0,180.0
INV103626,10757.0,2023-10-21 08:50:21,Running Shoes,Footwear,1,89.99,89.99
INV103627,10915.0,2023-10-21 10:46:51,Stainless Steel Bottle,Fitness,2,19.99,39.98
INV103628,10426.0,2023-10-21 12:43:22,Running Shoes,Footwear,1,89.99,89.99
INV103629,10547.0,2023-10-21 14:39:52,Yoga Mat,Fitness,1,24.99,24.99
INV103630,10302.0,2023-10-21 16:36:22,Backpack,Accessories,1,49.99,49.99
INV103631,10922.0,2023-10-21 18:32:53,Denim Jacket,Apparel,2,74.99,149.98
INV103632,10581.0,2023-10-21 20:29:23,Running Shoes,Footwear,1,89.99,89.99
INV103633,10349.0,2023-10-21 22:25:53,Stainless Steel Bottle,Fitness,2,19.99,39.98
INV103634,10832.0,2023-10-22 00:22:24,Backpack,Accessories,2,49.99,99.98
INV103635,10933.0,2023-10-22 02:18:54,Running Shoes,Footwear,2,89.99,179.98
INV103636,10049.0,2023-10-22 04:15:25,Leather Wallet,Accessories,2,29.99,59.98
INV103637,10917.0,2023-10-22 06:11:55,Stainless Steel Bottle,Fitness,1,19.99,19.99
INV103638,10074.0,2023-10-22 08:08:25,Denim Jacket,Apparel,1,74.99,74.99
INV103639,10704.0,2023-10-22 10:04:56,Smart Watch,Electronics,1,129.99,129.99
INV103640,10261.0,2023-10-22 12:01:26,Sunglasses,Accessories,2,35.0,70.0
INV103641,10356.0,2023-10-22 13:57:56,Backpack,Accessories,2,49.99,99.98
INV103642,10582.0,2023-10-22 15:54:27,Leather Wallet,Accessories,1,29.99,29.99
INV103643,10602.0,2023-10-22 17:50:57,Smart Watch,Electronics,1,129.99,129.99
INV103644,10260.0,2023-10-22 19:47:27,Wireless Earbuds,Electronics,2,59.99,119.98
INV103645,10638.0,2023-10-22 21:43:58,Stainless Steel Bottle,Fitness,1,19.99,19.99
INV103646,10743.0,2023-10-22 23:40:28,Leather Wallet,Accessories,4,29.99,119.96
INV103647,10295.0,2023-10-23 01:36:58,Bluetooth Speaker,Electronics,1,45.0,45.0
INV103648,10931.0,2023-10-23 03:33:29,Wireless Earbuds,Electronics,5,59.99,299.95
INV103649,10641.0,2023-10-23 05:29:59,Wireless Earbuds,Electronics,1,59.99,59.99
INV103650,10792.0,2023-10-23 07:26:29,Backpack,Accessories,1,49.99,49.99
INV103651,10313.0,2023-10-23 09:23:00,Stainless Steel Bottle,Fitness,1,19.99,19.99
INV103652,10612.0,2023-10-23 11:19:30,Leather Wallet,Accessories,1,29.99,29.99
INV103653,10838.0,2023-10-23 13:16:01,Yoga Mat,Fitness,1,24.99,24.99
INV103654,10809.0,2023-10-23 15:12:31,Leather Wallet,Accessories,1,29.99,29.99
INV103655,10182.0,2023-10-23 17:09:01,Running Shoes,Footwear,2,89.99,179.98
INV103656,10686.0,2023-10-23 19:05:32,Wireless Earbuds,Electronics,1,59.99,59.99
INV103657,10828.0,2023-10-23 21:02:02,Denim Jacket,Apparel,3,74.99,224.96999999999997
INV103658,10364.0,2023-10-23 22:58:32,Wireless Earbuds,Electronics,1,59.99,59.99
INV103659,10188.0,2023-10-24 00:55:03,Wireless Earbuds,Electronics,4,59.99,239.96
INV103660,10569.0,2023-10-24 02:51:33,Sunglasses,Accessories,2,35.0,70.0
INV103661,10543.0,2023-10-24 04:48:03,Bluetooth Speaker,Electronics,1,45.0,45.0
INV103662,10596.0,2023-10-24 06:44:34,Yoga Mat,Fitness,1,24.99,24.99
INV103663,10664.0,2023-10-24 08:41:04,Smart Watch,Electronics,1,129.99,129.99
INV103664,10548.0,2023-10-24 10:37:34,Smart Watch,Electronics,1,129.99,129.99
INV103665,10725.0,2023-10-24 12:34:05,Bluetooth Speaker,Electronics,2,45.0,90.0
INV103666,10926.0,2023-10-24 14:30:35,Wireless Earbuds,Electronics,2,59.99,119.98
INV103667,10408.0,2023-10-24 16:27:05,Smart Watch,Electronics,4,129.99,519.96
INV103668,10876.0,2023-10-24 18:23:36,Stainless Steel Bottle,Fitness,2,19.99,39.98
INV103669,10618.0,2023-10-24 20:20:06,Yoga Mat,Fitness,5,24.99,124.94999999999999
INV103670,10414.0,2023-10-24 22:16:37,Smart Watch,Electronics,5,129.99,649.95
INV103671,10342.0,2023-10-25 00:13:07,Bluetooth Speaker,Electronics,3,45.0,135.0
INV103672,10220.0,2023-10-25 02:09:37,Running Shoes,Footwear,1,89.99,89.99
INV103673,10903.0,2023-10-25 04:06:08,Smart Watch,Electronics,1,129.99,129.99
INV103674,10163.0,2023-10-25 06:02:38,Yoga Mat,Fitness,1,24.99,24.99
INV103675,10220.0,2023-10-25 07:59:08,Backpack,Accessories,2,49.99,99.98
INV103676,10270.0,2023-10-25 09:55:39,Backpack,Accessories,1,49.99,49.99
INV103677,10632.0,2023-10-25 11:52:09,Stainless Steel Bottle,Fitness,1,19.99,19.99
INV103678,10906.0,2023-10-25 13:48:39,Leather Wallet,Accessories,1,29.99,29.99
INV103679,10848.0,2023-10-25 15:45:10,Leather Wallet,Accessories,1,29.99,29.99
INV103680,10400.0,2023-10-25 17:41:40,Smart Watch,Electronics,2,129.99,259.98
INV103681,10182.0,2023-10-25 19:38:10,Denim Jacket,Apparel,1,74.99,74.99
INV103682,10618.0,2023-10-25 21:34:41,Running Shoes,Footwear,2,89.99,179.98
INV103683,10729.0,2023-10-25 23:31:11,Bluetooth Speaker,Electronics,3,45.0,135.0
INV103684,10205.0,2023-10-26 01:27:41,Running Shoes,Footwear,1,89.99,89.99
INV103685,10582.0,2023-10-26 03:24:12,Backpack,Accessories,2,49.99,99.98
INV103686,10556.0,2023-10-26 05:20:42,Smart Watch,Electronics,3,129.99,389.97
INV103687,10841.0,2023-10-26 07:17:13,Yoga Mat,Fitness,1,24.99,24.99
INV103688,10813.0,2023-10-26 09:13:43,Bluetooth Speaker,Electronics,1,45.0,45.0
INV103689,10228.0,2023-10-26 11:10:13,Running Shoes,Footwear,1,89.99,89.99
INV103690,10696.0,2023-10-26 13:06:44,Yoga Mat,Fitness,2,24.99,49.98
INV103691,10619.0,2023-10-26 15:03:14,Bluetooth Speaker,Electronics,2,45.0,90.0
INV103692,10596.0,2023-10-26 16:59:44,Running Shoes,Footwear,1,89.99,89.99
INV103693,10850.0,2023-10-26 18:56:15,Stainless Steel Bottle,Fitness,1,19.99,19.99
INV103694,10250.0,2023-10-26 20:52:45,Backpack,Accessories,1,49.99,49.99
INV103695,10875.0,2023-10-26 22:49:15,Wireless Earbuds,Electronics,3,59.99,179.97
INV103696,10441.0,2023-10-27 00:45:46,Bluetooth Speaker,Electronics,1,45.0,45.0
INV103697,10533.0,2023-10-27 02:42:16,Backpack,Accessories,3,49.99,149.97
INV103698,10196.0,2023-10-27 04:38:46,Sunglasses,Accessories,1,35.0,35.0
INV103699,10690.0,2023-10-27 06:35:17,Denim Jacket,Apparel,2,74.99,149.98
INV103700,10929.0,2023-10-27 08:31:47,Smart Watch,Electronics,2,129.99,259.98
INV103701,10519.0,2023-10-27 10:28:17,Sunglasses,Accessories,-2,35.0,70.0
INV103702,10070.0,2023-10-27 12:24:48,Yoga Mat,Fitness,1,24.99,24.99
INV103703,10639.0,2023-10-27 14:21:18,Bluetooth Speaker,Electronics,3,45.0,135.0
INV103704,10399.0,2023-10-27 16:17:49,Smart Watch,Electronics,1,129.99,129.99
INV103705,10672.0,2023-10-27 18:14:19,Smart Watch,Electronics,1,129.99,129.99
INV103706,10760.0,2023-10-27 20:10:49,Sunglasses,Accessories,2,35.0,70.0
INV103707,10203.0,2023-10-27 22:07:20,Sunglasses,Accessories,3,35.0,105.0
INV103708,10148.0,2023-10-28 00:03:50,Wireless Earbuds,Electronics,2,59.99,119.98
INV103709,10472.0,2023-10-28 02:00:20,Running Shoes,Footwear,1,89.99,89.99
INV103710,10655.0,2023-10-28 03:56:51,Bluetooth Speaker,Electronics,2,45.0,90.0
INV103711,10944.0,2023-10-28 05:53:21,Backpack,Accessories,2,49.99,99.98
INV103712,10199.0,2023-10-28 07:49:51,Leather Wallet,Accessories,4,29.99,119.96
INV103713,10917.0,2023-10-28 09:46:22,Bluetooth Speaker,Electronics,3,45.0,135.0
INV103714,10426.0,2023-10-28 11:42:52,Bluetooth Speaker,Electronics,2,45.0,90.0
INV103715,10666.0,2023-10-28 13:39:22,Bluetooth Speaker,Electronics,1,45.0,45.0
INV103716,10492.0,2023-10-28 15:35:53,Smart Watch,Electronics,3,129.99,389.97
INV103717,10888.0,2023-10-28 17:32:23,Yoga Mat,Fitness,2,24.99,49.98
INV103718,10896.0,2023-10-28 19:28:53,Smart Watch,Electronics,8,129.99,1039.92
INV103719,10142.0,2023-10-28 21:25:24,Yoga Mat,Fitness,1,24.99,24.99
INV103720,10313.0,2023-10-28 23:21:54,Sunglasses,Accessories,1,35.0,35.0
INV103721,10165.0,2023-10-29 01:18:25,Leather Wallet,Accessories,1,29.99,29.99
INV103722,10314.0,2023-10-29 03:14:55,Smart Watch,Electronics,2,129.99,259.98
INV103723,10021.0,2023-10-29 05:11:25,Yoga Mat,Fitness,4,24.99,99.96
INV103724,10082.0,2023-10-29 07:07:56,Smart Watch,Electronics,1,129.99,129.99
INV103725,10581.0,2023-10-29 09:04:26,Denim Jacket,Apparel,2,74.99,149.98
INV103726,10131.0,2023-10-29 11:00:56,Smart Watch,Electronics,2,129.99,259.98
INV103727,10599.0,2023-10-29 12:57:27,Leather Wallet,Accessories,2,29.99,59.98
INV103728,10730.0,2023-10-29 14:53:57,Leather Wallet,Accessories,1,29.99,29.99
INV103729,10933.0,2023-10-29 16:50:27,Yoga Mat,Fitness,3,24.99,74.97
INV103730,10305.0,2023-10-29 18:46:58,Yoga Mat,Fitness,1,24.99,24.99
INV103731,10915.0,2023-10-29 20:43:28,Sunglasses,Accessories,3,35.0,105.0
INV103732,10371.0,2023-10-29 22:39:58,Leather Wallet,Accessories,1,29.99,29.99
INV103733,10857.0,2023-10-30 00:36:29,Leather Wallet,Accessories,1,29.99,29.99
INV103734,10853.0,2023-10-30 02:32:59,Wireless Earbuds,Electronics,3,59.99,179.97
INV103735,10384.0,2023-10-30 04:29:29,Bluetooth Speaker,Electronics,1,45.0,45.0
INV103736,10908.0,2023-10-30 06:26:00,Stainless Steel Bottle,Fitness,1,19.99,19.99
INV103737,10445.0,2023-10-30 08:22:30,Smart Watch,Electronics,2,129.99,259.98
INV103738,10425.0,2023-10-30 10:19:01,Running Shoes,Footwear,2,89.99,179.98
INV103739,10161.0,2023-10-30 12:15:31,Sunglasses,Accessories,2,35.0,70.0
INV103740,10178.0,2023-10-30 14:12:01,Bluetooth Speaker,Electronics,1,45.0,45.0
INV103741,10629.0,2023-10-30 16:08:32,Stainless Steel Bottle,Fitness,1,19.99,19.99
INV103742,10708.0,2023-10-30 18:05:02,Wireless Earbuds,Electronics,1,59.99,59.99
INV103743,10895.0,2023-10-30 20:01:32,Running Shoes,Footwear,1,89.99,89.99
INV103744,10490.0,2023-10-30 21:58:03,Yoga Mat,Fitness,4,24.99,99.96
INV103745,10327.0,2023-10-30 23:54:33,Leather Wallet,Accessories,1,29.99,29.99
INV103746,10598.0,2023-10-31 01:51:03,Denim Jacket,Apparel,1,74.99,74.99
INV103747,10289.0,2023-10-31 03:47:34,Sunglasses,Accessories,1,35.0,35.0
INV103748,10593.0,2023-10-31 05:44:04,Backpack,Accessories,1,49.99,49.99
INV103749,10664.0,2023-10-31 07:40:34,Leather Wallet,Accessories,2,29.99,59.98
INV103750,10573.0,2023-10-31 09:37:05,Denim Jacket,Apparel,2,74.99,149.98
INV103751,10573.0,2023-10-31 11:33:35,Stainless Steel Bottle,Fitness,1,19.99,19.99
INV103752,10354.0,2023-10-31 13:30:06,Yoga Mat,Fitness,1,24.99,24.99
INV103753,10028.0,2023-10-31 15:26:36,Running Shoes,Footwear,1,89.99,89.99
INV103754,10043.0,2023-10-31 17:23:06,Stainless Steel Bottle,Fitness,3,19.99,59.97
INV103755,10681.0,2023-10-31 19:19:37,Leather Wallet,Accessories,2,29.99,59.98
INV103756,10423.0,2023-10-31 21:16:07,Leather Wallet,Accessories,1,29.99,29.99
INV103757,10598.0,2023-10-31 23:12:37,Running Shoes,Footwear,1,89.99,89.99
INV103758,10177.0,2023-11-01 01:09:08,Backpack,Accessories,2,49.99,99.98
INV103759,10529.0,2023-11-01 03:05:38,Denim Jacket,Apparel,3,74.99,224.96999999999997
INV103760,10610.0,2023-11-01 05:02:08,Stainless Steel Bottle,Fitness,4,19.99,79.96
INV103761,10494.0,2023-11-01 06:58:39,Yoga Mat,Fitness,1,24.99,24.99
INV103762,10198.0,2023-11-01 08:55:09,Leather Wallet,Accessories,1,29.99,29.99
INV103763,10610.0,2023-11-01 10:51:39,Stainless Steel Bottle,Fitness,1,19.99,19.99
INV103764,10577.0,2023-11-01 12:48:10,Backpack,Accessories,3,49.99,149.97
INV103765,10842.0,2023-11-01 14:44:40,Stainless Steel Bottle,Fitness,5,19.99,99.94999999999999
INV103766,10853.0,2023-11-01 16:41:10,Running Shoes,Footwear,1,89.99,89.99
INV103767,10517.0,2023-11-01 18:37:41,Yoga Mat,Fitness,1,24.99,24.99
INV103768,10514.0,2023-11-01 20:34:11,Wireless Earbuds,Electronics,1,59.99,59.99
INV103769,10022.0,2023-11-01 22:30:42,Running Shoes,Footwear,1,89.99,89.99
INV103770,10112.0,2023-11-02 00:27:12,Stainless Steel Bottle,Fitness,1,19.99,19.99
INV103771,10057.0,2023-11-02 02:23:42,Wireless Earbuds,Electronics,2,59.99,119.98
INV103772,10066.0,2023-11-02 04:20:13,Leather Wallet,Accessories,1,29.99,29.99
INV103773,10842.0,2023-11-02 06:16:43,Wireless Earbuds,Electronics,1,59.99,59.99
INV103774,10098.0,2023-11-02 08:13:13,Backpack,Accessories,2,49.99,99.98
INV103775,10144.0,2023-11-02 10:09:44,Smart Watch,Electronics,1,129.99,129.99
INV103776,10880.0,2023-11-02 12:06:14,Backpack,Accessories,1,49.99,49.99
INV103777,10435.0,2023-11-02 14:02:44,Running Shoes,Footwear,1,89.99,89.99
INV103778,10637.0,2023-11-02 15:59:15,Smart Watch,Electronics,4,129.99,519.96
INV103779,10679.0,2023-11-02 17:55:45,Running Shoes,Footwear,3,89.99,269.96999999999997
INV103780,10086.0,2023-11-02 19:52:15,Sunglasses,Accessories,1,35.0,35.0
INV103781,10588.0,2023-11-02 21:48:46,Yoga Mat,Fitness,2,24.99,49.98
INV103782,10344.0,2023-11-02 23:45:16,Bluetooth Speaker,Electronics,1,45.0,45.0
INV103783,10936.0,2023-11-03 01:41:46,Leather Wallet,Accessories,2,29.99,59.98
INV103784,10294.0,2023-11-03 03:38:17,Leather Wallet,Accessories,2,29.99,59.98
INV103785,10571.0,2023-11-03 05:34:47,Sunglasses,Accessories,3,35.0,105.0
INV103786,10650.0,2023-11-03 07:31:18,Stainless Steel Bottle,Fitness,1,19.99,19.99
INV103787,10611.0,2023-11-03 09:27:48,Denim Jacket,Apparel,10,74.99,749.9
INV103788,10704.0,2023-11-03 11:24:18,Running Shoes,Footwear,5,89.99,449.95
INV103789,10243.0,2023-11-03 13:20:49,Bluetooth Speaker,Electronics,4,45.0,180.0
INV103790,10831.0,2023-11-03 15:17:19,Bluetooth Speaker,Electronics,2,45.0,90.0
INV103791,10561.0,2023-11-03 17:13:49,Backpack,Accessories,1,49.99,49.99
INV103792,10032.0,2023-11-03 19:10:20,Backpack,Accessories,1,49.99,49.99
INV103793,10391.0,2023-11-03 21:06:50,Denim Jacket,Apparel,1,74.99,74.99
INV103794,10277.0,2023-11-03 23:03:20,Stainless Steel Bottle,Fitness,1,19.99,19.99
INV103795,10532.0,2023-11-04 00:59:51,Sunglasses,Accessories,2,35.0,70.0
INV103796,10154.0,2023-11-04 02:56:21,Wireless Earbuds,Electronics,2,59.99,119.98
INV103797,10383.0,2023-11-04 04:52:51,Backpack,Accessories,4,49.99,199.96
INV103798,10068.0,2023-11-04 06:49:22,Stainless Steel Bottle,Fitness,1,19.99,19.99
INV103799,10878.0,2023-11-04 08:45:52,Yoga Mat,Fitness,1,24.99,24.99
INV103800,10884.0,2023-11-04 10:42:22,Leather Wallet,Accessories,3,29.99,89.97
INV103801,10214.0,2023-11-04 12:38:53,Leather Wallet,Accessories,1,29.99,29.99
INV103802,10655.0,2023-11-04 14:35:23,Stainless Steel Bottle,Fitness,1,19.99,19.99
INV103803,10376.0,2023-11-04 16:31:54,Denim Jacket,Apparel,10,74.99,749.9
INV103804,10744.0,2023-11-04 18:28:24,Sunglasses,Accessories,3,35.0,105.0
INV103805,10213.0,2023-11-04 20:24:54,Bluetooth Speaker,Electronics,1,45.0,45.0
INV103806,10079.0,2023-11-04 22:21:25,Denim Jacket,Apparel,3,74.99,224.96999999999997
INV103807,10726.0,2023-11-05 00:17:55,Stainless Steel Bottle,Fitness,2,19.99,39.98
INV103808,10628.0,2023-11-05 02:14:25,Sunglasses,Accessories,3,35.0,105.0
INV103809,10604.0,2023-11-05 04:10:56,Sunglasses,Accessories,3,35.0,105.0
INV103810,10782.0,2023-11-05 06:07:26,Running Shoes,Footwear,1,89.99,89.99
INV103811,10923.0,2023-11-05 08:03:56,Smart Watch,Electronics,2,129.99,259.98
INV103812,10381.0,2023-11-05 10:00:27,Leather Wallet,Accessories,1,29.99,29.99
INV103813,10680.0,2023-11-05 11:56:57,Stainless Steel Bottle,Fitness,1,19.99,19.99
INV103814,10058.0,2023-11-05 13:53:27,Bluetooth Speaker,Electronics,4,45.0,180.0
INV103815,10796.0,2023-11-05 15:49:58,Smart Watch,Electronics,2,129.99,259.98
INV103816,10026.0,2023-11-05 17:46:28,Yoga Mat,Fitness,2,24.99,49.98
INV103817,10881.0,2023-11-05 19:42:58,Backpack,Accessories,3,49.99,149.97
INV103818,10447.0,2023-11-05 21:39:29,Running Shoes,Footwear,5,89.99,449.95
INV103819,10066.0,2023-11-05 23:35:59,Backpack,Accessories,3,49.99,149.97
INV103820,10921.0,2023-11-06 01:32:30,Smart Watch,Electronics,1,129.99,129.99
INV103821,10760.0,2023-11-06 03:29:00,Smart Watch,Electronics,1,129.99,129.99
INV103822,10254.0,2023-11-06 05:25:30,Backpack,Accessories,1,49.99,49.99
INV103823,10899.0,2023-11-06 07:22:01,Bluetooth Speaker,Electronics,1,45.0,45.0
INV103824,10044.0,2023-11-06 09:18:31,Bluetooth Speaker,Electronics,1,45.0,45.0
INV103825,10097.0,2023-11-06 11:15:01,Wireless Earbuds,Electronics,2,59.99,119.98
INV103826,10554.0,2023-11-06 13:11:32,Yoga Mat,Fitness,2,24.99,49.98
INV103827,10227.0,2023-11-06 15:08:02,Bluetooth Speaker,Electronics,5,45.0,225.0
INV103828,10774.0,2023-11-06 17:04:32,Yoga Mat,Fitness,2,24.99,49.98
INV103829,10679.0,2023-11-06 19:01:03,Yoga Mat,Fitness,2,24.99,49.98
INV103830,10436.0,2023-11-06 20:57:33,Smart Watch,Electronics,1,129.99,129.99
INV103831,10791.0,2023-11-06 22:54:03,Yoga Mat,Fitness,1,24.99,24.99
INV103832,10601.0,2023-11-07 00:50:34,Running Shoes,Footwear,1,89.99,89.99
INV103833,10379.0,2023-11-07 02:47:04,Backpack,Accessories,3,49.99,149.97
INV103834,10178.0,2023-11-07 04:43:34,Wireless Earbuds,Electronics,1,59.99,59.99
INV103835,10427.0,2023-11-07 06:40:05,Stainless Steel Bottle,Fitness,2,19.99,39.98
INV103836,10915.0,2023-11-07 08:36:35,Denim Jacket,Apparel,2,74.99,149.98
INV103837,10709.0,2023-11-07 10:33:06,Wireless Earbuds,Electronics,1,59.99,59.99
INV103838,10307.0,2023-11-07 12:29:36,Running Shoes,Footwear,1,89.99,89.99
INV103839,10779.0,2023-11-07 14:26:06,Wireless Earbuds,Electronics,1,59.99,59.99
INV103840,10504.0,2023-11-07 16:22:37,Yoga Mat,Fitness,1,24.99,24.99
INV103841,10268.0,2023-11-07 18:19:07,Smart Watch,Electronics,3,129.99,389.97
INV103842,10586.0,2023-11-07 20:15:37,Denim Jacket,Apparel,2,74.99,149.98
INV103843,10008.0,2023-11-07 22:12:08,Bluetooth Speaker,Electronics,2,45.0,90.0
INV103844,10920.0,2023-11-08 00:08:38,Smart Watch,Electronics,3,129.99,389.97
INV103845,10508.0,2023-11-08 02:05:08,Yoga Mat,Fitness,2,24.99,49.98
INV103846,10476.0,2023-11-08 04:01:39,Yoga Mat,Fitness,5,24.99,124.94999999999999
INV103847,10297.0,2023-11-08 05:58:09,Denim Jacket,Apparel,1,74.99,74.99
INV103848,10164.0,2023-11-08 07:54:39,Denim Jacket,Apparel,2,74.99,149.98
INV103849,10485.0,2023-11-08 09:51:10,Leather Wallet,Accessories,1,29.99,29.99
INV103850,10597.0,2023-11-08 11:47:40,Sunglasses,Accessories,1,35.0,35.0
INV103851,10072.0,2023-11-08 13:44:10,Sunglasses,Accessories,1,35.0,35.0
INV103852,10567.0,2023-11-08 15:40:41,Smart Watch,Electronics,2,129.99,259.98
INV103853,10905.0,2023-11-08 17:37:11,Bluetooth Speaker,Electronics,1,45.0,45.0
INV103854,10559.0,2023-11-08 19:33:42,Wireless Earbuds,Electronics,1,59.99,59.99
INV103855,10911.0,2023-11-08 21:30:12,Yoga Mat,Fitness,10,24.99,249.89999999999998
INV103856,10944.0,2023-11-08 23:26:42,Yoga Mat,Fitness,3,24.99,74.97
INV103857,10238.0,2023-11-09 01:23:13,Leather Wallet,Accessories,2,29.99,59.98
INV103858,10104.0,2023-11-09 03:19:43,Smart Watch,Electronics,3,129.99,389.97
INV103859,10210.0,2023-11-09 05:16:13,Smart Watch,Electronics,5,129.99,649.95
INV103860,10554.0,2023-11-09 07:12:44,Backpack,Accessories,2,49.99,99.98
INV103861,10828.0,2023-11-09 09:09:14,Denim Jacket,Apparel,1,74.99,74.99
INV103862,10468.0,2023-11-09 11:05:44,Bluetooth Speaker,Electronics,3,45.0,135.0
INV103863,10454.0,2023-11-09 13:02:15,Denim Jacket,Apparel,2,74.99,149.98
INV103864,10268.0,2023-11-09 14:58:45,Bluetooth Speaker,Electronics,1,45.0,45.0
INV103865,10386.0,2023-11-09 16:55:15,Running Shoes,Footwear,1,89.99,89.99
INV103866,10775.0,2023-11-09 18:51:46,Stainless Steel Bottle,Fitness,1,19.99,19.99
INV103867,10848.0,2023-11-09 20:48:16,Sunglasses,Accessories,4,35.0,140.0
INV103868,10387.0,2023-11-09 22:44:46,Sunglasses,Accessories,1,35.0,35.0
INV103869,10877.0,2023-11-10 00:41:17,Bluetooth Speaker,Electronics,5,45.0,225.0
INV103870,10259.0,2023-11-10 02:37:47,Sunglasses,Accessories,4,35.0,140.0
INV103871,10283.0,2023-11-10 04:34:18,Denim Jacket,Apparel,-2,74.99,149.98
INV103872,10626.0,2023-11-10 06:30:48,Yoga Mat,Fitness,2,24.99,49.98
INV103873,10875.0,2023-11-10 08:27:18,Denim Jacket,Apparel,1,74.99,74.99
INV103874,10040.0,2023-11-10 10:23:49,Bluetooth Speaker,Electronics,1,45.0,45.0
INV103875,10486.0,2023-11-10 12:20:19,Smart Watch,Electronics,1,129.99,129.99
INV103876,10929.0,2023-11-10 14:16:49,Denim Jacket,Apparel,3,74.99,224.96999999999997
INV103877,10220.0,2023-11-10 16:13:20,Sunglasses,Accessories,1,35.0,35.0
INV103878,10129.0,2023-11-10 18:09:50,Leather Wallet,Accessories,1,29.99,29.99
INV103879,10520.0,2023-11-10 20:06:20,Backpack,Accessories,1,49.99,49.99
INV103880,10613.0,2023-11-10 22:02:51,Yoga Mat,Fitness,5,24.99,124.94999999999999
INV103881,10928.0,2023-11-10 23:59:21,Sunglasses,Accessories,1,35.0,35.0
INV103882,10892.0,2023-11-11 01:55:51,Leather Wallet,Accessories,4,29.99,119.96
INV103883,10688.0,2023-11-11 03:52:22,Bluetooth Speaker,Electronics,1,45.0,45.0
INV103884,10619.0,2023-11-11 05:48:52,Running Shoes,Footwear,2,89.99,179.98
INV103885,10613.0,2023-11-11 07:45:23,Leather Wallet,Accessories,1,29.99,29.99
INV103886,10260.0,2023-11-11 09:41:53,Stainless Steel Bottle,Fitness,2,19.99,39.98
INV103887,10366.0,2023-11-11 11:38:23,Running Shoes,Footwear,2,89.99,179.98
INV103888,10758.0,2023-11-11 13:34:54,Wireless Earbuds,Electronics,1,59.99,59.99
INV103889,10787.0,2023-11-11 15:31:24,Yoga Mat,Fitness,2,24.99,49.98
INV103890,10544.0,2023-11-11 17:27:54,Sunglasses,Accessories,2,35.0,70.0
INV103891,10649.0,2023-11-11 19:24:25,Wireless Earbuds,Electronics,2,59.99,119.98
INV103892,10524.0,2023-11-11 21:20:55,Denim Jacket,Apparel,3,74.99,224.96999999999997
INV103893,10907.0,2023-11-11 23:17:25,Bluetooth Speaker,Electronics,1,45.0,45.0
INV103894,10814.0,2023-11-12 01:13:56,Yoga Mat,Fitness,2,24.99,49.98
INV103895,10887.0,2023-11-12 03:10:26,Smart Watch,Electronics,8,129.99,1039.92
INV103896,10016.0,2023-11-12 05:06:56,Running Shoes,Footwear,4,89.99,359.96
INV103897,10129.0,2023-11-12 07:03:27,Smart Watch,Electronics,5,129.99,649.95
INV103898,10575.0,2023-11-12 08:59:57,Wireless Earbuds,Electronics,1,59.99,59.99
INV103899,10109.0,2023-11-12 10:56:27,Leather Wallet,Accessories,-3,29.99,89.97
INV103900,10887.0,2023-11-12 12:52:58,Leather Wallet,Accessories,2,29.99,59.98
INV103901,10533.0,2023-11-12 14:49:28,Bluetooth Speaker,Electronics,1,45.0,45.0
INV103902,10670.0,2023-11-12 16:45:59,Wireless Earbuds,Electronics,3,59.99,179.97
INV103903,10269.0,2023-11-12 18:42:29,Backpack,Accessories,2,49.99,99.98
INV103904,10162.0,2023-11-12 20:38:59,Yoga Mat,Fitness,1,24.99,24.99
INV103905,10260.0,2023-11-12 22:35:30,Running Shoes,Footwear,1,89.99,89.99
INV103906,10924.0,2023-11-13 00:32:00,Leather Wallet,Accessories,3,29.99,89.97
INV103907,10102.0,2023-11-13 02:28:30,Leather Wallet,Accessories,1,29.99,29.99
INV103908,10506.0,2023-11-13 04:25:01,Smart Watch,Electronics,1,129.99,129.99
INV103909,10735.0,2023-11-13 06:21:31,Smart Watch,Electronics,1,129.99,129.99
INV103910,10571.0,2023-11-13 08:18:01,Sunglasses,Accessories,1,35.0,35.0
INV103911,10247.0,2023-11-13 10:14:32,Denim Jacket,Apparel,4,74.99,299.96
INV103912,10640.0,2023-11-13 12:11:02,Backpack,Accessories,1,49.99,49.99
INV103913,10795.0,2023-11-13 14:07:32,Smart Watch,Electronics,2,129.99,259.98
INV103914,10837.0,2023-11-13 16:04:03,Smart Watch,Electronics,4,129.99,519.96
INV103915,10537.0,2023-11-13 18:00:33,Yoga Mat,Fitness,2,24.99,49.98
INV103916,10131.0,2023-11-13 19:57:03,Sunglasses,Accessories,1,35.0,35.0
INV103917,10353.0,2023-11-13 21:53:34,Smart Watch,Electronics,3,129.99,389.97
INV103918,10196.0,2023-11-13 23:50:04,Running Shoes,Footwear,1,89.99,89.99
INV103919,10793.0,2023-11-14 01:46:35,Yoga Mat,Fitness,1,24.99,24.99
INV103920,10916.0,2023-11-14 03:43:05,Denim Jacket,Apparel,2,74.99,149.98
INV103921,10930.0,2023-11-14 05:39:35,Wireless Earbuds,Electronics,3,59.99,179.97
INV103922,10666.0,2023-11-14 07:36:06,Yoga Mat,Fitness,3,24.99,74.97
INV103923,10382.0,2023-11-14 09:32:36,Wireless Earbuds,Electronics,5,59.99,299.95
INV103924,10645.0,2023-11-14 11:29:06,Leather Wallet,Accessories,3,29.99,89.97
INV103925,10227.0,2023-11-14 13:25:37,Sunglasses,Accessories,-3,35.0,105.0
INV103926,10701.0,2023-11-14 15:22:07,Denim Jacket,Apparel,3,74.99,224.96999999999997
INV103927,10476.0,2023-11-14 17:18:37,Sunglasses,Accessories,1,35.0,35.0
INV103928,10477.0,2023-11-14 19:15:08,Denim Jacket,Apparel,1,74.99,74.99
INV103929,10265.0,2023-11-14 21:11:38,Sunglasses,Accessories,2,35.0,70.0
INV103930,10372.0,2023-11-14 23:08:08,Yoga Mat,Fitness,2,24.99,49.98
INV103931,10486.0,2023-11-15 01:04:39,Sunglasses,Accessories,1,35.0,35.0
INV103932,10434.0,2023-11-15 03:01:09,Stainless Steel Bottle,Fitness,1,19.99,19.99
INV103933,10646.0,2023-11-15 04:57:39,Denim Jacket,Apparel,1,74.99,74.99
INV103934,10211.0,2023-11-15 06:54:10,Wireless Earbuds,Electronics,2,59.99,119.98
INV103935,10572.0,2023-11-15 08:50:40,Denim Jacket,Apparel,3,74.99,224.96999999999997
INV103936,10940.0,2023-11-15 10:47:11,Leather Wallet,Accessories,4,29.99,119.96
INV103937,10377.0,2023-11-15 12:43:41,Running Shoes,Footwear,3,89.99,269.96999999999997
INV103938,10395.0,2023-11-15 14:40:11,Stainless Steel Bottle,Fitness,3,19.99,59.97
INV103939,10450.0,2023-11-15 16:36:42,Bluetooth Speaker,Electronics,1,45.0,45.0
INV103940,10943.0,2023-11-15 18:33:12,Denim Jacket,Apparel,1,74.99,74.99
INV103941,10364.0,2023-11-15 20:29:42,Smart Watch,Electronics,1,129.99,129.99
INV103942,10876.0,2023-11-15 22:26:13,Yoga Mat,Fitness,2,24.99,49.98
INV103943,10457.0,2023-11-16 00:22:43,Yoga Mat,Fitness,1,24.99,24.99
INV103944,10725.0,2023-11-16 02:19:13,Sunglasses,Accessories,2,35.0,70.0
INV103945,10728.0,2023-11-16 04:15:44,Sunglasses,Accessories,2,35.0,70.0
INV103946,10226.0,2023-11-16 06:12:14,Yoga Mat,Fitness,1,24.99,24.99
INV103947,10131.0,2023-11-16 08:08:44,Backpack,Accessories,5,49.99,249.95000000000002
INV103948,10588.0,2023-11-16 10:05:15,Stainless Steel Bottle,Fitness,2,19.99,39.98
INV103949,10476.0,2023-11-16 12:01:45,Stainless Steel Bottle,Fitness,1,19.99,19.99
INV103950,10798.0,2023-11-16 13:58:15,Wireless Earbuds,Electronics,1,59.99,59.99
INV103951,10277.0,2023-11-16 15:54:46,Denim Jacket,Apparel,2,74.99,149.98
INV103952,10156.0,2023-11-16 17:51:16,Bluetooth Speaker,Electronics,1,45.0,45.0
INV103953,10760.0,2023-11-16 19:47:47,Yoga Mat,Fitness,1,24.99,24.99
INV103954,10218.0,2023-11-16 21:44:17,Denim Jacket,Apparel,2,74.99,149.98
INV103955,10190.0,2023-11-16 23:40:47,Stainless Steel Bottle,Fitness,5,19.99,99.94999999999999
INV103956,10417.0,2023-11-17 01:37:18,Leather Wallet,Accessories,-1,29.99,29.99
INV103957,10675.0,2023-11-17 03:33:48,Yoga Mat,Fitness,4,24.99,99.96
INV103958,10692.0,2023-11-17 05:30:18,Denim Jacket,Apparel,3,74.99,224.96999999999997
INV103959,10546.0,2023-11-17 07:26:49,Stainless Steel Bottle,Fitness,1,19.99,19.99
INV103960,10041.0,2023-11-17 09:23:19,Running Shoes,Footwear,2,89.99,179.98
INV103961,10307.0,2023-11-17 11:19:49,Stainless Steel Bottle,Fitness,1,19.99,19.99
INV103962,10943.0,2023-11-17 13:16:20,Sunglasses,Accessories,1,35.0,35.0
INV103963,10338.0,2023-11-17 15:12:50,Smart Watch,Electronics,2,129.99,259.98
INV103964,10314.0,2023-11-17 17:09:20,Backpack,Accessories,2,49.99,99.98
INV103965,10075.0,2023-11-17 19:05:51,Backpack,Accessories,1,49.99,49.99
INV103966,10279.0,2023-11-17 21:02:21,Sunglasses,Accessories,4,35.0,140.0
INV103967,10176.0,2023-11-17 22:58:51,Sunglasses,Accessories,3,35.0,105.0
INV103968,10896.0,2023-11-18 00:55:22,Yoga Mat,Fitness,4,24.99,99.96
INV103969,10662.0,2023-11-18 02:51:52,Running Shoes,Footwear,1,89.99,89.99
INV103970,10273.0,2023-11-18 04:48:23,Running Shoes,Footwear,4,89.99,359.96
INV103971,10837.0,2023-11-18 06:44:53,Yoga Mat,Fitness,1,24.99,24.99
INV103972,10620.0,2023-11-18 08:41:23,Denim Jacket,Apparel,1,74.99,74.99
INV103973,10651.0,2023-11-18 10:37:54,Yoga Mat,Fitness,3,24.99,74.97
INV103974,10862.0,2023-11-18 12:34:24,Bluetooth Speaker,Electronics,2,45.0,90.0
INV103975,10783.0,2023-11-18 14:30:54,Bluetooth Speaker,Electronics,2,45.0,90.0
INV103976,10859.0,2023-11-18 16:27:25,Backpack,Accessories,1,49.99,49.99
INV103977,10931.0,2023-11-18 18:23:55,Stainless Steel Bottle,Fitness,1,19.99,19.99
INV103978,10289.0,2023-11-18 20:20:25,Yoga Mat,Fitness,2,24.99,49.98
INV103979,10724.0,2023-11-18 22:16:56,Yoga Mat,Fitness,1,24.99,24.99
INV103980,10893.0,2023-11-19 00:13:26,Denim Jacket,Apparel,2,74.99,149.98
INV103981,10272.0,2023-11-19 02:09:56,Wireless Earbuds,Electronics,1,59.99,59.99
INV103982,10930.0,2023-11-19 04:06:27,Backpack,Accessories,5,49.99,249.95000000000002
INV103983,10066.0,2023-11-19 06:02:57,Backpack,Accessories,2,49.99,99.98
INV103984,10483.0,2023-11-19 07:59:27,Backpack,Accessories,2,49.99,99.98
INV103985,10936.0,2023-11-19 09:55:58,Stainless Steel Bottle,Fitness,4,19.99,79.96
INV103986,10248.0,2023-11-19 11:52:28,Sunglasses,Accessories,2,35.0,70.0
INV103987,10156.0,2023-11-19 13:48:59,Leather Wallet,Accessories,1,29.99,29.99
INV103988,10047.0,2023-11-19 15:45:29,Wireless Earbuds,Electronics,1,59.99,59.99
INV103989,10935.0,2023-11-19 17:41:59,Stainless Steel Bottle,Fitness,2,19.99,39.98
INV103990,10454.0,2023-11-19 19:38:30,Bluetooth Speaker,Electronics,1,45.0,45.0
INV103991,10201.0,2023-11-19 21:35:00,Denim Jacket,Apparel,2,74.99,149.98
INV103992,10660.0,2023-11-19 23:31:30,Sunglasses,Accessories,1,35.0,35.0
INV103993,10124.0,2023-11-20 01:28:01,Bluetooth Speaker,Electronics,1,45.0,45.0
INV103994,10001.0,2023-11-20 03:24:31,Sunglasses,Accessories,2,35.0,70.0
INV103995,10759.0,2023-11-20 05:21:01,Running Shoes,Footwear,5,89.99,449.95
INV103996,10855.0,2023-11-20 07:17:32,Backpack,Accessories,2,49.99,99.98
INV103997,10640.0,2023-11-20 09:14:02,Sunglasses,Accessories,4,35.0,140.0
INV103998,10191.0,2023-11-20 11:10:32,Smart Watch,Electronics,5,129.99,649.95
INV103999,10579.0,2023-11-20 13:07:03,Backpack,Accessories,1,49.99,49.99
INV104000,10516.0,2023-11-20 15:03:33,Backpack,Accessories,1,49.99,49.99
INV104001,10442.0,2023-11-20 17:00:04,Denim Jacket,Apparel,3,74.99,224.96999999999997
INV104002,10921.0,2023-11-20 18:56:34,Wireless Earbuds,Electronics,3,59.99,179.97
INV104003,10815.0,2023-11-20 20:53:04,Bluetooth Speaker,Electronics,2,45.0,90.0
INV104004,10806.0,2023-11-20 22:49:35,Sunglasses,Accessories,10,35.0,350.0
INV104005,10143.0,2023-11-21 00:46:05,Sunglasses,Accessories,1,35.0,35.0
INV104006,10191.0,2023-11-21 02:42:35,Running Shoes,Footwear,1,89.99,89.99
INV104007,10533.0,2023-11-21 04:39:06,Backpack,Accessories,2,49.99,99.98
INV104008,10227.0,2023-11-21 06:35:36,Yoga Mat,Fitness,1,24.99,24.99
INV104009,10313.0,2023-11-21 08:32:06,Leather Wallet,Accessories,1,29.99,29.99
INV104010,10629.0,2023-11-21 10:28:37,Yoga Mat,Fitness,1,24.99,24.99
INV104011,10949.0,2023-11-21 12:25:07,Sunglasses,Accessories,1,35.0,35.0
INV104012,10302.0,2023-11-21 14:21:37,Yoga Mat,Fitness,2,24.99,49.98
INV104013,10654.0,2023-11-21 16:18:08,Denim Jacket,Apparel,4,74.99,299.96
INV104014,10460.0,2023-11-21 18:14:38,Smart Watch,Electronics,4,129.99,519.96
INV104015,10401.0,2023-11-21 20:11:08,Sunglasses,Accessories,2,35.0,70.0
INV104016,10551.0,2023-11-21 22:07:39,Sunglasses,Accessories,1,35.0,35.0
INV104017,10393.0,2023-11-22 00:04:09,Smart Watch,Electronics,2,129.99,259.98
INV104018,10867.0,2023-11-22 02:00:40,Bluetooth Speaker,Electronics,1,45.0,45.0
INV104019,10764.0,2023-11-22 03:57:10,Smart Watch,Electronics,1,129.99,129.99
INV104020,10845.0,2023-11-22 05:53:40,Yoga Mat,Fitness,1,24.99,24.99
INV104021,10207.0,2023-11-22 07:50:11,Denim Jacket,Apparel,3,74.99,224.96999999999997
INV104022,10210.0,2023-11-22 09:46:41,Running Shoes,Footwear,4,89.99,359.96
INV104023,10115.0,2023-11-22 11:43:11,Bluetooth Speaker,Electronics,2,45.0,90.0
INV104024,10737.0,2023-11-22 13:39:42,Stainless Steel Bottle,Fitness,2,19.99,39.98
INV104025,10646.0,2023-11-22 15:36:12,Running Shoes,Footwear,1,89.99,89.99
INV104026,10251.0,2023-11-22 17:32:42,Wireless Earbuds,Electronics,2,59.99,119.98
INV104027,10219.0,2023-11-22 19:29:13,Wireless Earbuds,Electronics,2,59.99,119.98
INV104028,10407.0,2023-11-22 21:25:43,Wireless Earbuds,Electronics,1,59.99,59.99
INV104029,10443.0,2023-11-22 23:22:13,Wireless Earbuds,Electronics,1,59.99,59.99
INV104030,10603.0,2023-11-23 01:18:44,Denim Jacket,Apparel,4,74.99,299.96
INV104031,10354.0,2023-11-23 03:15:14,Running Shoes,Footwear,2,89.99,179.98
INV104032,10888.0,2023-11-23 05:11:44,Backpack,Accessories,4,49.99,199.96
INV104033,10558.0,2023-11-23 07:08:15,Leather Wallet,Accessories,3,29.99,89.97
INV104034,10550.0,2023-11-23 09:04:45,Bluetooth Speaker,Electronics,10,45.0,450.0
INV104035,10142.0,2023-11-23 11:01:16,Stainless Steel Bottle,Fitness,1,19.99,19.99
INV104036,10612.0,2023-11-23 12:57:46,Yoga Mat,Fitness,1,24.99,24.99
INV104037,10501.0,2023-11-23 14:54:16,Sunglasses,Accessories,1,35.0,35.0
INV104038,10840.0,2023-11-23 16:50:47,Wireless Earbuds,Electronics,1,59.99,59.99
INV104039,10702.0,2023-11-23 18:47:17,Stainless Steel Bottle,Fitness,2,19.99,39.98
INV104040,10547.0,2023-11-23 20:43:47,Sunglasses,Accessories,2,35.0,70.0
INV104041,10659.0,2023-11-23 22:40:18,Leather Wallet,Accessories,2,29.99,59.98
INV104042,10542.0,2023-11-24 00:36:48,Stainless Steel Bottle,Fitness,1,19.99,19.99
INV104043,10846.0,2023-11-24 02:33:18,Running Shoes,Footwear,4,89.99,359.96
INV104044,10507.0,2023-11-24 04:29:49,Stainless Steel Bottle,Fitness,1,19.99,19.99
INV104045,10596.0,2023-11-24 06:26:19,Wireless Earbuds,Electronics,1,59.99,59.99
INV104046,10881.0,2023-11-24 08:22:49,Leather Wallet,Accessories,2,29.99,59.98
INV104047,10281.0,2023-11-24 10:19:20,Yoga Mat,Fitness,3,24.99,74.97
INV104048,10424.0,2023-11-24 12:15:50,Backpack,Accessories,1,49.99,49.99
INV104049,10856.0,2023-11-24 14:12:20,Smart Watch,Electronics,1,129.99,129.99
INV104050,10270.0,2023-11-24 16:08:51,Wireless Earbuds,Electronics,2,59.99,119.98
INV104051,10154.0,2023-11-24 18:05:21,Sunglasses,Accessories,1,35.0,35.0
INV104052,10614.0,2023-11-24 20:01:52,Leather Wallet,Accessories,1,29.99,29.99
INV104053,10727.0,2023-11-24 21:58:22,Running Shoes,Footwear,2,89.99,179.98
INV104054,10662.0,2023-11-24 23:54:52,Denim Jacket,Apparel,1,74.99,74.99
INV104055,10944.0,2023-11-25 01:51:23,Leather Wallet,Accessories,1,29.99,29.99
INV104056,10083.0,2023-11-25 03:47:53,Sunglasses,Accessories,1,35.0,35.0
INV104057,10622.0,2023-11-25 05:44:23,Smart Watch,Electronics,5,129.99,649.95
INV104058,10947.0,2023-11-25 07:40:54,Smart Watch,Electronics,5,129.99,649.95
INV104059,10899.0,2023-11-25 09:37:24,Bluetooth Speaker,Electronics,1,45.0,45.0
INV104060,10426.0,2023-11-25 11:33:54,Backpack,Accessories,1,49.99,49.99
INV104061,10275.0,2023-11-25 13:30:25,Sunglasses,Accessories,1,35.0,35.0
INV104062,10713.0,2023-11-25 15:26:55,Smart Watch,Electronics,1,129.99,129.99
INV104063,10284.0,2023-11-25 17:23:25,Bluetooth Speaker,Electronics,2,45.0,90.0
INV104064,10173.0,2023-11-25 19:19:56,Bluetooth Speaker,Electronics,2,45.0,90.0
INV104065,10327.0,2023-11-25 21:16:26,Bluetooth Speaker,Electronics,1,45.0,45.0
INV104066,10718.0,2023-11-25 23:12:56,Leather Wallet,Accessories,1,29.99,29.99
INV104067,10063.0,2023-11-26 01:09:27,Bluetooth Speaker,Electronics,1,45.0,45.0
INV104068,10073.0,2023-11-26 03:05:57,Wireless Earbuds,Electronics,1,59.99,59.99
INV104069,10763.0,2023-11-26 05:02:28,Sunglasses,Accessories,1,35.0,35.0
INV104070,10636.0,2023-11-26 06:58:58,Wireless Earbuds,Electronics,2,59.99,119.98
INV104071,10375.0,2023-11-26 08:55:28,Denim Jacket,Apparel,2,74.99,149.98
INV104072,10633.0,2023-11-26 10:51:59,Smart Watch,Electronics,2,129.99,259.98
INV104073,10508.0,2023-11-26 12:48:29,Backpack,Accessories,1,49.99,49.99
INV104074,10787.0,2023-11-26 14:44:59,Bluetooth Speaker,Electronics,2,45.0,90.0
INV104075,10943.0,2023-11-26 16:41:30,Running Shoes,Footwear,1,89.99,89.99
INV104076,10398.0,2023-11-26 18:38:00,Running Shoes,Footwear,1,89.99,89.99
INV104077,10120.0,2023-11-26 20:34:30,Smart Watch,Electronics,2,129.99,259.98
INV104078,10934.0,2023-11-26 22:31:01,Denim Jacket,Apparel,1,74.99,74.99
INV104079,10437.0,2023-11-27 00:27:31,Running Shoes,Footwear,2,89.99,179.98
INV104080,10829.0,2023-11-27 02:24:01,Wireless Earbuds,Electronics,2,59.99,119.98
INV104081,10676.0,2023-11-27 04:20:32,Stainless Steel Bottle,Fitness,4,19.99,79.96
INV104082,10936.0,2023-11-27 06:17:02,Leather Wallet,Accessories,5,29.99,149.95
INV104083,10465.0,2023-11-27 08:13:32,Yoga Mat,Fitness,1,24.99,24.99
INV104084,10286.0,2023-11-27 10:10:03,Running Shoes,Footwear,10,89.99,899.9
INV104085,10265.0,2023-11-27 12:06:33,Backpack,Accessories,2,49.99,99.98
INV104086,10320.0,2023-11-27 14:03:04,Bluetooth Speaker,Electronics,2,45.0,90.0
INV104087,10673.0,2023-11-27 15:59:34,Backpack,Accessories,1,49.99,49.99
INV104088,10376.0,2023-11-27 17:56:04,Sunglasses,Accessories,3,35.0,105.0
INV104089,10820.0,2023-11-27 19:52:35,Leather Wallet,Accessories,1,29.99,29.99
INV104090,10089.0,2023-11-27 21:49:05,Wireless Earbuds,Electronics,3,59.99,179.97
INV104091,10654.0,2023-11-27 23:45:35,Denim Jacket,Apparel,1,74.99,74.99
INV104092,10203.0,2023-11-28 01:42:06,Leather Wallet,Accessories,2,29.99,59.98
INV104093,10821.0,2023-11-28 03:38:36,Yoga Mat,Fitness,1,24.99,24.99
INV104094,10739.0,2023-11-28 05:35:06,Stainless Steel Bottle,Fitness,1,19.99,19.99
INV104095,10334.0,2023-11-28 07:31:37,Running Shoes,Footwear,1,89.99,89.99
INV104096,10222.0,2023-11-28 09:28:07,Denim Jacket,Apparel,1,74.99,74.99
INV104097,10041.0,2023-11-28 11:24:37,Denim Jacket,Apparel,1,74.99,74.99
INV104098,10708.0,2023-11-28 13:21:08,Running Shoes,Footwear,1,89.99,89.99
INV104099,10068.0,2023-11-28 15:17:38,Running Shoes,Footwear,2,89.99,179.98
INV104100,10776.0,2023-11-28 17:14:08,Running Shoes,Footwear,3,89.99,269.96999999999997
INV104101,10514.0,2023-11-28 19:10:39,Running Shoes,Footwear,2,89.99,179.98
INV104102,10873.0,2023-11-28 21:07:09,Running Shoes,Footwear,1,89.99,89.99
INV104103,10637.0,2023-11-28 23:03:40,Denim Jacket,Apparel,1,74.99,74.99
INV104104,10622.0,2023-11-29 01:00:10,Smart Watch,Electronics,1,129.99,129.99
INV104105,10598.0,2023-11-29 02:56:40,Smart Watch,Electronics,4,129.99,519.96
INV104106,10937.0,2023-11-29 04:53:11,Backpack,Accessories,3,49.99,149.97
INV104107,10632.0,2023-11-29 06:49:41,Smart Watch,Electronics,1,129.99,129.99
INV104108,10127.0,2023-11-29 08:46:11,Yoga Mat,Fitness,1,24.99,24.99
INV104109,10255.0,2023-11-29 10:42:42,Smart Watch,Electronics,4,129.99,519.96
INV104110,10695.0,2023-11-29 12:39:12,Denim Jacket,Apparel,4,74.99,299.96
INV104111,10016.0,2023-11-29 14:35:42,Running Shoes,Footwear,3,89.99,269.96999999999997
INV104112,10477.0,2023-11-29 16:32:13,Bluetooth Speaker,Electronics,3,45.0,135.0
INV104113,10062.0,2023-11-29 18:28:43,Bluetooth Speaker,Electronics,1,45.0,45.0
INV104114,10881.0,2023-11-29 20:25:13,Yoga Mat,Fitness,1,24.99,24.99
INV104115,10432.0,2023-11-29 22:21:44,Sunglasses,Accessories,1,35.0,35.0
INV104116,10670.0,2023-11-30 00:18:14,Denim Jacket,Apparel,1,74.99,74.99
INV104117,10268.0,2023-11-30 02:14:44,Wireless Earbuds,Electronics,1,59.99,59.99
INV104118,10035.0,2023-11-30 04:11:15,Leather Wallet,Accessories,2,29.99,59.98
INV104119,10779.0,2023-11-30 06:07:45,Backpack,Accessories,1,49.99,49.99
INV104120,10576.0,2023-11-30 08:04:16,Wireless Earbuds,Electronics,1,59.99,59.99
INV104121,10494.0,2023-11-30 10:00:46,Denim Jacket,Apparel,1,74.99,74.99
INV104122,10562.0,2023-11-30 11:57:16,Smart Watch,Electronics,1,129.99,129.99
INV104123,10469.0,2023-11-30 13:53:47,Running Shoes,Footwear,1,89.99,89.99
INV104124,10767.0,2023-11-30 15:50:17,Wireless Earbuds,Electronics,3,59.99,179.97
INV104125,10661.0,2023-11-30 17:46:47,Leather Wallet,Accessories,3,29.99,89.97
INV104126,10325.0,2023-11-30 19:43:18,Sunglasses,Accessories,1,35.0,35.0
INV104127,10304.0,2023-11-30 21:39:48,Bluetooth Speaker,Electronics,2,45.0,90.0
INV104128,10276.0,2023-11-30 23:36:18,Sunglasses,Accessories,1,35.0,35.0
INV104129,10869.0,2023-12-01 01:32:49,Leather Wallet,Accessories,2,29.99,59.98
INV104130,10684.0,2023-12-01 03:29:19,Running Shoes,Footwear,1,89.99,89.99
INV104131,10929.0,2023-12-01 05:25:49,Smart Watch,Electronics,1,129.99,129.99
INV104132,10201.0,2023-12-01 07:22:20,Leather Wallet,Accessories,4,29.99,119.96
INV104133,10445.0,2023-12-01 09:18:50,Backpack,Accessories,1,49.99,49.99
INV104134,10905.0,2023-12-01 11:15:21,Leather Wallet,Accessories,1,29.99,29.99
INV104135,10324.0,2023-12-01 13:11:51,Denim Jacket,Apparel,1,74.99,74.99
INV104136,10035.0,2023-12-01 15:08:21,Smart Watch,Electronics,1,129.99,129.99
INV104137,10482.0,2023-12-01 17:04:52,Running Shoes,Footwear,1,89.99,89.99
INV104138,10728.0,2023-12-01 19:01:22,Bluetooth Speaker,Electronics,3,45.0,135.0
INV104139,10480.0,2023-12-01 20:57:52,Bluetooth Speaker,Electronics,2,45.0,90.0
INV104140,10065.0,2023-12-01 22:54:23,Leather Wallet,Accessories,2,29.99,59.98
INV104141,10008.0,2023-12-02 00:50:53,Denim Jacket,Apparel,1,74.99,74.99
INV104142,10301.0,2023-12-02 02:47:23,Wireless Earbuds,Electronics,1,59.99,59.99
INV104143,10343.0,2023-12-02 04:43:54,Sunglasses,Accessories,1,35.0,35.0
INV104144,10431.0,2023-12-02 06:40:24,Sunglasses,Accessories,1,35.0,35.0
INV104145,10424.0,2023-12-02 08:36:54,Sunglasses,Accessories,2,35.0,70.0
INV104146,10332.0,2023-12-02 10:33:25,Wireless Earbuds,Electronics,1,59.99,59.99
INV104147,10438.0,2023-12-02 12:29:55,Denim Jacket,Apparel,4,74.99,299.96
INV104148,10588.0,2023-12-02 14:26:25,Sunglasses,Accessories,1,35.0,35.0
INV104149,10174.0,2023-12-02 16:22:56,Backpack,Accessories,1,49.99,49.99
INV104150,10559.0,2023-12-02 18:19:26,Wireless Earbuds,Electronics,1,59.99,59.99
INV104151,10527.0,2023-12-02 20:15:57,Wireless Earbuds,Electronics,1,59.99,59.99
INV104152,10873.0,2023-12-02 22:12:27,Running Shoes,Footwear,1,89.99,89.99
INV104153,10659.0,2023-12-03 00:08:57,Running Shoes,Footwear,1,89.99,89.99
INV104154,10026.0,2023-12-03 02:05:28,Smart Watch,Electronics,1,129.99,129.99
INV104155,10820.0,2023-12-03 04:01:58,Backpack,Accessories,2,49.99,99.98
INV104156,10605.0,2023-12-03 05:58:28,Backpack,Accessories,2,49.99,99.98
INV104157,10406.0,2023-12-03 07:54:59,Smart Watch,Electronics,1,129.99,129.99
INV104158,10232.0,2023-12-03 09:51:29,Backpack,Accessories,1,49.99,49.99
INV104159,10533.0,2023-12-03 11:47:59,Yoga Mat,Fitness,2,24.99,49.98
INV104160,10819.0,2023-12-03 13:44:30,Stainless Steel Bottle,Fitness,8,19.99,159.92
INV104161,10550.0,2023-12-03 15:41:00,Sunglasses,Accessories,2,35.0,70.0
INV104162,10788.0,2023-12-03 17:37:30,Running Shoes,Footwear,1,89.99,89.99
INV104163,10505.0,2023-12-03 19:34:01,Smart Watch,Electronics,2,129.99,259.98
INV104164,10669.0,2023-12-03 21:30:31,Smart Watch,Electronics,2,129.99,259.98
INV104165,10179.0,2023-12-03 23:27:01,Backpack,Accessories,1,49.99,49.99
INV104166,10132.0,2023-12-04 01:23:32,Wireless Earbuds,Electronics,3,59.99,179.97
INV104167,10823.0,2023-12-04 03:20:02,Bluetooth Speaker,Electronics,1,45.0,45.0
INV104168,10455.0,2023-12-04 05:16:33,Leather Wallet,Accessories,5,29.99,149.95
INV104169,10348.0,2023-12-04 07:13:03,Leather Wallet,Accessories,2,29.99,59.98
INV104170,10540.0,2023-12-04 09:09:33,Smart Watch,Electronics,2,129.99,259.98
INV104171,10772.0,2023-12-04 11:06:04,Sunglasses,Accessories,2,35.0,70.0
INV104172,10406.0,2023-12-04 13:02:34,Yoga Mat,Fitness,1,24.99,24.99
INV104173,10076.0,2023-12-04 14:59:04,Sunglasses,Accessories,2,35.0,70.0
INV104174,10941.0,2023-12-04 16:55:35,Smart Watch,Electronics,3,129.99,389.97
INV104175,10579.0,2023-12-04 18:52:05,Sunglasses,Accessories,2,35.0,70.0
INV104176,10854.0,2023-12-04 20:48:35,Running Shoes,Footwear,4,89.99,359.96
INV104177,10492.0,2023-12-04 22:45:06,Sunglasses,Accessories,4,35.0,140.0
INV104178,10194.0,2023-12-05 00:41:36,Backpack,Accessories,5,49.99,249.95000000000002
INV104179,10162.0,2023-12-05 02:38:06,Backpack,Accessories,2,49.99,99.98
INV104180,10347.0,2023-12-05 04:34:37,Yoga Mat,Fitness,2,24.99,49.98
INV104181,10361.0,2023-12-05 06:31:07,Running Shoes,Footwear,1,89.99,89.99
INV104182,10769.0,2023-12-05 08:27:37,Bluetooth Speaker,Electronics,2,45.0,90.0
INV104183,10584.0,2023-12-05 10:24:08,Wireless Earbuds,Electronics,1,59.99,59.99
INV104184,10087.0,2023-12-05 12:20:38,Running Shoes,Footwear,1,89.99,89.99
INV104185,10934.0,2023-12-05 14:17:09,Denim Jacket,Apparel,1,74.99,74.99
INV104186,10262.0,2023-12-05 16:13:39,Stainless Steel Bottle,Fitness,4,19.99,79.96
INV104187,10214.0,2023-12-05 18:10:09,Smart Watch,Electronics,3,129.99,389.97
INV104188,10665.0,2023-12-05 20:06:40,Denim Jacket,Apparel,2,74.99,149.98
INV104189,10722.0,2023-12-05 22:03:10,Yoga Mat,Fitness,1,24.99,24.99
INV104190,10913.0,2023-12-05 23:59:40,Denim Jacket,Apparel,2,74.99,149.98
INV104191,10573.0,2023-12-06 01:56:11,Backpack,Accessories,2,49.99,99.98
INV104192,10780.0,2023-12-06 03:52:41,Sunglasses,Accessories,1,35.0,35.0
INV104193,,2023-12-06 05:49:11,Wireless Earbuds,Electronics,1,59.99,59.99
INV104194,10730.0,2023-12-06 07:45:42,Leather Wallet,Accessories,1,29.99,29.99
INV104195,10283.0,2023-12-06 09:42:12,Smart Watch,Electronics,2,129.99,259.98
INV104196,10648.0,2023-12-06 11:38:42,Leather Wallet,Accessories,2,29.99,59.98
INV104197,10467.0,2023-12-06 13:35:13,Sunglasses,Accessories,1,35.0,35.0
INV104198,10380.0,2023-12-06 15:31:43,Backpack,Accessories,5,49.99,249.95000000000002
INV104199,10362.0,2023-12-06 17:28:13,Backpack,Accessories,1,49.99,49.99
INV104200,10449.0,2023-12-06 19:24:44,Sunglasses,Accessories,1,35.0,35.0
INV104201,10441.0,2023-12-06 21:21:14,Smart Watch,Electronics,1,129.99,129.99
INV104202,10093.0,2023-12-06 23:17:45,Leather Wallet,Accessories,1,29.99,29.99
INV104203,10621.0,2023-12-07 01:14:15,Running Shoes,Footwear,1,89.99,89.99
INV104204,10753.0,2023-12-07 03:10:45,Backpack,Accessories,1,49.99,49.99
INV104205,10867.0,2023-12-07 05:07:16,Leather Wallet,Accessories,2,29.99,59.98
INV104206,10424.0,2023-12-07 07:03:46,Bluetooth Speaker,Electronics,1,45.0,45.0
INV104207,10142.0,2023-12-07 09:00:16,Leather Wallet,Accessories,2,29.99,59.98
INV104208,10291.0,2023-12-07 10:56:47,Bluetooth Speaker,Electronics,2,45.0,90.0
INV104209,10432.0,2023-12-07 12:53:17,Bluetooth Speaker,Electronics,1,45.0,45.0
INV104210,10749.0,2023-12-07 14:49:47,Backpack,Accessories,3,49.99,149.97
INV104211,10852.0,2023-12-07 16:46:18,Smart Watch,Electronics,1,129.99,129.99
INV104212,10824.0,2023-12-07 18:42:48,Yoga Mat,Fitness,3,24.99,74.97
INV104213,10689.0,2023-12-07 20:39:18,Backpack,Accessories,4,49.99,199.96
INV104214,10653.0,2023-12-07 22:35:49,Smart Watch,Electronics,1,129.99,129.99
INV104215,10701.0,2023-12-08 00:32:19,Smart Watch,Electronics,4,129.99,519.96
INV104216,10049.0,2023-12-08 02:28:49,Denim Jacket,Apparel,3,74.99,224.96999999999997
INV104217,10302.0,2023-12-08 04:25:20,Sunglasses,Accessories,4,35.0,140.0
INV104218,10881.0,2023-12-08 06:21:50,Sunglasses,Accessories,2,35.0,70.0
INV104219,10190.0,2023-12-08 08:18:21,Sunglasses,Accessories,1,35.0,35.0
INV104220,10136.0,2023-12-08 10:14:51,Stainless Steel Bottle,Fitness,4,19.99,79.96
INV104221,10555.0,2023-12-08 12:11:21,Backpack,Accessories,1,49.99,49.99
INV104222,10404.0,2023-12-08 14:07:52,Smart Watch,Electronics,1,129.99,129.99
INV104223,10892.0,2023-12-08 16:04:22,Denim Jacket,Apparel,1,74.99,74.99
INV104224,10865.0,2023-12-08 18:00:52,Bluetooth Speaker,Electronics,1,45.0,45.0
INV104225,10602.0,2023-12-08 19:57:23,Yoga Mat,Fitness,2,24.99,49.98
INV104226,10807.0,2023-12-08 21:53:53,Yoga Mat,Fitness,2,24.99,49.98
INV104227,10341.0,2023-12-08 23:50:23,Bluetooth Speaker,Electronics,4,45.0,180.0
INV104228,10757.0,2023-12-09 01:46:54,Leather Wallet,Accessories,1,29.99,29.99
INV104229,10945.0,2023-12-09 03:43:24,Leather Wallet,Accessories,5,29.99,149.95
INV104230,10704.0,2023-12-09 05:39:54,Sunglasses,Accessories,4,35.0,140.0
INV104231,10318.0,2023-12-09 07:36:25,Backpack,Accessories,1,49.99,49.99
INV104232,10618.0,2023-12-09 09:32:55,Stainless Steel Bottle,Fitness,1,19.99,19.99
INV104233,10363.0,2023-12-09 11:29:25,Denim Jacket,Apparel,3,74.99,224.96999999999997
INV104234,10822.0,2023-12-09 13:25:56,Yoga Mat,Fitness,2,24.99,49.98
INV104235,10382.0,2023-12-09 15:22:26,Sunglasses,Accessories,3,35.0,105.0
INV104236,10233.0,2023-12-09 17:18:57,Wireless Earbuds,Electronics,2,59.99,119.98
INV104237,10777.0,2023-12-09 19:15:27,Sunglasses,Accessories,1,35.0,35.0
INV104238,10344.0,2023-12-09 21:11:57,Wireless Earbuds,Electronics,1,59.99,59.99
INV104239,10549.0,2023-12-09 23:08:28,Running Shoes,Footwear,2,89.99,179.98
INV104240,10817.0,2023-12-10 01:04:58,Smart Watch,Electronics,1,129.99,129.99
INV104241,10553.0,2023-12-10 03:01:28,Bluetooth Speaker,Electronics,2,45.0,90.0
INV104242,10529.0,2023-12-10 04:57:59,Smart Watch,Electronics,3,129.99,389.97
INV104243,10856.0,2023-12-10 06:54:29,Sunglasses,Accessories,2,35.0,70.0
INV104244,10789.0,2023-12-10 08:50:59,Smart Watch,Electronics,10,129.99,1299.9
INV104245,10819.0,2023-12-10 10:47:30,Denim Jacket,Apparel,1,74.99,74.99
INV104246,10571.0,2023-12-10 12:44:00,Running Shoes,Footwear,2,89.99,179.98
INV104247,10935.0,2023-12-10 14:40:30,Stainless Steel Bottle,Fitness,2,19.99,39.98
INV104248,10183.0,2023-12-10 16:37:01,Running Shoes,Footwear,10,89.99,899.9
INV104249,10041.0,2023-12-10 18:33:31,Yoga Mat,Fitness,2,24.99,49.98
INV104250,10551.0,2023-12-10 20:30:02,Denim Jacket,Apparel,1,74.99,74.99
INV104251,,2023-12-10 22:26:32,Smart Watch,Electronics,5,129.99,649.95
INV104252,10704.0,2023-12-11 00:23:02,Stainless Steel Bottle,Fitness,2,19.99,39.98
INV104253,10779.0,2023-12-11 02:19:33,Smart Watch,Electronics,1,129.99,129.99
INV104254,10494.0,2023-12-11 04:16:03,Backpack,Accessories,2,49.99,99.98
INV104255,10659.0,2023-12-11 06:12:33,Backpack,Accessories,4,49.99,199.96
INV104256,10907.0,2023-12-11 08:09:04,Leather Wallet,Accessories,2,29.99,59.98
INV104257,10333.0,2023-12-11 10:05:34,Running Shoes,Footwear,1,89.99,89.99
INV104258,10127.0,2023-12-11 12:02:04,Stainless Steel Bottle,Fitness,3,19.99,59.97
INV104259,10558.0,2023-12-11 13:58:35,Backpack,Accessories,3,49.99,149.97
INV104260,10557.0,2023-12-11 15:55:05,Leather Wallet,Accessories,2,29.99,59.98
INV104261,10001.0,2023-12-11 17:51:35,Denim Jacket,Apparel,1,74.99,74.99
INV104262,10168.0,2023-12-11 19:48:06,Stainless Steel Bottle,Fitness,1,19.99,19.99
INV104263,10620.0,2023-12-11 21:44:36,Leather Wallet,Accessories,2,29.99,59.98
INV104264,10019.0,2023-12-11 23:41:06,Bluetooth Speaker,Electronics,3,45.0,135.0
INV104265,10332.0,2023-12-12 01:37:37,Stainless Steel Bottle,Fitness,1,19.99,19.99
INV104266,10584.0,2023-12-12 03:34:07,Sunglasses,Accessories,1,35.0,35.0
INV104267,10456.0,2023-12-12 05:30:38,Leather Wallet,Accessories,1,29.99,29.99
INV104268,10109.0,2023-12-12 07:27:08,Smart Watch,Electronics,2,129.99,259.98
INV104269,10268.0,2023-12-12 09:23:38,Sunglasses,Accessories,1,35.0,35.0
INV104270,10445.0,2023-12-12 11:20:09,Bluetooth Speaker,Electronics,1,45.0,45.0
INV104271,10240.0,2023-12-12 13:16:39,Backpack,Accessories,1,49.99,49.99
INV104272,10929.0,2023-12-12 15:13:09,Wireless Earbuds,Electronics,2,59.99,119.98
INV104273,10301.0,2023-12-12 17:09:40,Leather Wallet,Accessories,1,29.99,29.99
INV104274,10602.0,2023-12-12 19:06:10,Denim Jacket,Apparel,1,74.99,74.99
INV104275,10103.0,2023-12-12 21:02:40,Leather Wallet,Accessories,4,29.99,119.96
INV104276,10250.0,2023-12-12 22:59:11,Wireless Earbuds,Electronics,1,59.99,59.99
INV104277,10453.0,2023-12-13 00:55:41,Bluetooth Speaker,Electronics,1,45.0,45.0
INV104278,10520.0,2023-12-13 02:52:11,Bluetooth Speaker,Electronics,5,45.0,225.0
INV104279,10153.0,2023-12-13 04:48:42,Sunglasses,Accessories,1,35.0,35.0
INV104280,10859.0,2023-12-13 06:45:12,Stainless Steel Bottle,Fitness,2,19.99,39.98
INV104281,10174.0,2023-12-13 08:41:42,Denim Jacket,Apparel,1,74.99,74.99
INV104282,10343.0,2023-12-13 10:38:13,Sunglasses,Accessories,3,35.0,105.0
INV104283,10670.0,2023-12-13 12:34:43,Denim Jacket,Apparel,1,74.99,74.99
INV104284,10431.0,2023-12-13 14:31:14,Denim Jacket,Apparel,3,74.99,224.96999999999997
INV104285,10727.0,2023-12-13 16:27:44,Wireless Earbuds,Electronics,1,59.99,59.99
INV104286,10689.0,2023-12-13 18:24:14,Sunglasses,Accessories,1,35.0,35.0
INV104287,10687.0,2023-12-13 20:20:45,Denim Jacket,Apparel,3,74.99,224.96999999999997
INV104288,10852.0,2023-12-13 22:17:15,Yoga Mat,Fitness,5,24.99,124.94999999999999
INV104289,10850.0,2023-12-14 00:13:45,Wireless Earbuds,Electronics,1,59.99,59.99
INV104290,10658.0,2023-12-14 02:10:16,Bluetooth Speaker,Electronics,3,45.0,135.0
INV104291,10324.0,2023-12-14 04:06:46,Wireless Earbuds,Electronics,1,59.99,59.99
INV104292,10673.0,2023-12-14 06:03:16,Smart Watch,Electronics,2,129.99,259.98
INV104293,10639.0,2023-12-14 07:59:47,Smart Watch,Electronics,1,129.99,129.99
INV104294,10420.0,2023-12-14 09:56:17,Denim Jacket,Apparel,2,74.99,149.98
INV104295,10594.0,2023-12-14 11:52:47,Sunglasses,Accessories,1,35.0,35.0
INV104296,10485.0,2023-12-14 13:49:18,Bluetooth Speaker,Electronics,1,45.0,45.0
INV104297,10659.0,2023-12-14 15:45:48,Wireless Earbuds,Electronics,1,59.99,59.99
INV104298,10751.0,2023-12-14 17:42:18,Sunglasses,Accessories,1,35.0,35.0
INV104299,10412.0,2023-12-14 19:38:49,Wireless Earbuds,Electronics,4,59.99,239.96
INV104300,10936.0,2023-12-14 21:35:19,Wireless Earbuds,Electronics,10,59.99,599.9
INV104301,10084.0,2023-12-14 23:31:50,Yoga Mat,Fitness,3,24.99,74.97
INV104302,10113.0,2023-12-15 01:28:20,Smart Watch,Electronics,1,129.99,129.99
INV104303,10737.0,2023-12-15 03:24:50,Wireless Earbuds,Electronics,1,59.99,59.99
INV104304,10332.0,2023-12-15 05:21:21,Yoga Mat,Fitness,2,24.99,49.98
INV104305,10378.0,2023-12-15 07:17:51,Smart Watch,Electronics,5,129.99,649.95
INV104306,10755.0,2023-12-15 09:14:21,Yoga Mat,Fitness,1,24.99,24.99
INV104307,10655.0,2023-12-15 11:10:52,Sunglasses,Accessories,3,35.0,105.0
INV104308,10041.0,2023-12-15 13:07:22,Stainless Steel Bottle,Fitness,5,19.99,99.94999999999999
INV104309,10935.0,2023-12-15 15:03:52,Smart Watch,Electronics,4,129.99,519.96
INV104310,10770.0,2023-12-15 17:00:23,Backpack,Accessories,1,49.99,49.99
INV104311,10797.0,2023-12-15 18:56:53,Stainless Steel Bottle,Fitness,1,19.99,19.99
INV104312,10105.0,2023-12-15 20:53:23,Sunglasses,Accessories,1,35.0,35.0
INV104313,10202.0,2023-12-15 22:49:54,Wireless Earbuds,Electronics,2,59.99,119.98
INV104314,10450.0,2023-12-16 00:46:24,Bluetooth Speaker,Electronics,1,45.0,45.0
INV104315,10819.0,2023-12-16 02:42:54,Sunglasses,Accessories,1,35.0,35.0
INV104316,10843.0,2023-12-16 04:39:25,Yoga Mat,Fitness,3,24.99,74.97
INV104317,10266.0,2023-12-16 06:35:55,Yoga Mat,Fitness,1,24.99,24.99
INV104318,10910.0,2023-12-16 08:32:26,Yoga Mat,Fitness,1,24.99,24.99
INV104319,10210.0,2023-12-16 10:28:56,Yoga Mat,Fitness,2,24.99,49.98
INV104320,10563.0,2023-12-16 12:25:26,Sunglasses,Accessories,2,35.0,70.0
INV104321,10118.0,2023-12-16 14:21:57,Bluetooth Speaker,Electronics,3,45.0,135.0
INV104322,10713.0,2023-12-16 16:18:27,Leather Wallet,Accessories,1,29.99,29.99
INV104323,10377.0,2023-12-16 18:14:57,Yoga Mat,Fitness,2,24.99,49.98
INV104324,10551.0,2023-12-16 20:11:28,Leather Wallet,Accessories,2,29.99,59.98
INV104325,10540.0,2023-12-16 22:07:58,Bluetooth Speaker,Electronics,1,45.0,45.0
INV104326,10771.0,2023-12-17 00:04:28,Bluetooth Speaker,Electronics,3,45.0,135.0
INV104327,10084.0,2023-12-17 02:00:59,Stainless Steel Bottle,Fitness,1,19.99,19.99
INV104328,10454.0,2023-12-17 03:57:29,Smart Watch,Electronics,1,129.99,129.99
INV104329,10667.0,2023-12-17 05:53:59,Backpack,Accessories,1,49.99,49.99
INV104330,10629.0,2023-12-17 07:50:30,Denim Jacket,Apparel,1,74.99,74.99
INV104331,10514.0,2023-12-17 09:47:00,Backpack,Accessories,1,49.99,49.99
INV104332,10605.0,2023-12-17 11:43:30,Sunglasses,Accessories,3,35.0,105.0
INV104333,10678.0,2023-12-17 13:40:01,Denim Jacket,Apparel,1,74.99,74.99
INV104334,10387.0,2023-12-17 15:36:31,Bluetooth Speaker,Electronics,5,45.0,225.0
INV104335,10912.0,2023-12-17 17:33:02,Backpack,Accessories,2,49.99,99.98
INV104336,10350.0,2023-12-17 19:29:32,Running Shoes,Footwear,1,89.99,89.99
INV104337,10296.0,2023-12-17 21:26:02,Smart Watch,Electronics,1,129.99,129.99
INV104338,10258.0,2023-12-17 23:22:33,Backpack,Accessories,2,49.99,99.98
INV104339,10081.0,2023-12-18 01:19:03,Smart Watch,Electronics,2,129.99,259.98
INV104340,10937.0,2023-12-18 03:15:33,Leather Wallet,Accessories,1,29.99,29.99
INV104341,10268.0,2023-12-18 05:12:04,Sunglasses,Accessories,1,35.0,35.0
INV104342,10419.0,2023-12-18 07:08:34,Smart Watch,Electronics,3,129.99,389.97
INV104343,10235.0,2023-12-18 09:05:04,Leather Wallet,Accessories,1,29.99,29.99
INV104344,10833.0,2023-12-18 11:01:35,Yoga Mat,Fitness,3,24.99,74.97
INV104345,10311.0,2023-12-18 12:58:05,Leather Wallet,Accessories,2,29.99,59.98
INV104346,10813.0,2023-12-18 14:54:35,Sunglasses,Accessories,1,35.0,35.0
INV104347,10357.0,2023-12-18 16:51:06,Stainless Steel Bottle,Fitness,1,19.99,19.99
INV104348,10213.0,2023-12-18 18:47:36,Yoga Mat,Fitness,1,24.99,24.99
INV104349,10574.0,2023-12-18 20:44:06,Bluetooth Speaker,Electronics,3,45.0,135.0
INV104350,10049.0,2023-12-18 22:40:37,Wireless Earbuds,Electronics,1,59.99,59.99
INV104351,10127.0,2023-12-19 00:37:07,Leather Wallet,Accessories,1,29.99,29.99
INV104352,10223.0,2023-12-19 02:33:38,Leather Wallet,Accessories,2,29.99,59.98
INV104353,10921.0,2023-12-19 04:30:08,Smart Watch,Electronics,1,129.99,129.99
INV104354,10279.0,2023-12-19 06:26:38,Bluetooth Speaker,Electronics,1,45.0,45.0
INV104355,10408.0,2023-12-19 08:23:09,Backpack,Accessories,3,49.99,149.97
INV104356,10505.0,2023-12-19 10:19:39,Running Shoes,Footwear,1,89.99,89.99
INV104357,10294.0,2023-12-19 12:16:09,Denim Jacket,Apparel,5,74.99,374.95
INV104358,10796.0,2023-12-19 14:12:40,Leather Wallet,Accessories,3,29.99,89.97
INV104359,10277.0,2023-12-19 16:09:10,Backpack,Accessories,1,49.99,49.99
INV104360,10438.0,2023-12-19 18:05:40,Running Shoes,Footwear,1,89.99,89.99
INV104361,10107.0,2023-12-19 20:02:11,Denim Jacket,Apparel,1,74.99,74.99
INV104362,10658.0,2023-12-19 21:58:41,Wireless Earbuds,Electronics,2,59.99,119.98
INV104363,10420.0,2023-12-19 23:55:11,Smart Watch,Electronics,1,129.99,129.99
INV104364,10611.0,2023-12-20 01:51:42,Backpack,Accessories,5,49.99,249.95000000000002
INV104365,10429.0,2023-12-20 03:48:12,Smart Watch,Electronics,2,129.99,259.98
INV104366,10375.0,2023-12-20 05:44:42,Denim Jacket,Apparel,1,74.99,74.99
INV104367,10073.0,2023-12-20 07:41:13,Stainless Steel Bottle,Fitness,2,19.99,39.98
INV104368,10949.0,2023-12-20 09:37:43,Leather Wallet,Accessories,1,29.99,29.99
INV104369,10634.0,2023-12-20 11:34:14,Yoga Mat,Fitness,3,24.99,74.97
INV104370,10030.0,2023-12-20 13:30:44,Running Shoes,Footwear,2,89.99,179.98
INV104371,10188.0,2023-12-20 15:27:14,Bluetooth Speaker,Electronics,1,45.0,45.0
INV104372,10364.0,2023-12-20 17:23:45,Sunglasses,Accessories,1,35.0,35.0
INV104373,10866.0,2023-12-20 19:20:15,Leather Wallet,Accessories,3,29.99,89.97
INV104374,10800.0,2023-12-20 21:16:45,Yoga Mat,Fitness,2,24.99,49.98
INV104375,10451.0,2023-12-20 23:13:16,Sunglasses,Accessories,5,35.0,175.0
INV104376,10195.0,2023-12-21 01:09:46,Backpack,Accessories,1,49.99,49.99
INV104377,10156.0,2023-12-21 03:06:16,Sunglasses,Accessories,1,35.0,35.0
INV104378,10172.0,2023-12-21 05:02:47,Wireless Earbuds,Electronics,1,59.99,59.99
INV104379,10847.0,2023-12-21 06:59:17,Leather Wallet,Accessories,2,29.99,59.98
INV104380,10041.0,2023-12-21 08:55:47,Smart Watch,Electronics,1,129.99,129.99
INV104381,10063.0,2023-12-21 10:52:18,Stainless Steel Bottle,Fitness,1,19.99,19.99
INV104382,10023.0,2023-12-21 12:48:48,Bluetooth Speaker,Electronics,2,45.0,90.0
INV104383,10360.0,2023-12-21 14:45:19,Smart Watch,Electronics,2,129.99,259.98
INV104384,10075.0,2023-12-21 16:41:49,Yoga Mat,Fitness,1,24.99,24.99
INV104385,10560.0,2023-12-21 18:38:19,Leather Wallet,Accessories,1,29.99,29.99
INV104386,10672.0,2023-12-21 20:34:50,Stainless Steel Bottle,Fitness,2,19.99,39.98
INV104387,10825.0,2023-12-21 22:31:20,Sunglasses,Accessories,1,35.0,35.0
INV104388,10118.0,2023-12-22 00:27:50,Leather Wallet,Accessories,1,29.99,29.99
INV104389,10612.0,2023-12-22 02:24:21,Sunglasses,Accessories,1,35.0,35.0
INV104390,10380.0,2023-12-22 04:20:51,Backpack,Accessories,2,49.99,99.98
INV104391,10929.0,2023-12-22 06:17:21,Wireless Earbuds,Electronics,3,59.99,179.97
INV104392,10920.0,2023-12-22 08:13:52,Denim Jacket,Apparel,1,74.99,74.99
INV104393,10679.0,2023-12-22 10:10:22,Leather Wallet,Accessories,1,29.99,29.99
INV104394,10290.0,2023-12-22 12:06:52,Yoga Mat,Fitness,4,24.99,99.96
INV104395,10440.0,2023-12-22 14:03:23,Sunglasses,Accessories,10,35.0,350.0
INV104396,10668.0,2023-12-22 15:59:53,Smart Watch,Electronics,2,129.99,259.98
INV104397,10933.0,2023-12-22 17:56:23,Backpack,Accessories,8,49.99,399.92
INV104398,10007.0,2023-12-22 19:52:54,Yoga Mat,Fitness,2,24.99,49.98
INV104399,10196.0,2023-12-22 21:49:24,Bluetooth Speaker,Electronics,2,45.0,90.0
INV104400,10421.0,2023-12-22 23:45:55,Denim Jacket,Apparel,1,74.99,74.99
INV104401,10568.0,2023-12-23 01:42:25,Backpack,Accessories,1,49.99,49.99
INV104402,10833.0,2023-12-23 03:38:55,Wireless Earbuds,Electronics,1,59.99,59.99
INV104403,10193.0,2023-12-23 05:35:26,Denim Jacket,Apparel,3,74.99,224.96999999999997
INV104404,10559.0,2023-12-23 07:31:56,Sunglasses,Accessories,4,35.0,140.0
INV104405,10148.0,2023-12-23 09:28:26,Yoga Mat,Fitness,2,24.99,49.98
INV104406,10787.0,2023-12-23 11:24:57,Bluetooth Speaker,Electronics,1,45.0,45.0
INV104407,10669.0,2023-12-23 13:21:27,Running Shoes,Footwear,1,89.99,89.99
INV104408,10202.0,2023-12-23 15:17:57,Wireless Earbuds,Electronics,1,59.99,59.99
INV104409,10444.0,2023-12-23 17:14:28,Stainless Steel Bottle,Fitness,1,19.99,19.99
INV104410,10914.0,2023-12-23 19:10:58,Sunglasses,Accessories,2,35.0,70.0
INV104411,10419.0,2023-12-23 21:07:28,Running Shoes,Footwear,5,89.99,449.95
INV104412,10427.0,2023-12-23 23:03:59,Leather Wallet,Accessories,1,29.99,29.99
INV104413,10479.0,2023-12-24 01:00:29,Bluetooth Speaker,Electronics,1,45.0,45.0
INV104414,10475.0,2023-12-24 02:56:59,Smart Watch,Electronics,2,129.99,259.98
INV104415,10126.0,2023-12-24 04:53:30,Stainless Steel Bottle,Fitness,1,19.99,19.99
INV104416,10395.0,2023-12-24 06:50:00,Yoga Mat,Fitness,4,24.99,99.96
INV104417,10817.0,2023-12-24 08:46:31,Bluetooth Speaker,Electronics,1,45.0,45.0
INV104418,10881.0,2023-12-24 10:43:01,Denim Jacket,Apparel,1,74.99,74.99
INV104419,10806.0,2023-12-24 12:39:31,Backpack,Accessories,1,49.99,49.99
INV104420,10576.0,2023-12-24 14:36:02,Denim Jacket,Apparel,1,74.99,74.99
INV104421,10325.0,2023-12-24 16:32:32,Denim Jacket,Apparel,2,74.99,149.98
INV104422,10392.0,2023-12-24 18:29:02,Leather Wallet,Accessories,1,29.99,29.99
INV104423,10930.0,2023-12-24 20:25:33,Wireless Earbuds,Electronics,1,59.99,59.99
INV104424,10688.0,2023-12-24 22:22:03,Smart Watch,Electronics,1,129.99,129.99
INV104425,10628.0,2023-12-25 00:18:33,Stainless Steel Bottle,Fitness,1,19.99,19.99
INV104426,10440.0,2023-12-25 02:15:04,Wireless Earbuds,Electronics,1,59.99,59.99
INV104427,10204.0,2023-12-25 04:11:34,Bluetooth Speaker,Electronics,2,45.0,90.0
INV104428,10486.0,2023-12-25 06:08:04,Denim Jacket,Apparel,2,74.99,149.98
INV104429,10833.0,2023-12-25 08:04:35,Leather Wallet,Accessories,5,29.99,149.95
INV104430,10031.0,2023-12-25 10:01:05,Bluetooth Speaker,Electronics,1,45.0,45.0
INV104431,10388.0,2023-12-25 11:57:35,Backpack,Accessories,1,49.99,49.99
INV104432,10625.0,2023-12-25 13:54:06,Smart Watch,Electronics,1,129.99,129.99
INV104433,10877.0,2023-12-25 15:50:36,Stainless Steel Bottle,Fitness,1,19.99,19.99
INV104434,10434.0,2023-12-25 17:47:07,Backpack,Accessories,2,49.99,99.98
INV104435,10837.0,2023-12-25 19:43:37,Leather Wallet,Accessories,3,29.99,89.97
INV104436,10926.0,2023-12-25 21:40:07,Smart Watch,Electronics,2,129.99,259.98
INV104437,10376.0,2023-12-25 23:36:38,Bluetooth Speaker,Electronics,1,45.0,45.0
INV104438,10344.0,2023-12-26 01:33:08,Denim Jacket,Apparel,1,74.99,74.99
INV104439,10443.0,2023-12-26 03:29:38,Denim Jacket,Apparel,4,74.99,299.96
INV104440,10579.0,2023-12-26 05:26:09,Sunglasses,Accessories,1,35.0,35.0
INV104441,10075.0,2023-12-26 07:22:39,Denim Jacket,Apparel,1,74.99,74.99
INV104442,10557.0,2023-12-26 09:19:09,Running Shoes,Footwear,5,89.99,449.95
INV104443,10772.0,2023-12-26 11:15:40,Denim Jacket,Apparel,2,74.99,149.98
INV104444,10666.0,2023-12-26 13:12:10,Running Shoes,Footwear,2,89.99,179.98
INV104445,10155.0,2023-12-26 15:08:40,Yoga Mat,Fitness,1,24.99,24.99
INV104446,10430.0,2023-12-26 17:05:11,Running Shoes,Footwear,1,89.99,89.99
INV104447,10363.0,2023-12-26 19:01:41,Smart Watch,Electronics,1,129.99,129.99
INV104448,10448.0,2023-12-26 20:58:11,Backpack,Accessories,2,49.99,99.98
INV104449,10234.0,2023-12-26 22:54:42,Smart Watch,Electronics,1,129.99,129.99
INV104450,10563.0,2023-12-27 00:51:12,Backpack,Accessories,3,49.99,149.97
INV104451,10818.0,2023-12-27 02:47:43,Sunglasses,Accessories,3,35.0,105.0
INV104452,10262.0,2023-12-27 04:44:13,Yoga Mat,Fitness,2,24.99,49.98
INV104453,10827.0,2023-12-27 06:40:43,Backpack,Accessories,1,49.99,49.99
INV104454,10125.0,2023-12-27 08:37:14,Backpack,Accessories,1,49.99,49.99
INV104455,10911.0,2023-12-27 10:33:44,Leather Wallet,Accessories,3,29.99,89.97
INV104456,10245.0,2023-12-27 12:30:14,Wireless Earbuds,Electronics,2,59.99,119.98
INV104457,10542.0,2023-12-27 14:26:45,Wireless Earbuds,Electronics,2,59.99,119.98
INV104458,10938.0,2023-12-27 16:23:15,Leather Wallet,Accessories,1,29.99,29.99
INV104459,10485.0,2023-12-27 18:19:45,Denim Jacket,Apparel,2,74.99,149.98
INV104460,10122.0,2023-12-27 20:16:16,Leather Wallet,Accessories,2,29.99,59.98
INV104461,10125.0,2023-12-27 22:12:46,Backpack,Accessories,1,49.99,49.99
INV104462,10549.0,2023-12-28 00:09:16,Backpack,Accessories,2,49.99,99.98
INV104463,10170.0,2023-12-28 02:05:47,Leather Wallet,Accessories,3,29.99,89.97
INV104464,10124.0,2023-12-28 04:02:17,Leather Wallet,Accessories,1,29.99,29.99
INV104465,10869.0,2023-12-28 05:58:47,Denim Jacket,Apparel,1,74.99,74.99
INV104466,10035.0,2023-12-28 07:55:18,Smart Watch,Electronics,2,129.99,259.98
INV104467,10087.0,2023-12-28 09:51:48,Yoga Mat,Fitness,1,24.99,24.99
INV104468,10646.0,2023-12-28 11:48:19,Bluetooth Speaker,Electronics,3,45.0,135.0
INV104469,10708.0,2023-12-28 13:44:49,Backpack,Accessories,2,49.99,99.98
INV104470,10786.0,2023-12-28 15:41:19,Yoga Mat,Fitness,4,24.99,99.96
INV104471,10201.0,2023-12-28 17:37:50,Leather Wallet,Accessories,2,29.99,59.98
INV104472,10369.0,2023-12-28 19:34:20,Denim Jacket,Apparel,1,74.99,74.99
INV104473,10797.0,2023-12-28 21:30:50,Running Shoes,Footwear,1,89.99,89.99
INV104474,10077.0,2023-12-28 23:27:21,Denim Jacket,Apparel,3,74.99,224.96999999999997
INV104475,10059.0,2023-12-29 01:23:51,Stainless Steel Bottle,Fitness,1,19.99,19.99
INV104476,10431.0,2023-12-29 03:20:21,Stainless Steel Bottle,Fitness,2,19.99,39.98
INV104477,10638.0,2023-12-29 05:16:52,Yoga Mat,Fitness,3,24.99,74.97
INV104478,10500.0,2023-12-29 07:13:22,Wireless Earbuds,Electronics,1,59.99,59.99
INV104479,10913.0,2023-12-29 09:09:52,Stainless Steel Bottle,Fitness,1,19.99,19.99
INV104480,10109.0,2023-12-29 11:06:23,Stainless Steel Bottle,Fitness,2,19.99,39.98
INV104481,10736.0,2023-12-29 13:02:53,Smart Watch,Electronics,3,129.99,389.97
INV104482,10278.0,2023-12-29 14:59:23,Running Shoes,Footwear,1,89.99,89.99
INV104483,10068.0,2023-12-29 16:55:54,Smart Watch,Electronics,5,129.99,649.95
INV104484,10069.0,2023-12-29 18:52:24,Running Shoes,Footwear,2,89.99,179.98
INV104485,10165.0,2023-12-29 20:48:55,Sunglasses,Accessories,10,35.0,350.0
INV104486,10489.0,2023-12-29 22:45:25,Bluetooth Speaker,Electronics,1,45.0,45.0
INV104487,10305.0,2023-12-30 00:41:55,Backpack,Accessories,1,49.99,49.99
INV104488,10909.0,2023-12-30 02:38:26,Stainless Steel Bottle,Fitness,3,19.99,59.97
INV104489,10674.0,2023-12-30 04:34:56,Backpack,Accessories,3,49.99,149.97
INV104490,10365.0,2023-12-30 06:31:26,Stainless Steel Bottle,Fitness,1,19.99,19.99
INV104491,10854.0,2023-12-30 08:27:57,Smart Watch,Electronics,2,129.99,259.98
INV104492,10821.0,2023-12-30 10:24:27,Bluetooth Speaker,Electronics,3,45.0,135.0
INV104493,,2023-12-30 12:20:57,Smart Watch,Electronics,1,129.99,129.99
INV104494,10343.0,2023-12-30 14:17:28,Smart Watch,Electronics,2,129.99,259.98
INV104495,10947.0,2023-12-30 16:13:58,Running Shoes,Footwear,3,89.99,269.96999999999997
INV104496,10899.0,2023-12-30 18:10:28,Wireless Earbuds,Electronics,1,59.99,59.99
INV104497,10554.0,2023-12-30 20:06:59,Denim Jacket,Apparel,1,74.99,74.99
INV104498,10354.0,2023-12-30 22:03:29,Yoga Mat,Fitness,3,24.99,74.97
INV104499,10416.0,2023-12-31 00:00:00,Backpack,Accessories,1,49.99,49.99
